fund,scheme_code,scheme_name,date,nav
SBI Focused Fund,119727,SBI FOCUSED FUND - Direct Plan - Growth,2025-01-01,369.7698
SBI Focused Fund,119727,SBI FOCUSED FUND - Direct Plan - Growth,2025-01-02,375.2195
SBI Focused Fund,119727,SBI FOCUSED FUND - Direct Plan - Growth,2025-01-03,373.4889
SBI Focused Fund,119727,SBI FOCUSED FUND - Direct Plan - Growth,2025-01-06,369.5966
SBI Focused Fund,119727,SBI FOCUSED FUND - Direct Plan - Growth,2025-01-07,370.557
SBI Focused Fund,119727,SBI FOCUSED FUND - Direct Plan - Growth,2025-01-08,368.0925
SBI Focused Fund,119727,SBI FOCUSED FUND - Direct Plan - Growth,2025-01-09,366.2209
SBI Focused Fund,119727,SBI FOCUSED FUND - Direct Plan - Growth,2025-01-10,362.4548
SBI Focused Fund,119727,SBI FOCUSED FUND - Direct Plan - Growth,2025-01-13,355.2689
SBI Focused Fund,119727,SBI FOCUSED FUND - Direct Plan - Growth,2025-01-14,359.6606
SBI Focused Fund,119727,SBI FOCUSED FUND - Direct Plan - Growth,2025-01-15,363.873
SBI Focused Fund,119727,SBI FOCUSED FUND - Direct Plan - Growth,2025-01-16,365.5787
SBI Focused Fund,119727,SBI FOCUSED FUND - Direct Plan - Growth,2025-01-17,364.1755
SBI Focused Fund,119727,SBI FOCUSED FUND - Direct Plan - Growth,2025-01-20,366.3443
SBI Focused Fund,119727,SBI FOCUSED FUND - Direct Plan - Growth,2025-01-21,362.7438
SBI Focused Fund,119727,SBI FOCUSED FUND - Direct Plan - Growth,2025-01-22,361.3968
SBI Focused Fund,119727,SBI FOCUSED FUND - Direct Plan - Growth,2025-01-23,363.4401
SBI Focused Fund,119727,SBI FOCUSED FUND - Direct Plan - Growth,2025-01-24,362.5283
SBI Focused Fund,119727,SBI FOCUSED FUND - Direct Plan - Growth,2025-01-27,355.9023
SBI Focused Fund,119727,SBI FOCUSED FUND - Direct Plan - Growth,2025-01-28,358.5525
SBI Focused Fund,119727,SBI FOCUSED FUND - Direct Plan - Growth,2025-01-29,363.3011
SBI Focused Fund,119727,SBI FOCUSED FUND - Direct Plan - Growth,2025-01-30,365.9861
SBI Focused Fund,119727,SBI FOCUSED FUND - Direct Plan - Growth,2025-01-31,368.4066
SBI Focused Fund,119727,SBI FOCUSED FUND - Direct Plan - Growth,2025-02-03,369.0904
SBI Focused Fund,119727,SBI FOCUSED FUND - Direct Plan - Growth,2025-02-04,373.7614
SBI Focused Fund,119727,SBI FOCUSED FUND - Direct Plan - Growth,2025-02-05,371.693
SBI Focused Fund,119727,SBI FOCUSED FUND - Direct Plan - Growth,2025-02-06,369.2957
SBI Focused Fund,119727,SBI FOCUSED FUND - Direct Plan - Growth,2025-02-07,368.3109
SBI Focused Fund,119727,SBI FOCUSED FUND - Direct Plan - Growth,2025-02-10,365.6981
SBI Focused Fund,119727,SBI FOCUSED FUND - Direct Plan - Growth,2025-02-11,359.9983
SBI Focused Fund,119727,SBI FOCUSED FUND - Direct Plan - Growth,2025-02-12,359.2925
SBI Focused Fund,119727,SBI FOCUSED FUND - Direct Plan - Growth,2025-02-13,361.1953
SBI Focused Fund,119727,SBI FOCUSED FUND - Direct Plan - Growth,2025-02-14,358.1315
SBI Focused Fund,119727,SBI FOCUSED FUND - Direct Plan - Growth,2025-02-17,356.9417
SBI Focused Fund,119727,SBI FOCUSED FUND - Direct Plan - Growth,2025-02-18,356.4834
SBI Focused Fund,119727,SBI FOCUSED FUND - Direct Plan - Growth,2025-02-19,359.2206
SBI Focused Fund,119727,SBI FOCUSED FUND - Direct Plan - Growth,2025-02-20,358.2787
SBI Focused Fund,119727,SBI FOCUSED FUND - Direct Plan - Growth,2025-02-21,353.4569
SBI Focused Fund,119727,SBI FOCUSED FUND - Direct Plan - Growth,2025-02-24,351.0601
SBI Focused Fund,119727,SBI FOCUSED FUND - Direct Plan - Growth,2025-02-25,352.2612
SBI Focused Fund,119727,SBI FOCUSED FUND - Direct Plan - Growth,2025-02-27,350.4953
SBI Focused Fund,119727,SBI FOCUSED FUND - Direct Plan - Growth,2025-02-28,344.6082
SBI Focused Fund,119727,SBI FOCUSED FUND - Direct Plan - Growth,2025-03-03,344.0629
SBI Focused Fund,119727,SBI FOCUSED FUND - Direct Plan - Growth,2025-03-04,343.2615
SBI Focused Fund,119727,SBI FOCUSED FUND - Direct Plan - Growth,2025-03-05,347.5627
SBI Focused Fund,119727,SBI FOCUSED FUND - Direct Plan - Growth,2025-03-06,349.9656
SBI Focused Fund,119727,SBI FOCUSED FUND - Direct Plan - Growth,2025-03-07,350.2178
SBI Focused Fund,119727,SBI FOCUSED FUND - Direct Plan - Growth,2025-03-10,346.7919
SBI Focused Fund,119727,SBI FOCUSED FUND - Direct Plan - Growth,2025-03-11,346.802
SBI Focused Fund,119727,SBI FOCUSED FUND - Direct Plan - Growth,2025-03-12,348.3812
SBI Focused Fund,119727,SBI FOCUSED FUND - Direct Plan - Growth,2025-03-13,346.8418
SBI Focused Fund,119727,SBI FOCUSED FUND - Direct Plan - Growth,2025-03-17,350.3061
SBI Focused Fund,119727,SBI FOCUSED FUND - Direct Plan - Growth,2025-03-18,353.9262
SBI Focused Fund,119727,SBI FOCUSED FUND - Direct Plan - Growth,2025-03-19,357.6465
SBI Focused Fund,119727,SBI FOCUSED FUND - Direct Plan - Growth,2025-03-20,358.6857
SBI Focused Fund,119727,SBI FOCUSED FUND - Direct Plan - Growth,2025-03-21,362.1755
SBI Focused Fund,119727,SBI FOCUSED FUND - Direct Plan - Growth,2025-03-24,367.6089
SBI Focused Fund,119727,SBI FOCUSED FUND - Direct Plan - Growth,2025-03-25,367.3841
SBI Focused Fund,119727,SBI FOCUSED FUND - Direct Plan - Growth,2025-03-26,365.3958
SBI Focused Fund,119727,SBI FOCUSED FUND - Direct Plan - Growth,2025-03-27,365.7633
SBI Focused Fund,119727,SBI FOCUSED FUND - Direct Plan - Growth,2025-03-28,365.4658
SBI Focused Fund,119727,SBI FOCUSED FUND - Direct Plan - Growth,2025-03-31,365.101
SBI Focused Fund,119727,SBI FOCUSED FUND - Direct Plan - Growth,2025-04-01,360.9155
SBI Focused Fund,119727,SBI FOCUSED FUND - Direct Plan - Growth,2025-04-02,363.8707
SBI Focused Fund,119727,SBI FOCUSED FUND - Direct Plan - Growth,2025-04-03,363.2481
SBI Focused Fund,119727,SBI FOCUSED FUND - Direct Plan - Growth,2025-04-04,357.6253
SBI Focused Fund,119727,SBI FOCUSED FUND - Direct Plan - Growth,2025-04-07,347.1874
SBI Focused Fund,119727,SBI FOCUSED FUND - Direct Plan - Growth,2025-04-08,352.6369
SBI Focused Fund,119727,SBI FOCUSED FUND - Direct Plan - Growth,2025-04-09,353.4136
SBI Focused Fund,119727,SBI FOCUSED FUND - Direct Plan - Growth,2025-04-11,357.7902
SBI Focused Fund,119727,SBI FOCUSED FUND - Direct Plan - Growth,2025-04-15,366.5461
SBI Focused Fund,119727,SBI FOCUSED FUND - Direct Plan - Growth,2025-04-16,367.4059
SBI Focused Fund,119727,SBI FOCUSED FUND - Direct Plan - Growth,2025-04-17,371.2781
SBI Focused Fund,119727,SBI FOCUSED FUND - Direct Plan - Growth,2025-04-21,374.3687
SBI Focused Fund,119727,SBI FOCUSED FUND - Direct Plan - Growth,2025-04-22,376.8131
SBI Focused Fund,119727,SBI FOCUSED FUND - Direct Plan - Growth,2025-04-23,377.9149
SBI Focused Fund,119727,SBI FOCUSED FUND - Direct Plan - Growth,2025-04-24,378.5905
SBI Focused Fund,119727,SBI FOCUSED FUND - Direct Plan - Growth,2025-04-25,372.6614
SBI Focused Fund,119727,SBI FOCUSED FUND - Direct Plan - Growth,2025-04-28,375.0019
SBI Focused Fund,119727,SBI FOCUSED FUND - Direct Plan - Growth,2025-04-29,375.2389
SBI Focused Fund,119727,SBI FOCUSED FUND - Direct Plan - Growth,2025-04-30,373.312
SBI Focused Fund,119727,SBI FOCUSED FUND - Direct Plan - Growth,2025-05-02,372.0332
SBI Focused Fund,119727,SBI FOCUSED FUND - Direct Plan - Growth,2025-05-05,374.3532
SBI Focused Fund,119727,SBI FOCUSED FUND - Direct Plan - Growth,2025-05-06,373.1363
SBI Focused Fund,119727,SBI FOCUSED FUND - Direct Plan - Growth,2025-05-07,374.5821
SBI Focused Fund,119727,SBI FOCUSED FUND - Direct Plan - Growth,2025-05-08,372.7762
SBI Focused Fund,119727,SBI FOCUSED FUND - Direct Plan - Growth,2025-05-09,370.3449
SBI Focused Fund,119727,SBI FOCUSED FUND - Direct Plan - Growth,2025-05-12,380.7084
SBI Focused Fund,119727,SBI FOCUSED FUND - Direct Plan - Growth,2025-05-13,378.0378
SBI Focused Fund,119727,SBI FOCUSED FUND - Direct Plan - Growth,2025-05-14,379.9244
SBI Focused Fund,119727,SBI FOCUSED FUND - Direct Plan - Growth,2025-05-15,381.9038
SBI Focused Fund,119727,SBI FOCUSED FUND - Direct Plan - Growth,2025-05-16,382.5814
SBI Focused Fund,119727,SBI FOCUSED FUND - Direct Plan - Growth,2025-05-19,383.2389
SBI Focused Fund,119727,SBI FOCUSED FUND - Direct Plan - Growth,2025-05-20,378.7746
SBI Focused Fund,119727,SBI FOCUSED FUND - Direct Plan - Growth,2025-05-21,381.9909
SBI Focused Fund,119727,SBI FOCUSED FUND - Direct Plan - Growth,2025-05-22,382.7848
SBI Focused Fund,119727,SBI FOCUSED FUND - Direct Plan - Growth,2025-05-23,383.7117
SBI Focused Fund,119727,SBI FOCUSED FUND - Direct Plan - Growth,2025-05-26,385.5367
SBI Focused Fund,119727,SBI FOCUSED FUND - Direct Plan - Growth,2025-05-27,384.4741
SBI Focused Fund,119727,SBI FOCUSED FUND - Direct Plan - Growth,2025-05-28,383.9172
SBI Focused Fund,119727,SBI FOCUSED FUND - Direct Plan - Growth,2025-05-29,384.8333
SBI Focused Fund,119727,SBI FOCUSED FUND - Direct Plan - Growth,2025-05-30,385.4063
SBI Focused Fund,119727,SBI FOCUSED FUND - Direct Plan - Growth,2025-05-31,385.4034
SBI Focused Fund,119727,SBI FOCUSED FUND - Direct Plan - Growth,2025-06-02,384.8989
SBI Focused Fund,119727,SBI FOCUSED FUND - Direct Plan - Growth,2025-06-03,384.5
SBI Focused Fund,119727,SBI FOCUSED FUND - Direct Plan - Growth,2025-06-04,387.3987
SBI Focused Fund,119727,SBI FOCUSED FUND - Direct Plan - Growth,2025-06-05,388.2503
SBI Focused Fund,119727,SBI FOCUSED FUND - Direct Plan - Growth,2025-06-06,392.2735
SBI Focused Fund,119727,SBI FOCUSED FUND - Direct Plan - Growth,2025-06-09,394.7206
SBI Focused Fund,119727,SBI FOCUSED FUND - Direct Plan - Growth,2025-06-10,394.7713
SBI Focused Fund,119727,SBI FOCUSED FUND - Direct Plan - Growth,2025-06-11,392.6843
SBI Focused Fund,119727,SBI FOCUSED FUND - Direct Plan - Growth,2025-06-12,390.5433
SBI Focused Fund,119727,SBI FOCUSED FUND - Direct Plan - Growth,2025-06-13,389.1176
SBI Focused Fund,119727,SBI FOCUSED FUND - Direct Plan - Growth,2025-06-16,391.1145
SBI Focused Fund,119727,SBI FOCUSED FUND - Direct Plan - Growth,2025-06-17,389.7488
SBI Focused Fund,119727,SBI FOCUSED FUND - Direct Plan - Growth,2025-06-18,388.2493
SBI Focused Fund,119727,SBI FOCUSED FUND - Direct Plan - Growth,2025-06-19,387.22
SBI Focused Fund,119727,SBI FOCUSED FUND - Direct Plan - Growth,2025-06-20,389.1218
SBI Focused Fund,119727,SBI FOCUSED FUND - Direct Plan - Growth,2025-06-23,389.1186
SBI Focused Fund,119727,SBI FOCUSED FUND - Direct Plan - Growth,2025-06-24,391.4556
SBI Focused Fund,119727,SBI FOCUSED FUND - Direct Plan - Growth,2025-06-25,394.0869
SBI Focused Fund,119727,SBI FOCUSED FUND - Direct Plan - Growth,2025-06-26,398.7016
SBI Focused Fund,119727,SBI FOCUSED FUND - Direct Plan - Growth,2025-06-27,400.9485
SBI Focused Fund,119727,SBI FOCUSED FUND - Direct Plan - Growth,2025-06-30,401.205
SBI Focused Fund,119727,SBI FOCUSED FUND - Direct Plan - Growth,2025-07-01,400.7585
SBI Focused Fund,119727,SBI FOCUSED FUND - Direct Plan - Growth,2025-07-02,400.177
SBI Focused Fund,119727,SBI FOCUSED FUND - Direct Plan - Growth,2025-07-03,399.5545
SBI Focused Fund,119727,SBI FOCUSED FUND - Direct Plan - Growth,2025-07-04,400.1266
SBI Focused Fund,119727,SBI FOCUSED FUND - Direct Plan - Growth,2025-07-07,399.8025
SBI Focused Fund,119727,SBI FOCUSED FUND - Direct Plan - Growth,2025-07-08,401.1688
SBI Focused Fund,119727,SBI FOCUSED FUND - Direct Plan - Growth,2025-07-09,401.7004
SBI Focused Fund,119727,SBI FOCUSED FUND - Direct Plan - Growth,2025-07-10,398.345
SBI Focused Fund,119727,SBI FOCUSED FUND - Direct Plan - Growth,2025-07-11,395.4046
SBI Focused Fund,119727,SBI FOCUSED FUND - Direct Plan - Growth,2025-07-14,395.1425
SBI Focused Fund,119727,SBI FOCUSED FUND - Direct Plan - Growth,2025-07-15,396.2949
SBI Focused Fund,119727,SBI FOCUSED FUND - Direct Plan - Growth,2025-07-16,396.9534
SBI Focused Fund,119727,SBI FOCUSED FUND - Direct Plan - Growth,2025-07-17,397.6414
SBI Focused Fund,119727,SBI FOCUSED FUND - Direct Plan - Growth,2025-07-18,395.6735
SBI Focused Fund,119727,SBI FOCUSED FUND - Direct Plan - Growth,2025-07-21,398.2982
SBI Focused Fund,119727,SBI FOCUSED FUND - Direct Plan - Growth,2025-07-22,396.9534
SBI Focused Fund,119727,SBI FOCUSED FUND - Direct Plan - Growth,2025-07-23,398.9348
SBI Focused Fund,119727,SBI FOCUSED FUND - Direct Plan - Growth,2025-07-24,397.4906
SBI Focused Fund,119727,SBI FOCUSED FUND - Direct Plan - Growth,2025-07-25,394.1057
SBI Focused Fund,119727,SBI FOCUSED FUND - Direct Plan - Growth,2025-07-28,390.5222
SBI Focused Fund,119727,SBI FOCUSED FUND - Direct Plan - Growth,2025-07-29,392.7592
SBI Focused Fund,119727,SBI FOCUSED FUND - Direct Plan - Growth,2025-07-30,393.5319
SBI Focused Fund,119727,SBI FOCUSED FUND - Direct Plan - Growth,2025-07-31,390.5576
SBI Focused Fund,119727,SBI FOCUSED FUND - Direct Plan - Growth,2025-08-01,386.0889
SBI Focused Fund,119727,SBI FOCUSED FUND - Direct Plan - Growth,2025-08-04,390.0411
SBI Focused Fund,119727,SBI FOCUSED FUND - Direct Plan - Growth,2025-08-05,389.5147
SBI Focused Fund,119727,SBI FOCUSED FUND - Direct Plan - Growth,2025-08-06,389.0123
SBI Focused Fund,119727,SBI FOCUSED FUND - Direct Plan - Growth,2025-08-07,389.4496
SBI Focused Fund,119727,SBI FOCUSED FUND - Direct Plan - Growth,2025-08-08,385.5339
SBI Focused Fund,119727,SBI FOCUSED FUND - Direct Plan - Growth,2025-08-11,387.3154
SBI Focused Fund,119727,SBI FOCUSED FUND - Direct Plan - Growth,2025-08-12,385.5657
SBI Focused Fund,119727,SBI FOCUSED FUND - Direct Plan - Growth,2025-08-13,388.1766
SBI Focused Fund,119727,SBI FOCUSED FUND - Direct Plan - Growth,2025-08-14,390.2204
SBI Focused Fund,119727,SBI FOCUSED FUND - Direct Plan - Growth,2025-08-18,394.9258
SBI Focused Fund,119727,SBI FOCUSED FUND - Direct Plan - Growth,2025-08-19,396.3492
SBI Focused Fund,119727,SBI FOCUSED FUND - Direct Plan - Growth,2025-08-20,394.6585
SBI Focused Fund,119727,SBI FOCUSED FUND - Direct Plan - Growth,2025-08-21,395.0678
SBI Focused Fund,119727,SBI FOCUSED FUND - Direct Plan - Growth,2025-08-22,394.4126
SBI Focused Fund,119727,SBI FOCUSED FUND - Direct Plan - Growth,2025-08-25,395.1437
SBI Focused Fund,119727,SBI FOCUSED FUND - Direct Plan - Growth,2025-08-26,391.394
SBI Focused Fund,119727,SBI FOCUSED FUND - Direct Plan - Growth,2025-08-28,388.3376
SBI Focused Fund,119727,SBI FOCUSED FUND - Direct Plan - Growth,2025-08-29,388.6578
SBI Focused Fund,119727,SBI FOCUSED FUND - Direct Plan - Growth,2025-08-31,388.6446
SBI Focused Fund,119727,SBI FOCUSED FUND - Direct Plan - Growth,2025-09-01,392.4732
SBI Focused Fund,119727,SBI FOCUSED FUND - Direct Plan - Growth,2025-09-02,392.149
SBI Focused Fund,119727,SBI FOCUSED FUND - Direct Plan - Growth,2025-09-03,397.0505
SBI Focused Fund,119727,SBI FOCUSED FUND - Direct Plan - Growth,2025-09-04,397.2691
SBI Focused Fund,119727,SBI FOCUSED FUND - Direct Plan - Growth,2025-09-05,398.4411
SBI Focused Fund,119727,SBI FOCUSED FUND - Direct Plan - Growth,2025-09-08,399.6764
SBI Focused Fund,119727,SBI FOCUSED FUND - Direct Plan - Growth,2025-09-09,401.5917
SBI Focused Fund,119727,SBI FOCUSED FUND - Direct Plan - Growth,2025-09-10,400.726
SBI Focused Fund,119727,SBI FOCUSED FUND - Direct Plan - Growth,2025-09-11,401.0992
SBI Focused Fund,119727,SBI FOCUSED FUND - Direct Plan - Growth,2025-09-12,402.3058
SBI Focused Fund,119727,SBI FOCUSED FUND - Direct Plan - Growth,2025-09-15,403.606
SBI Focused Fund,119727,SBI FOCUSED FUND - Direct Plan - Growth,2025-09-16,405.9282
SBI Focused Fund,119727,SBI FOCUSED FUND - Direct Plan - Growth,2025-09-17,405.4561
SBI Focused Fund,119727,SBI FOCUSED FUND - Direct Plan - Growth,2025-09-18,406.8331
SBI Focused Fund,119727,SBI FOCUSED FUND - Direct Plan - Growth,2025-09-19,407.5788
SBI Focused Fund,119727,SBI FOCUSED FUND - Direct Plan - Growth,2025-09-22,407.1674
SBI Focused Fund,119727,SBI FOCUSED FUND - Direct Plan - Growth,2025-09-23,406.9377
SBI Focused Fund,119727,SBI FOCUSED FUND - Direct Plan - Growth,2025-09-24,404.3813
SBI Focused Fund,119727,SBI FOCUSED FUND - Direct Plan - Growth,2025-09-25,400.979
SBI Focused Fund,119727,SBI FOCUSED FUND - Direct Plan - Growth,2025-09-26,396.6164
SBI Focused Fund,119727,SBI FOCUSED FUND - Direct Plan - Growth,2025-09-30,397.3864
SBI Focused Fund,119727,SBI FOCUSED FUND - Direct Plan - Growth,2025-10-01,400.3549
SBI Focused Fund,119727,SBI FOCUSED FUND - Direct Plan - Growth,2025-10-03,403.7844
SBI Focused Fund,119727,SBI FOCUSED FUND - Direct Plan - Growth,2025-10-06,405.1526
SBI Focused Fund,119727,SBI FOCUSED FUND - Direct Plan - Growth,2025-10-07,404.9273
SBI Focused Fund,119727,SBI FOCUSED FUND - Direct Plan - Growth,2025-10-08,402.8509
SBI Focused Fund,119727,SBI FOCUSED FUND - Direct Plan - Growth,2025-10-09,403.8229
SBI Focused Fund,119727,SBI FOCUSED FUND - Direct Plan - Growth,2025-10-10,402.9399
SBI Focused Fund,119727,SBI FOCUSED FUND - Direct Plan - Growth,2025-10-13,405.0948
SBI Focused Fund,119727,SBI FOCUSED FUND - Direct Plan - Growth,2025-10-14,404.2258
SBI Focused Fund,119727,SBI FOCUSED FUND - Direct Plan - Growth,2025-10-15,407.4878
SBI Focused Fund,119727,SBI FOCUSED FUND - Direct Plan - Growth,2025-10-16,410.3873
SBI Focused Fund,119727,SBI FOCUSED FUND - Direct Plan - Growth,2025-10-17,412.3208
SBI Focused Fund,119727,SBI FOCUSED FUND - Direct Plan - Growth,2025-10-20,414.6719
SBI Focused Fund,119727,SBI FOCUSED FUND - Direct Plan - Growth,2025-10-23,414.93
SBI Focused Fund,119727,SBI FOCUSED FUND - Direct Plan - Growth,2025-10-24,414.304
SBI Focused Fund,119727,SBI FOCUSED FUND - Direct Plan - Growth,2025-10-27,417.7123
SBI Focused Fund,119727,SBI FOCUSED FUND - Direct Plan - Growth,2025-10-28,417.1451
SBI Focused Fund,119727,SBI FOCUSED FUND - Direct Plan - Growth,2025-10-29,420.626
SBI Focused Fund,119727,SBI FOCUSED FUND - Direct Plan - Growth,2025-10-30,418.6314
SBI Focused Fund,119727,SBI FOCUSED FUND - Direct Plan - Growth,2025-10-31,416.3848
SBI Focused Fund,119727,SBI FOCUSED FUND - Direct Plan - Growth,2025-11-03,417.5531
SBI Focused Fund,119727,SBI FOCUSED FUND - Direct Plan - Growth,2025-11-04,415.2665
SBI Focused Fund,119727,SBI FOCUSED FUND - Direct Plan - Growth,2025-11-06,414.3301
SBI Focused Fund,119727,SBI FOCUSED FUND - Direct Plan - Growth,2025-11-07,414.1228
SBI Focused Fund,119727,SBI FOCUSED FUND - Direct Plan - Growth,2025-11-10,417.2815
SBI Focused Fund,119727,SBI FOCUSED FUND - Direct Plan - Growth,2025-11-11,416.6273
SBI Focused Fund,119727,SBI FOCUSED FUND - Direct Plan - Growth,2025-11-12,418.2252
SBI Focused Fund,119727,SBI FOCUSED FUND - Direct Plan - Growth,2025-11-13,417.4754
SBI Focused Fund,119727,SBI FOCUSED FUND - Direct Plan - Growth,2025-11-14,421.24
SBI Focused Fund,119727,SBI FOCUSED FUND - Direct Plan - Growth,2025-11-17,423.0823
SBI Focused Fund,119727,SBI FOCUSED FUND - Direct Plan - Growth,2025-11-18,420.7378
SBI Focused Fund,119727,SBI FOCUSED FUND - Direct Plan - Growth,2025-11-19,422.9765
SBI Focused Fund,119727,SBI FOCUSED FUND - Direct Plan - Growth,2025-11-20,423.7517
SBI Focused Fund,119727,SBI FOCUSED FUND - Direct Plan - Growth,2025-11-21,421.0249
SBI Focused Fund,119727,SBI FOCUSED FUND - Direct Plan - Growth,2025-11-24,422.4594
SBI Focused Fund,119727,SBI FOCUSED FUND - Direct Plan - Growth,2025-11-25,423.5132
SBI Focused Fund,119727,SBI FOCUSED FUND - Direct Plan - Growth,2025-11-26,426.893
SBI Focused Fund,119727,SBI FOCUSED FUND - Direct Plan - Growth,2025-11-27,427.2258
SBI Focused Fund,119727,SBI FOCUSED FUND - Direct Plan - Growth,2025-11-28,427.213
SBI Focused Fund,119727,SBI FOCUSED FUND - Direct Plan - Growth,2025-11-30,428.0696
SBI Focused Fund,119727,SBI FOCUSED FUND - Direct Plan - Growth,2025-12-01,428.4209
SBI Focused Fund,119727,SBI FOCUSED FUND - Direct Plan - Growth,2025-12-02,428.3288
SBI Focused Fund,119727,SBI FOCUSED FUND - Direct Plan - Growth,2025-12-03,426.8809
SBI Focused Fund,119727,SBI FOCUSED FUND - Direct Plan - Growth,2025-12-04,426.7466
SBI Focused Fund,119727,SBI FOCUSED FUND - Direct Plan - Growth,2025-12-05,429.1897
SBI Focused Fund,119727,SBI FOCUSED FUND - Direct Plan - Growth,2025-12-08,423.4836
SBI Focused Fund,119727,SBI FOCUSED FUND - Direct Plan - Growth,2025-12-09,423.9463
SBI Focused Fund,119727,SBI FOCUSED FUND - Direct Plan - Growth,2025-12-10,424.58
SBI Focused Fund,119727,SBI FOCUSED FUND - Direct Plan - Growth,2025-12-11,425.9545
SBI Focused Fund,119727,SBI FOCUSED FUND - Direct Plan - Growth,2025-12-12,427.661
SBI Focused Fund,119727,SBI FOCUSED FUND - Direct Plan - Growth,2025-12-15,427.5069
SBI Focused Fund,119727,SBI FOCUSED FUND - Direct Plan - Growth,2025-12-16,425.7948
SBI Focused Fund,119727,SBI FOCUSED FUND - Direct Plan - Growth,2025-12-17,424.0812
SBI Focused Fund,119727,SBI FOCUSED FUND - Direct Plan - Growth,2025-12-18,424.7099
SBI Focused Fund,119727,SBI FOCUSED FUND - Direct Plan - Growth,2025-12-19,430.6869
SBI Focused Fund,119727,SBI FOCUSED FUND - Direct Plan - Growth,2025-12-22,431.8591
SBI Focused Fund,119727,SBI FOCUSED FUND - Direct Plan - Growth,2025-12-23,431.3566
SBI Focused Fund,119727,SBI FOCUSED FUND - Direct Plan - Growth,2025-12-24,431.0227
SBI Focused Fund,119727,SBI FOCUSED FUND - Direct Plan - Growth,2025-12-26,429.8048
SBI Focused Fund,119727,SBI FOCUSED FUND - Direct Plan - Growth,2025-12-29,428.1515
SBI Focused Fund,119727,SBI FOCUSED FUND - Direct Plan - Growth,2025-12-30,428.0674
SBI Focused Fund,119727,SBI FOCUSED FUND - Direct Plan - Growth,2025-12-31,429.3798
SBI Focused Fund,119727,SBI FOCUSED FUND - Direct Plan - Growth,2026-01-01,430.3577
SBI Focused Fund,119727,SBI FOCUSED FUND - Direct Plan - Growth,2026-01-02,431.9059
SBI Focused Fund,119727,SBI FOCUSED FUND - Direct Plan - Growth,2026-01-05,432.8989
SBI Focused Fund,119727,SBI FOCUSED FUND - Direct Plan - Growth,2026-01-06,433.9215
SBI Focused Fund,119727,SBI FOCUSED FUND - Direct Plan - Growth,2026-01-07,432.6975
SBI Focused Fund,119727,SBI FOCUSED FUND - Direct Plan - Growth,2026-01-08,428.8962
SBI Focused Fund,119727,SBI FOCUSED FUND - Direct Plan - Growth,2026-01-09,426.3135
SBI Focused Fund,119727,SBI FOCUSED FUND - Direct Plan - Growth,2026-01-12,427.2591
SBI Focused Fund,119727,SBI FOCUSED FUND - Direct Plan - Growth,2026-01-13,427.0277
SBI Focused Fund,119727,SBI FOCUSED FUND - Direct Plan - Growth,2026-01-14,426.4473
SBI Focused Fund,119727,SBI FOCUSED FUND - Direct Plan - Growth,2026-01-16,424.7392
SBI Focused Fund,119727,SBI FOCUSED FUND - Direct Plan - Growth,2026-01-19,424.4208
SBI Focused Fund,119727,SBI FOCUSED FUND - Direct Plan - Growth,2026-01-20,418.0756
SBI Focused Fund,119727,SBI FOCUSED FUND - Direct Plan - Growth,2026-01-21,419.4402
SBI Focused Fund,119727,SBI FOCUSED FUND - Direct Plan - Growth,2026-01-22,423.0065
SBI Focused Fund,119727,SBI FOCUSED FUND - Direct Plan - Growth,2026-01-23,415.9648
SBI Focused Fund,119727,SBI FOCUSED FUND - Direct Plan - Growth,2026-01-27,418.088
SBI Focused Fund,119727,SBI FOCUSED FUND - Direct Plan - Growth,2026-01-28,421.4508
SBI Focused Fund,119727,SBI FOCUSED FUND - Direct Plan - Growth,2026-01-29,421.5604
SBI Focused Fund,119727,SBI FOCUSED FUND - Direct Plan - Growth,2026-01-31,421.1404
SBI Focused Fund,119727,SBI FOCUSED FUND - Direct Plan - Growth,2026-02-02,415.2641
SBI Focused Fund,119727,SBI FOCUSED FUND - Direct Plan - Growth,2026-02-03,422.4847
SBI Focused Fund,119727,SBI FOCUSED FUND - Direct Plan - Growth,2026-02-04,424.7129
SBI Focused Fund,119727,SBI FOCUSED FUND - Direct Plan - Growth,2026-02-05,422.5053
SBI Focused Fund,119727,SBI FOCUSED FUND - Direct Plan - Growth,2026-02-06,423.5348
SBI Focused Fund,119727,SBI FOCUSED FUND - Direct Plan - Growth,2026-02-09,428.7712
SBI Focused Fund,119727,SBI FOCUSED FUND - Direct Plan - Growth,2026-02-10,429.556
SBI Focused Fund,119727,SBI FOCUSED FUND - Direct Plan - Growth,2026-02-11,429.4866
SBI Focused Fund,119727,SBI FOCUSED FUND - Direct Plan - Growth,2026-02-12,429.4958
SBI Focused Fund,119727,SBI FOCUSED FUND - Direct Plan - Growth,2026-02-13,423.1881
SBI Focused Fund,119727,SBI FOCUSED FUND - Direct Plan - Growth,2026-02-16,424.6406
SBI Focused Fund,119727,SBI FOCUSED FUND - Direct Plan - Growth,2026-02-17,424.9056
SBI Focused Fund,119727,SBI FOCUSED FUND - Direct Plan - Growth,2026-02-18,426.7959
SBI Focused Fund,119727,SBI FOCUSED FUND - Direct Plan - Growth,2026-02-19,419.7962
SBI Focused Fund,119727,SBI FOCUSED FUND - Direct Plan - Growth,2026-02-20,423.6265
SBI Focused Fund,119727,SBI FOCUSED FUND - Direct Plan - Growth,2026-02-23,424.6521
SBI Focused Fund,119727,SBI FOCUSED FUND - Direct Plan - Growth,2026-02-24,422.937
SBI Focused Fund,119727,SBI FOCUSED FUND - Direct Plan - Growth,2026-02-25,423.2499
SBI Focused Fund,119727,SBI FOCUSED FUND - Direct Plan - Growth,2026-02-26,424.1836
SBI Focused Fund,119727,SBI FOCUSED FUND - Direct Plan - Growth,2026-02-27,420.236
SBI Focused Fund,119727,SBI FOCUSED FUND - Direct Plan - Growth,2026-02-28,420.235
SBI Focused Fund,119727,SBI FOCUSED FUND - Direct Plan - Growth,2026-03-02,416.5757
SBI Focused Fund,119727,SBI FOCUSED FUND - Direct Plan - Growth,2026-03-04,411.4232
SBI Focused Fund,119727,SBI FOCUSED FUND - Direct Plan - Growth,2026-03-05,414.3097
SBI Focused Fund,119727,SBI FOCUSED FUND - Direct Plan - Growth,2026-03-06,410.3213
SBI Focused Fund,119727,SBI FOCUSED FUND - Direct Plan - Growth,2026-03-09,404.9762
SBI Focused Fund,119727,SBI FOCUSED FUND - Direct Plan - Growth,2026-03-10,408.2774
SBI Focused Fund,119727,SBI FOCUSED FUND - Direct Plan - Growth,2026-03-11,401.7541
SBI Focused Fund,119727,SBI FOCUSED FUND - Direct Plan - Growth,2026-03-12,400.8265
SBI Focused Fund,119727,SBI FOCUSED FUND - Direct Plan - Growth,2026-03-13,395.5049
SBI Focused Fund,119727,SBI FOCUSED FUND - Direct Plan - Growth,2026-03-16,398.9447
SBI Focused Fund,119727,SBI FOCUSED FUND - Direct Plan - Growth,2026-03-17,401.5874
SBI Focused Fund,119727,SBI FOCUSED FUND - Direct Plan - Growth,2026-03-18,404.0483
SBI Focused Fund,119727,SBI FOCUSED FUND - Direct Plan - Growth,2026-03-19,394.511
SBI Focused Fund,119727,SBI FOCUSED FUND - Direct Plan - Growth,2026-03-20,394.6582
SBI Focused Fund,119727,SBI FOCUSED FUND - Direct Plan - Growth,2026-03-23,383.8334
SBI Focused Fund,119727,SBI FOCUSED FUND - Direct Plan - Growth,2026-03-24,388.4181
SBI Focused Fund,119727,SBI FOCUSED FUND - Direct Plan - Growth,2026-03-25,395.4899
SBI Focused Fund,119727,SBI FOCUSED FUND - Direct Plan - Growth,2026-03-27,386.6497
SBI Focused Fund,119727,SBI FOCUSED FUND - Direct Plan - Growth,2026-03-30,378.0984
SBI Focused Fund,119727,SBI FOCUSED FUND - Direct Plan - Growth,2026-03-31,379.8147
SBI Focused Fund,119727,SBI FOCUSED FUND - Direct Plan - Growth,2026-04-01,387.7335
SBI Focused Fund,119727,SBI FOCUSED FUND - Direct Plan - Growth,2026-04-02,386.4838
SBI Focused Fund,119727,SBI FOCUSED FUND - Direct Plan - Growth,2026-04-06,392.1827
SBI Focused Fund,119727,SBI FOCUSED FUND - Direct Plan - Growth,2026-04-07,392.0707
SBI Focused Fund,119727,SBI FOCUSED FUND - Direct Plan - Growth,2026-04-08,405.9895
SBI Focused Fund,119727,SBI FOCUSED FUND - Direct Plan - Growth,2026-04-09,405.0876
SBI Focused Fund,119727,SBI FOCUSED FUND - Direct Plan - Growth,2026-04-10,412.9836
SBI Focused Fund,119727,SBI FOCUSED FUND - Direct Plan - Growth,2026-04-13,414.3253
SBI Focused Fund,119727,SBI FOCUSED FUND - Direct Plan - Growth,2026-04-15,421.0487
SBI Focused Fund,119727,SBI FOCUSED FUND - Direct Plan - Growth,2026-04-16,422.2263
SBI Focused Fund,119727,SBI FOCUSED FUND - Direct Plan - Growth,2026-04-17,426.2584
SBI Focused Fund,119727,SBI FOCUSED FUND - Direct Plan - Growth,2026-04-20,426.4287
SBI Focused Fund,119727,SBI FOCUSED FUND - Direct Plan - Growth,2026-04-21,430.5197
SBI Focused Fund,119727,SBI FOCUSED FUND - Direct Plan - Growth,2026-04-22,434.7329
SBI Focused Fund,119727,SBI FOCUSED FUND - Direct Plan - Growth,2026-04-23,432.3954
SBI Focused Fund,119727,SBI FOCUSED FUND - Direct Plan - Growth,2026-04-24,430.6563
SBI Focused Fund,119727,SBI FOCUSED FUND - Direct Plan - Growth,2026-04-27,433.9926
SBI Focused Fund,119727,SBI FOCUSED FUND - Direct Plan - Growth,2026-04-28,433.1133
SBI Focused Fund,119727,SBI FOCUSED FUND - Direct Plan - Growth,2026-04-29,431.8187
SBI Focused Fund,119727,SBI FOCUSED FUND - Direct Plan - Growth,2026-04-30,435.8229
SBI Focused Fund,119727,SBI FOCUSED FUND - Direct Plan - Growth,2026-05-04,437.6469
SBI Focused Fund,119727,SBI FOCUSED FUND - Direct Plan - Growth,2026-05-05,437.4369
SBI Focused Fund,119727,SBI FOCUSED FUND - Direct Plan - Growth,2026-05-06,441.6659
SBI Focused Fund,119727,SBI FOCUSED FUND - Direct Plan - Growth,2026-05-07,441.1749
SBI Focused Fund,119727,SBI FOCUSED FUND - Direct Plan - Growth,2026-05-08,437.7883
SBI Focused Fund,119727,SBI FOCUSED FUND - Direct Plan - Growth,2026-05-11,431.1377
SBI Focused Fund,119727,SBI FOCUSED FUND - Direct Plan - Growth,2026-05-12,421.9981
SBI Focused Fund,119727,SBI FOCUSED FUND - Direct Plan - Growth,2026-05-13,425.5787
SBI Focused Fund,119727,SBI FOCUSED FUND - Direct Plan - Growth,2026-05-14,430.746
SBI Focused Fund,119727,SBI FOCUSED FUND - Direct Plan - Growth,2026-05-15,429.1101
SBI Focused Fund,119727,SBI FOCUSED FUND - Direct Plan - Growth,2026-05-18,431.9336
SBI Focused Fund,119727,SBI FOCUSED FUND - Direct Plan - Growth,2026-05-19,431.3818
SBI Focused Fund,119727,SBI FOCUSED FUND - Direct Plan - Growth,2026-05-20,433.2767
SBI Focused Fund,119727,SBI FOCUSED FUND - Direct Plan - Growth,2026-05-21,431.288
SBI Focused Fund,119727,SBI FOCUSED FUND - Direct Plan - Growth,2026-05-22,432.2142
SBI Focused Fund,119727,SBI FOCUSED FUND - Direct Plan - Growth,2026-05-25,437.589
SBI Focused Fund,119727,SBI FOCUSED FUND - Direct Plan - Growth,2026-05-26,438.6668
SBI Focused Fund,119727,SBI FOCUSED FUND - Direct Plan - Growth,2026-05-27,441.4059
SBI Focused Fund,119727,SBI FOCUSED FUND - Direct Plan - Growth,2026-05-29,436.6493
SBI Focused Fund,119727,SBI FOCUSED FUND - Direct Plan - Growth,2026-05-31,436.6433
SBI Focused Fund,119727,SBI FOCUSED FUND - Direct Plan - Growth,2026-06-01,431.4939
SBI Focused Fund,119727,SBI FOCUSED FUND - Direct Plan - Growth,2026-06-02,430.6856
SBI Focused Fund,119727,SBI FOCUSED FUND - Direct Plan - Growth,2026-06-03,428.8656
SBI Focused Fund,119727,SBI FOCUSED FUND - Direct Plan - Growth,2026-06-04,429.2097
SBI Focused Fund,119727,SBI FOCUSED FUND - Direct Plan - Growth,2026-06-05,430.2757
SBI Focused Fund,119727,SBI FOCUSED FUND - Direct Plan - Growth,2026-06-08,424.5012
SBI Focused Fund,119727,SBI FOCUSED FUND - Direct Plan - Growth,2026-06-09,428.1487
SBI Focused Fund,119727,SBI FOCUSED FUND - Direct Plan - Growth,2026-06-10,423.3261
SBI Focused Fund,119727,SBI FOCUSED FUND - Direct Plan - Growth,2026-06-11,421.2309
SBI Focused Fund,119727,SBI FOCUSED FUND - Direct Plan - Growth,2026-06-12,428.8589
SBI Focused Fund,119727,SBI FOCUSED FUND - Direct Plan - Growth,2026-06-15,432.3572
SBI Focused Fund,119727,SBI FOCUSED FUND - Direct Plan - Growth,2026-06-16,433.9711
SBI Focused Fund,119727,SBI FOCUSED FUND - Direct Plan - Growth,2026-06-17,432.7161
SBI Focused Fund,119727,SBI FOCUSED FUND - Direct Plan - Growth,2026-06-18,435.1968
SBI Focused Fund,119727,SBI FOCUSED FUND - Direct Plan - Growth,2026-06-19,435.6871
SBI Focused Fund,119727,SBI FOCUSED FUND - Direct Plan - Growth,2026-06-22,437.5121
SBI Focused Fund,119727,SBI FOCUSED FUND - Direct Plan - Growth,2026-06-23,433.3865
SBI Focused Fund,119727,SBI FOCUSED FUND - Direct Plan - Growth,2026-06-24,435.7205
SBI Focused Fund,119727,SBI FOCUSED FUND - Direct Plan - Growth,2026-06-25,433.9673
SBI Focused Fund,119727,SBI FOCUSED FUND - Direct Plan - Growth,2026-06-29,433.6721
SBI Focused Fund,119727,SBI FOCUSED FUND - Direct Plan - Growth,2026-06-30,435.1767
SBI Focused Fund,119727,SBI FOCUSED FUND - Direct Plan - Growth,2026-07-01,439.1859
SBI Focused Fund,119727,SBI FOCUSED FUND - Direct Plan - Growth,2026-07-02,442.9274
SBI Focused Fund,119727,SBI FOCUSED FUND - Direct Plan - Growth,2026-07-03,443.7292
SBI Focused Fund,119727,SBI FOCUSED FUND - Direct Plan - Growth,2026-07-06,445.5086
SBI Focused Fund,119727,SBI FOCUSED FUND - Direct Plan - Growth,2026-07-07,445.5605
SBI Focused Fund,119727,SBI FOCUSED FUND - Direct Plan - Growth,2026-07-08,438.2844
SBI Focused Fund,119727,SBI FOCUSED FUND - Direct Plan - Growth,2026-07-09,439.8428
SBI Focused Fund,119727,SBI FOCUSED FUND - Direct Plan - Growth,2026-07-10,443.913
SBI Focused Fund,119727,SBI FOCUSED FUND - Direct Plan - Growth,2026-07-13,442.8398
SBI Focused Fund,119727,SBI FOCUSED FUND - Direct Plan - Growth,2026-07-14,443.1244
SBI Focused Fund,119727,SBI FOCUSED FUND - Direct Plan - Growth,2026-07-15,444.4779
SBI Focused Fund,119727,SBI FOCUSED FUND - Direct Plan - Growth,2026-07-16,442.8581
SBI Focused Fund,119727,SBI FOCUSED FUND - Direct Plan - Growth,2026-07-17,445.5621
SBI Focused Fund,119727,SBI FOCUSED FUND - Direct Plan - Growth,2026-07-20,449.3614
SBI Focused Fund,119727,SBI FOCUSED FUND - Direct Plan - Growth,2026-07-21,451.5305
SBI Focused Fund,119727,SBI FOCUSED FUND - Direct Plan - Growth,2026-07-22,446.6845
SBI Focused Fund,119727,SBI FOCUSED FUND - Direct Plan - Growth,2026-07-23,440.1122
SBI Focused Fund,119727,SBI FOCUSED FUND - Direct Plan - Growth,2026-07-24,439.6501
SBI Focused Fund,119727,SBI FOCUSED FUND - Direct Plan - Growth,2026-07-27,444.2001
SBI Focused Fund,119727,SBI FOCUSED FUND - Direct Plan - Growth,2026-07-28,442.9031
SBI Focused Fund,119727,SBI FOCUSED FUND - Direct Plan - Growth,2026-07-29,446.1515
SBI Focused Fund,119727,SBI FOCUSED FUND - Direct Plan - Growth,2026-07-30,445.843
SBI Focused Fund,119727,SBI FOCUSED FUND - Direct Plan - Growth,2026-07-31,453.6222
SBI Focused Fund,119727,SBI FOCUSED FUND - Direct Plan - Growth,2026-08-03,459.9036
SBI Focused Fund,119727,SBI FOCUSED FUND - Direct Plan - Growth,2026-08-04,459.0239
SBI Focused Fund,119727,SBI FOCUSED FUND - Direct Plan - Growth,2026-08-05,458.6914
SBI Focused Fund,119727,SBI FOCUSED FUND - Direct Plan - Growth,2026-08-06,453.7827
SBI Focused Fund,119727,SBI FOCUSED FUND - Direct Plan - Growth,2026-08-07,452.6919
SBI Focused Fund,119727,SBI FOCUSED FUND - Direct Plan - Growth,2026-08-10,454.5575
SBI Focused Fund,119727,SBI FOCUSED FUND - Direct Plan - Growth,2026-08-11,452.7035
SBI Focused Fund,119727,SBI FOCUSED FUND - Direct Plan - Growth,2026-08-12,453.2187
SBI Focused Fund,119727,SBI FOCUSED FUND - Direct Plan - Growth,2026-08-13,454.1854
SBI Focused Fund,119727,SBI FOCUSED FUND - Direct Plan - Growth,2026-08-14,454.629
SBI Focused Fund,119727,SBI FOCUSED FUND - Direct Plan - Growth,2026-08-17,454.182
SBI Focused Fund,119727,SBI FOCUSED FUND - Direct Plan - Growth,2026-08-18,454.2252
SBI Focused Fund,119727,SBI FOCUSED FUND - Direct Plan - Growth,2026-08-19,452.2226
SBI Focused Fund,119727,SBI FOCUSED FUND - Direct Plan - Growth,2026-08-20,455.8909
SBI Focused Fund,119727,SBI FOCUSED FUND - Direct Plan - Growth,2026-08-21,458.0442
SBI Focused Fund,119727,SBI FOCUSED FUND - Direct Plan - Growth,2026-08-24,459.632
SBI Focused Fund,119727,SBI FOCUSED FUND - Direct Plan - Growth,2026-08-25,461.8643
SBI Focused Fund,119727,SBI FOCUSED FUND - Direct Plan - Growth,2026-08-26,461.339
SBI Focused Fund,119727,SBI FOCUSED FUND - Direct Plan - Growth,2026-08-27,463.7233
SBI Focused Fund,119727,SBI FOCUSED FUND - Direct Plan - Growth,2026-08-28,463.4256
SBI Focused Fund,119727,SBI FOCUSED FUND - Direct Plan - Growth,2026-08-31,456.7895
SBI Focused Fund,119727,SBI FOCUSED FUND - Direct Plan - Growth,2026-09-01,453.9745
SBI Focused Fund,119727,SBI FOCUSED FUND - Direct Plan - Growth,2026-09-02,454.5599
SBI Focused Fund,119727,SBI FOCUSED FUND - Direct Plan - Growth,2026-09-03,456.244
SBI Focused Fund,119727,SBI FOCUSED FUND - Direct Plan - Growth,2026-09-04,455.0598
SBI Focused Fund,119727,SBI FOCUSED FUND - Direct Plan - Growth,2026-09-07,454.009
SBI Focused Fund,119727,SBI FOCUSED FUND - Direct Plan - Growth,2026-09-08,455.6169
SBI Focused Fund,119727,SBI FOCUSED FUND - Direct Plan - Growth,2026-09-09,453.778
SBI Focused Fund,119727,SBI FOCUSED FUND - Direct Plan - Growth,2026-09-10,454.0467
SBI Focused Fund,119727,SBI FOCUSED FUND - Direct Plan - Growth,2026-09-11,452.4313
SBI Focused Fund,119727,SBI FOCUSED FUND - Direct Plan - Growth,2026-09-15,444.5599
SBI Focused Fund,119727,SBI FOCUSED FUND - Direct Plan - Growth,2026-09-16,443.9221
SBI Focused Fund,119727,SBI FOCUSED FUND - Direct Plan - Growth,2026-09-17,445.6566
SBI Focused Fund,119727,SBI FOCUSED FUND - Direct Plan - Growth,2026-09-18,449.8983
SBI Focused Fund,119727,SBI FOCUSED FUND - Direct Plan - Growth,2026-09-21,448.3783
SBI Focused Fund,119727,SBI FOCUSED FUND - Direct Plan - Growth,2026-09-22,448.708
SBI Focused Fund,119727,SBI FOCUSED FUND - Direct Plan - Growth,2026-09-23,449.3355
SBI Focused Fund,119727,SBI FOCUSED FUND - Direct Plan - Growth,2026-09-24,442.0606
SBI Focused Fund,119727,SBI FOCUSED FUND - Direct Plan - Growth,2026-09-25,443.4782
SBI Focused Fund,119727,SBI FOCUSED FUND - Direct Plan - Growth,2026-09-28,436.0647
SBI Focused Fund,119727,SBI FOCUSED FUND - Direct Plan - Growth,2026-09-29,435.1688
SBI Focused Fund,119727,SBI FOCUSED FUND - Direct Plan - Growth,2026-09-30,438.5337
SBI Focused Fund,119727,SBI FOCUSED FUND - Direct Plan - Growth,2026-10-01,434.3341
ICICI Pru US Bluechip Equity Fund,120186,ICICI Prudential US Bluechip Equity Fund - Direct Plan - Growth,2025-01-02,69.08
ICICI Pru US Bluechip Equity Fund,120186,ICICI Prudential US Bluechip Equity Fund - Direct Plan - Growth,2025-01-03,69.4
ICICI Pru US Bluechip Equity Fund,120186,ICICI Prudential US Bluechip Equity Fund - Direct Plan - Growth,2025-01-06,69.62
ICICI Pru US Bluechip Equity Fund,120186,ICICI Prudential US Bluechip Equity Fund - Direct Plan - Growth,2025-01-07,69.18
ICICI Pru US Bluechip Equity Fund,120186,ICICI Prudential US Bluechip Equity Fund - Direct Plan - Growth,2025-01-08,69.2
ICICI Pru US Bluechip Equity Fund,120186,ICICI Prudential US Bluechip Equity Fund - Direct Plan - Growth,2025-01-10,68.19
ICICI Pru US Bluechip Equity Fund,120186,ICICI Prudential US Bluechip Equity Fund - Direct Plan - Growth,2025-01-13,69.29
ICICI Pru US Bluechip Equity Fund,120186,ICICI Prudential US Bluechip Equity Fund - Direct Plan - Growth,2025-01-14,69.51
ICICI Pru US Bluechip Equity Fund,120186,ICICI Prudential US Bluechip Equity Fund - Direct Plan - Growth,2025-01-15,69.93
ICICI Pru US Bluechip Equity Fund,120186,ICICI Prudential US Bluechip Equity Fund - Direct Plan - Growth,2025-01-16,70.38
ICICI Pru US Bluechip Equity Fund,120186,ICICI Prudential US Bluechip Equity Fund - Direct Plan - Growth,2025-01-17,70.82
ICICI Pru US Bluechip Equity Fund,120186,ICICI Prudential US Bluechip Equity Fund - Direct Plan - Growth,2025-01-21,71.63
ICICI Pru US Bluechip Equity Fund,120186,ICICI Prudential US Bluechip Equity Fund - Direct Plan - Growth,2025-01-22,71.7
ICICI Pru US Bluechip Equity Fund,120186,ICICI Prudential US Bluechip Equity Fund - Direct Plan - Growth,2025-01-23,72.01
ICICI Pru US Bluechip Equity Fund,120186,ICICI Prudential US Bluechip Equity Fund - Direct Plan - Growth,2025-01-24,71.75
ICICI Pru US Bluechip Equity Fund,120186,ICICI Prudential US Bluechip Equity Fund - Direct Plan - Growth,2025-01-27,72.56
ICICI Pru US Bluechip Equity Fund,120186,ICICI Prudential US Bluechip Equity Fund - Direct Plan - Growth,2025-01-28,72.28
ICICI Pru US Bluechip Equity Fund,120186,ICICI Prudential US Bluechip Equity Fund - Direct Plan - Growth,2025-01-29,71.85
ICICI Pru US Bluechip Equity Fund,120186,ICICI Prudential US Bluechip Equity Fund - Direct Plan - Growth,2025-01-30,72.27
ICICI Pru US Bluechip Equity Fund,120186,ICICI Prudential US Bluechip Equity Fund - Direct Plan - Growth,2025-01-31,71.89
ICICI Pru US Bluechip Equity Fund,120186,ICICI Prudential US Bluechip Equity Fund - Direct Plan - Growth,2025-02-03,71.59
ICICI Pru US Bluechip Equity Fund,120186,ICICI Prudential US Bluechip Equity Fund - Direct Plan - Growth,2025-02-04,71.1
ICICI Pru US Bluechip Equity Fund,120186,ICICI Prudential US Bluechip Equity Fund - Direct Plan - Growth,2025-02-05,71.12
ICICI Pru US Bluechip Equity Fund,120186,ICICI Prudential US Bluechip Equity Fund - Direct Plan - Growth,2025-02-06,70.62
ICICI Pru US Bluechip Equity Fund,120186,ICICI Prudential US Bluechip Equity Fund - Direct Plan - Growth,2025-02-07,69.99
ICICI Pru US Bluechip Equity Fund,120186,ICICI Prudential US Bluechip Equity Fund - Direct Plan - Growth,2025-02-10,70.19
ICICI Pru US Bluechip Equity Fund,120186,ICICI Prudential US Bluechip Equity Fund - Direct Plan - Growth,2025-02-11,69.71
ICICI Pru US Bluechip Equity Fund,120186,ICICI Prudential US Bluechip Equity Fund - Direct Plan - Growth,2025-02-12,69.6
ICICI Pru US Bluechip Equity Fund,120186,ICICI Prudential US Bluechip Equity Fund - Direct Plan - Growth,2025-02-13,69.86
ICICI Pru US Bluechip Equity Fund,120186,ICICI Prudential US Bluechip Equity Fund - Direct Plan - Growth,2025-02-14,69.66
ICICI Pru US Bluechip Equity Fund,120186,ICICI Prudential US Bluechip Equity Fund - Direct Plan - Growth,2025-02-18,70.03
ICICI Pru US Bluechip Equity Fund,120186,ICICI Prudential US Bluechip Equity Fund - Direct Plan - Growth,2025-02-19,70.27
ICICI Pru US Bluechip Equity Fund,120186,ICICI Prudential US Bluechip Equity Fund - Direct Plan - Growth,2025-02-20,70.13
ICICI Pru US Bluechip Equity Fund,120186,ICICI Prudential US Bluechip Equity Fund - Direct Plan - Growth,2025-02-21,69.59
ICICI Pru US Bluechip Equity Fund,120186,ICICI Prudential US Bluechip Equity Fund - Direct Plan - Growth,2025-02-24,70.08
ICICI Pru US Bluechip Equity Fund,120186,ICICI Prudential US Bluechip Equity Fund - Direct Plan - Growth,2025-02-25,70.49
ICICI Pru US Bluechip Equity Fund,120186,ICICI Prudential US Bluechip Equity Fund - Direct Plan - Growth,2025-02-27,69.39
ICICI Pru US Bluechip Equity Fund,120186,ICICI Prudential US Bluechip Equity Fund - Direct Plan - Growth,2025-02-28,70.14
ICICI Pru US Bluechip Equity Fund,120186,ICICI Prudential US Bluechip Equity Fund - Direct Plan - Growth,2025-03-03,69.54
ICICI Pru US Bluechip Equity Fund,120186,ICICI Prudential US Bluechip Equity Fund - Direct Plan - Growth,2025-03-04,68.71
ICICI Pru US Bluechip Equity Fund,120186,ICICI Prudential US Bluechip Equity Fund - Direct Plan - Growth,2025-03-05,69.69
ICICI Pru US Bluechip Equity Fund,120186,ICICI Prudential US Bluechip Equity Fund - Direct Plan - Growth,2025-03-06,69.57
ICICI Pru US Bluechip Equity Fund,120186,ICICI Prudential US Bluechip Equity Fund - Direct Plan - Growth,2025-03-07,70.52
ICICI Pru US Bluechip Equity Fund,120186,ICICI Prudential US Bluechip Equity Fund - Direct Plan - Growth,2025-03-10,69.59
ICICI Pru US Bluechip Equity Fund,120186,ICICI Prudential US Bluechip Equity Fund - Direct Plan - Growth,2025-03-11,68.41
ICICI Pru US Bluechip Equity Fund,120186,ICICI Prudential US Bluechip Equity Fund - Direct Plan - Growth,2025-03-12,67.72
ICICI Pru US Bluechip Equity Fund,120186,ICICI Prudential US Bluechip Equity Fund - Direct Plan - Growth,2025-03-13,67.05
ICICI Pru US Bluechip Equity Fund,120186,ICICI Prudential US Bluechip Equity Fund - Direct Plan - Growth,2025-03-17,68.76
ICICI Pru US Bluechip Equity Fund,120186,ICICI Prudential US Bluechip Equity Fund - Direct Plan - Growth,2025-03-18,68.29
ICICI Pru US Bluechip Equity Fund,120186,ICICI Prudential US Bluechip Equity Fund - Direct Plan - Growth,2025-03-19,68.3
ICICI Pru US Bluechip Equity Fund,120186,ICICI Prudential US Bluechip Equity Fund - Direct Plan - Growth,2025-03-20,67.7
ICICI Pru US Bluechip Equity Fund,120186,ICICI Prudential US Bluechip Equity Fund - Direct Plan - Growth,2025-03-21,67.48
ICICI Pru US Bluechip Equity Fund,120186,ICICI Prudential US Bluechip Equity Fund - Direct Plan - Growth,2025-03-24,67.79
ICICI Pru US Bluechip Equity Fund,120186,ICICI Prudential US Bluechip Equity Fund - Direct Plan - Growth,2025-03-25,67.39
ICICI Pru US Bluechip Equity Fund,120186,ICICI Prudential US Bluechip Equity Fund - Direct Plan - Growth,2025-03-26,67.21
ICICI Pru US Bluechip Equity Fund,120186,ICICI Prudential US Bluechip Equity Fund - Direct Plan - Growth,2025-03-27,67.05
ICICI Pru US Bluechip Equity Fund,120186,ICICI Prudential US Bluechip Equity Fund - Direct Plan - Growth,2025-03-28,65.75
ICICI Pru US Bluechip Equity Fund,120186,ICICI Prudential US Bluechip Equity Fund - Direct Plan - Growth,2025-03-31,65.91
ICICI Pru US Bluechip Equity Fund,120186,ICICI Prudential US Bluechip Equity Fund - Direct Plan - Growth,2025-04-01,65.67
ICICI Pru US Bluechip Equity Fund,120186,ICICI Prudential US Bluechip Equity Fund - Direct Plan - Growth,2025-04-02,66.17
ICICI Pru US Bluechip Equity Fund,120186,ICICI Prudential US Bluechip Equity Fund - Direct Plan - Growth,2025-04-03,62.72
ICICI Pru US Bluechip Equity Fund,120186,ICICI Prudential US Bluechip Equity Fund - Direct Plan - Growth,2025-04-04,59.06
ICICI Pru US Bluechip Equity Fund,120186,ICICI Prudential US Bluechip Equity Fund - Direct Plan - Growth,2025-04-07,59.27
ICICI Pru US Bluechip Equity Fund,120186,ICICI Prudential US Bluechip Equity Fund - Direct Plan - Growth,2025-04-08,57.86
ICICI Pru US Bluechip Equity Fund,120186,ICICI Prudential US Bluechip Equity Fund - Direct Plan - Growth,2025-04-09,63.46
ICICI Pru US Bluechip Equity Fund,120186,ICICI Prudential US Bluechip Equity Fund - Direct Plan - Growth,2025-04-11,61.92
ICICI Pru US Bluechip Equity Fund,120186,ICICI Prudential US Bluechip Equity Fund - Direct Plan - Growth,2025-04-15,61.81
ICICI Pru US Bluechip Equity Fund,120186,ICICI Prudential US Bluechip Equity Fund - Direct Plan - Growth,2025-04-16,60.81
ICICI Pru US Bluechip Equity Fund,120186,ICICI Prudential US Bluechip Equity Fund - Direct Plan - Growth,2025-04-17,61.1
ICICI Pru US Bluechip Equity Fund,120186,ICICI Prudential US Bluechip Equity Fund - Direct Plan - Growth,2025-04-21,60.15
ICICI Pru US Bluechip Equity Fund,120186,ICICI Prudential US Bluechip Equity Fund - Direct Plan - Growth,2025-04-22,61.31
ICICI Pru US Bluechip Equity Fund,120186,ICICI Prudential US Bluechip Equity Fund - Direct Plan - Growth,2025-04-23,62.44
ICICI Pru US Bluechip Equity Fund,120186,ICICI Prudential US Bluechip Equity Fund - Direct Plan - Growth,2025-04-24,63.9
ICICI Pru US Bluechip Equity Fund,120186,ICICI Prudential US Bluechip Equity Fund - Direct Plan - Growth,2025-04-25,64.05
ICICI Pru US Bluechip Equity Fund,120186,ICICI Prudential US Bluechip Equity Fund - Direct Plan - Growth,2025-04-28,63.84
ICICI Pru US Bluechip Equity Fund,120186,ICICI Prudential US Bluechip Equity Fund - Direct Plan - Growth,2025-04-29,64.16
ICICI Pru US Bluechip Equity Fund,120186,ICICI Prudential US Bluechip Equity Fund - Direct Plan - Growth,2025-04-30,64.31
ICICI Pru US Bluechip Equity Fund,120186,ICICI Prudential US Bluechip Equity Fund - Direct Plan - Growth,2025-05-02,64.24
ICICI Pru US Bluechip Equity Fund,120186,ICICI Prudential US Bluechip Equity Fund - Direct Plan - Growth,2025-05-05,64.09
ICICI Pru US Bluechip Equity Fund,120186,ICICI Prudential US Bluechip Equity Fund - Direct Plan - Growth,2025-05-06,63.66
ICICI Pru US Bluechip Equity Fund,120186,ICICI Prudential US Bluechip Equity Fund - Direct Plan - Growth,2025-05-07,64.19
ICICI Pru US Bluechip Equity Fund,120186,ICICI Prudential US Bluechip Equity Fund - Direct Plan - Growth,2025-05-08,65.27
ICICI Pru US Bluechip Equity Fund,120186,ICICI Prudential US Bluechip Equity Fund - Direct Plan - Growth,2025-05-09,65.87
ICICI Pru US Bluechip Equity Fund,120186,ICICI Prudential US Bluechip Equity Fund - Direct Plan - Growth,2025-05-12,68.45
ICICI Pru US Bluechip Equity Fund,120186,ICICI Prudential US Bluechip Equity Fund - Direct Plan - Growth,2025-05-13,67.8
ICICI Pru US Bluechip Equity Fund,120186,ICICI Prudential US Bluechip Equity Fund - Direct Plan - Growth,2025-05-14,67.29
ICICI Pru US Bluechip Equity Fund,120186,ICICI Prudential US Bluechip Equity Fund - Direct Plan - Growth,2025-05-15,68.04
ICICI Pru US Bluechip Equity Fund,120186,ICICI Prudential US Bluechip Equity Fund - Direct Plan - Growth,2025-05-16,68.67
ICICI Pru US Bluechip Equity Fund,120186,ICICI Prudential US Bluechip Equity Fund - Direct Plan - Growth,2025-05-19,68.5
ICICI Pru US Bluechip Equity Fund,120186,ICICI Prudential US Bluechip Equity Fund - Direct Plan - Growth,2025-05-20,68.42
ICICI Pru US Bluechip Equity Fund,120186,ICICI Prudential US Bluechip Equity Fund - Direct Plan - Growth,2025-05-21,66.85
ICICI Pru US Bluechip Equity Fund,120186,ICICI Prudential US Bluechip Equity Fund - Direct Plan - Growth,2025-05-22,66.84
ICICI Pru US Bluechip Equity Fund,120186,ICICI Prudential US Bluechip Equity Fund - Direct Plan - Growth,2025-05-23,66.33
ICICI Pru US Bluechip Equity Fund,120186,ICICI Prudential US Bluechip Equity Fund - Direct Plan - Growth,2025-05-27,67.41
ICICI Pru US Bluechip Equity Fund,120186,ICICI Prudential US Bluechip Equity Fund - Direct Plan - Growth,2025-05-28,66.98
ICICI Pru US Bluechip Equity Fund,120186,ICICI Prudential US Bluechip Equity Fund - Direct Plan - Growth,2025-05-29,67.49
ICICI Pru US Bluechip Equity Fund,120186,ICICI Prudential US Bluechip Equity Fund - Direct Plan - Growth,2025-05-30,67.24
ICICI Pru US Bluechip Equity Fund,120186,ICICI Prudential US Bluechip Equity Fund - Direct Plan - Growth,2025-06-02,67.08
ICICI Pru US Bluechip Equity Fund,120186,ICICI Prudential US Bluechip Equity Fund - Direct Plan - Growth,2025-06-03,67.77
ICICI Pru US Bluechip Equity Fund,120186,ICICI Prudential US Bluechip Equity Fund - Direct Plan - Growth,2025-06-04,68.42
ICICI Pru US Bluechip Equity Fund,120186,ICICI Prudential US Bluechip Equity Fund - Direct Plan - Growth,2025-06-05,67.86
ICICI Pru US Bluechip Equity Fund,120186,ICICI Prudential US Bluechip Equity Fund - Direct Plan - Growth,2025-06-06,68.54
ICICI Pru US Bluechip Equity Fund,120186,ICICI Prudential US Bluechip Equity Fund - Direct Plan - Growth,2025-06-09,68.9
ICICI Pru US Bluechip Equity Fund,120186,ICICI Prudential US Bluechip Equity Fund - Direct Plan - Growth,2025-06-10,69.79
ICICI Pru US Bluechip Equity Fund,120186,ICICI Prudential US Bluechip Equity Fund - Direct Plan - Growth,2025-06-11,69.29
ICICI Pru US Bluechip Equity Fund,120186,ICICI Prudential US Bluechip Equity Fund - Direct Plan - Growth,2025-06-12,69.46
ICICI Pru US Bluechip Equity Fund,120186,ICICI Prudential US Bluechip Equity Fund - Direct Plan - Growth,2025-06-13,68.74
ICICI Pru US Bluechip Equity Fund,120186,ICICI Prudential US Bluechip Equity Fund - Direct Plan - Growth,2025-06-16,69.41
ICICI Pru US Bluechip Equity Fund,120186,ICICI Prudential US Bluechip Equity Fund - Direct Plan - Growth,2025-06-17,68.57
ICICI Pru US Bluechip Equity Fund,120186,ICICI Prudential US Bluechip Equity Fund - Direct Plan - Growth,2025-06-18,68.55
ICICI Pru US Bluechip Equity Fund,120186,ICICI Prudential US Bluechip Equity Fund - Direct Plan - Growth,2025-06-20,68.69
ICICI Pru US Bluechip Equity Fund,120186,ICICI Prudential US Bluechip Equity Fund - Direct Plan - Growth,2025-06-23,69.34
ICICI Pru US Bluechip Equity Fund,120186,ICICI Prudential US Bluechip Equity Fund - Direct Plan - Growth,2025-06-24,69.49
ICICI Pru US Bluechip Equity Fund,120186,ICICI Prudential US Bluechip Equity Fund - Direct Plan - Growth,2025-06-25,69.26
ICICI Pru US Bluechip Equity Fund,120186,ICICI Prudential US Bluechip Equity Fund - Direct Plan - Growth,2025-06-26,69.66
ICICI Pru US Bluechip Equity Fund,120186,ICICI Prudential US Bluechip Equity Fund - Direct Plan - Growth,2025-06-27,69.9
ICICI Pru US Bluechip Equity Fund,120186,ICICI Prudential US Bluechip Equity Fund - Direct Plan - Growth,2025-06-30,69.99
ICICI Pru US Bluechip Equity Fund,120186,ICICI Prudential US Bluechip Equity Fund - Direct Plan - Growth,2025-07-01,71.29
ICICI Pru US Bluechip Equity Fund,120186,ICICI Prudential US Bluechip Equity Fund - Direct Plan - Growth,2025-07-02,72.15
ICICI Pru US Bluechip Equity Fund,120186,ICICI Prudential US Bluechip Equity Fund - Direct Plan - Growth,2025-07-03,72.2
ICICI Pru US Bluechip Equity Fund,120186,ICICI Prudential US Bluechip Equity Fund - Direct Plan - Growth,2025-07-07,71.76
ICICI Pru US Bluechip Equity Fund,120186,ICICI Prudential US Bluechip Equity Fund - Direct Plan - Growth,2025-07-08,72.08
ICICI Pru US Bluechip Equity Fund,120186,ICICI Prudential US Bluechip Equity Fund - Direct Plan - Growth,2025-07-09,72.31
ICICI Pru US Bluechip Equity Fund,120186,ICICI Prudential US Bluechip Equity Fund - Direct Plan - Growth,2025-07-10,72.76
ICICI Pru US Bluechip Equity Fund,120186,ICICI Prudential US Bluechip Equity Fund - Direct Plan - Growth,2025-07-11,72.31
ICICI Pru US Bluechip Equity Fund,120186,ICICI Prudential US Bluechip Equity Fund - Direct Plan - Growth,2025-07-14,72.02
ICICI Pru US Bluechip Equity Fund,120186,ICICI Prudential US Bluechip Equity Fund - Direct Plan - Growth,2025-07-15,71.01
ICICI Pru US Bluechip Equity Fund,120186,ICICI Prudential US Bluechip Equity Fund - Direct Plan - Growth,2025-07-16,71.28
ICICI Pru US Bluechip Equity Fund,120186,ICICI Prudential US Bluechip Equity Fund - Direct Plan - Growth,2025-07-17,72.08
ICICI Pru US Bluechip Equity Fund,120186,ICICI Prudential US Bluechip Equity Fund - Direct Plan - Growth,2025-07-18,72.03
ICICI Pru US Bluechip Equity Fund,120186,ICICI Prudential US Bluechip Equity Fund - Direct Plan - Growth,2025-07-21,71.79
ICICI Pru US Bluechip Equity Fund,120186,ICICI Prudential US Bluechip Equity Fund - Direct Plan - Growth,2025-07-22,73.05
ICICI Pru US Bluechip Equity Fund,120186,ICICI Prudential US Bluechip Equity Fund - Direct Plan - Growth,2025-07-23,74.09
ICICI Pru US Bluechip Equity Fund,120186,ICICI Prudential US Bluechip Equity Fund - Direct Plan - Growth,2025-07-24,74.56
ICICI Pru US Bluechip Equity Fund,120186,ICICI Prudential US Bluechip Equity Fund - Direct Plan - Growth,2025-07-25,74.82
ICICI Pru US Bluechip Equity Fund,120186,ICICI Prudential US Bluechip Equity Fund - Direct Plan - Growth,2025-07-28,74.61
ICICI Pru US Bluechip Equity Fund,120186,ICICI Prudential US Bluechip Equity Fund - Direct Plan - Growth,2025-07-29,74.64
ICICI Pru US Bluechip Equity Fund,120186,ICICI Prudential US Bluechip Equity Fund - Direct Plan - Growth,2025-07-30,74.23
ICICI Pru US Bluechip Equity Fund,120186,ICICI Prudential US Bluechip Equity Fund - Direct Plan - Growth,2025-07-31,73.5
ICICI Pru US Bluechip Equity Fund,120186,ICICI Prudential US Bluechip Equity Fund - Direct Plan - Growth,2025-08-01,72.92
ICICI Pru US Bluechip Equity Fund,120186,ICICI Prudential US Bluechip Equity Fund - Direct Plan - Growth,2025-08-04,73.75
ICICI Pru US Bluechip Equity Fund,120186,ICICI Prudential US Bluechip Equity Fund - Direct Plan - Growth,2025-08-05,73.92
ICICI Pru US Bluechip Equity Fund,120186,ICICI Prudential US Bluechip Equity Fund - Direct Plan - Growth,2025-08-06,73.13
ICICI Pru US Bluechip Equity Fund,120186,ICICI Prudential US Bluechip Equity Fund - Direct Plan - Growth,2025-08-07,73.28
ICICI Pru US Bluechip Equity Fund,120186,ICICI Prudential US Bluechip Equity Fund - Direct Plan - Growth,2025-08-08,73.34
ICICI Pru US Bluechip Equity Fund,120186,ICICI Prudential US Bluechip Equity Fund - Direct Plan - Growth,2025-08-11,72.86
ICICI Pru US Bluechip Equity Fund,120186,ICICI Prudential US Bluechip Equity Fund - Direct Plan - Growth,2025-08-12,74.16
ICICI Pru US Bluechip Equity Fund,120186,ICICI Prudential US Bluechip Equity Fund - Direct Plan - Growth,2025-08-13,75.47
ICICI Pru US Bluechip Equity Fund,120186,ICICI Prudential US Bluechip Equity Fund - Direct Plan - Growth,2025-08-14,74.76
ICICI Pru US Bluechip Equity Fund,120186,ICICI Prudential US Bluechip Equity Fund - Direct Plan - Growth,2025-08-18,74.54
ICICI Pru US Bluechip Equity Fund,120186,ICICI Prudential US Bluechip Equity Fund - Direct Plan - Growth,2025-08-19,74.48
ICICI Pru US Bluechip Equity Fund,120186,ICICI Prudential US Bluechip Equity Fund - Direct Plan - Growth,2025-08-20,74.15
ICICI Pru US Bluechip Equity Fund,120186,ICICI Prudential US Bluechip Equity Fund - Direct Plan - Growth,2025-08-21,73.68
ICICI Pru US Bluechip Equity Fund,120186,ICICI Prudential US Bluechip Equity Fund - Direct Plan - Growth,2025-08-22,75.87
ICICI Pru US Bluechip Equity Fund,120186,ICICI Prudential US Bluechip Equity Fund - Direct Plan - Growth,2025-08-25,75.22
ICICI Pru US Bluechip Equity Fund,120186,ICICI Prudential US Bluechip Equity Fund - Direct Plan - Growth,2025-08-26,75.35
ICICI Pru US Bluechip Equity Fund,120186,ICICI Prudential US Bluechip Equity Fund - Direct Plan - Growth,2025-08-28,75.3
ICICI Pru US Bluechip Equity Fund,120186,ICICI Prudential US Bluechip Equity Fund - Direct Plan - Growth,2025-08-29,75.51
ICICI Pru US Bluechip Equity Fund,120186,ICICI Prudential US Bluechip Equity Fund - Direct Plan - Growth,2025-09-02,74.92
ICICI Pru US Bluechip Equity Fund,120186,ICICI Prudential US Bluechip Equity Fund - Direct Plan - Growth,2025-09-03,75.07
ICICI Pru US Bluechip Equity Fund,120186,ICICI Prudential US Bluechip Equity Fund - Direct Plan - Growth,2025-09-04,75.22
ICICI Pru US Bluechip Equity Fund,120186,ICICI Prudential US Bluechip Equity Fund - Direct Plan - Growth,2025-09-05,75.95
ICICI Pru US Bluechip Equity Fund,120186,ICICI Prudential US Bluechip Equity Fund - Direct Plan - Growth,2025-09-08,75.97
ICICI Pru US Bluechip Equity Fund,120186,ICICI Prudential US Bluechip Equity Fund - Direct Plan - Growth,2025-09-09,75.52
ICICI Pru US Bluechip Equity Fund,120186,ICICI Prudential US Bluechip Equity Fund - Direct Plan - Growth,2025-09-10,74.95
ICICI Pru US Bluechip Equity Fund,120186,ICICI Prudential US Bluechip Equity Fund - Direct Plan - Growth,2025-09-11,76.0
ICICI Pru US Bluechip Equity Fund,120186,ICICI Prudential US Bluechip Equity Fund - Direct Plan - Growth,2025-09-12,74.89
ICICI Pru US Bluechip Equity Fund,120186,ICICI Prudential US Bluechip Equity Fund - Direct Plan - Growth,2025-09-15,74.87
ICICI Pru US Bluechip Equity Fund,120186,ICICI Prudential US Bluechip Equity Fund - Direct Plan - Growth,2025-09-16,74.88
ICICI Pru US Bluechip Equity Fund,120186,ICICI Prudential US Bluechip Equity Fund - Direct Plan - Growth,2025-09-17,74.68
ICICI Pru US Bluechip Equity Fund,120186,ICICI Prudential US Bluechip Equity Fund - Direct Plan - Growth,2025-09-18,75.37
ICICI Pru US Bluechip Equity Fund,120186,ICICI Prudential US Bluechip Equity Fund - Direct Plan - Growth,2025-09-19,75.42
ICICI Pru US Bluechip Equity Fund,120186,ICICI Prudential US Bluechip Equity Fund - Direct Plan - Growth,2025-09-22,75.18
ICICI Pru US Bluechip Equity Fund,120186,ICICI Prudential US Bluechip Equity Fund - Direct Plan - Growth,2025-09-23,75.55
ICICI Pru US Bluechip Equity Fund,120186,ICICI Prudential US Bluechip Equity Fund - Direct Plan - Growth,2025-09-24,75.27
ICICI Pru US Bluechip Equity Fund,120186,ICICI Prudential US Bluechip Equity Fund - Direct Plan - Growth,2025-09-25,74.04
ICICI Pru US Bluechip Equity Fund,120186,ICICI Prudential US Bluechip Equity Fund - Direct Plan - Growth,2025-09-26,74.95
ICICI Pru US Bluechip Equity Fund,120186,ICICI Prudential US Bluechip Equity Fund - Direct Plan - Growth,2025-09-30,75.64
ICICI Pru US Bluechip Equity Fund,120186,ICICI Prudential US Bluechip Equity Fund - Direct Plan - Growth,2025-10-01,76.65
ICICI Pru US Bluechip Equity Fund,120186,ICICI Prudential US Bluechip Equity Fund - Direct Plan - Growth,2025-10-03,77.18
ICICI Pru US Bluechip Equity Fund,120186,ICICI Prudential US Bluechip Equity Fund - Direct Plan - Growth,2025-10-06,76.99
ICICI Pru US Bluechip Equity Fund,120186,ICICI Prudential US Bluechip Equity Fund - Direct Plan - Growth,2025-10-07,76.36
ICICI Pru US Bluechip Equity Fund,120186,ICICI Prudential US Bluechip Equity Fund - Direct Plan - Growth,2025-10-08,76.84
ICICI Pru US Bluechip Equity Fund,120186,ICICI Prudential US Bluechip Equity Fund - Direct Plan - Growth,2025-10-09,76.42
ICICI Pru US Bluechip Equity Fund,120186,ICICI Prudential US Bluechip Equity Fund - Direct Plan - Growth,2025-10-10,74.67
ICICI Pru US Bluechip Equity Fund,120186,ICICI Prudential US Bluechip Equity Fund - Direct Plan - Growth,2025-10-13,75.53
ICICI Pru US Bluechip Equity Fund,120186,ICICI Prudential US Bluechip Equity Fund - Direct Plan - Growth,2025-10-14,75.9
ICICI Pru US Bluechip Equity Fund,120186,ICICI Prudential US Bluechip Equity Fund - Direct Plan - Growth,2025-10-15,75.52
ICICI Pru US Bluechip Equity Fund,120186,ICICI Prudential US Bluechip Equity Fund - Direct Plan - Growth,2025-10-16,75.02
ICICI Pru US Bluechip Equity Fund,120186,ICICI Prudential US Bluechip Equity Fund - Direct Plan - Growth,2025-10-17,75.59
ICICI Pru US Bluechip Equity Fund,120186,ICICI Prudential US Bluechip Equity Fund - Direct Plan - Growth,2025-10-20,76.35
ICICI Pru US Bluechip Equity Fund,120186,ICICI Prudential US Bluechip Equity Fund - Direct Plan - Growth,2025-10-23,77.25
ICICI Pru US Bluechip Equity Fund,120186,ICICI Prudential US Bluechip Equity Fund - Direct Plan - Growth,2025-10-24,77.18
ICICI Pru US Bluechip Equity Fund,120186,ICICI Prudential US Bluechip Equity Fund - Direct Plan - Growth,2025-10-27,77.62
ICICI Pru US Bluechip Equity Fund,120186,ICICI Prudential US Bluechip Equity Fund - Direct Plan - Growth,2025-10-28,77.15
ICICI Pru US Bluechip Equity Fund,120186,ICICI Prudential US Bluechip Equity Fund - Direct Plan - Growth,2025-10-29,76.3
ICICI Pru US Bluechip Equity Fund,120186,ICICI Prudential US Bluechip Equity Fund - Direct Plan - Growth,2025-10-30,76.5
ICICI Pru US Bluechip Equity Fund,120186,ICICI Prudential US Bluechip Equity Fund - Direct Plan - Growth,2025-10-31,77.21
ICICI Pru US Bluechip Equity Fund,120186,ICICI Prudential US Bluechip Equity Fund - Direct Plan - Growth,2025-11-03,76.92
ICICI Pru US Bluechip Equity Fund,120186,ICICI Prudential US Bluechip Equity Fund - Direct Plan - Growth,2025-11-04,76.32
ICICI Pru US Bluechip Equity Fund,120186,ICICI Prudential US Bluechip Equity Fund - Direct Plan - Growth,2025-11-06,75.82
ICICI Pru US Bluechip Equity Fund,120186,ICICI Prudential US Bluechip Equity Fund - Direct Plan - Growth,2025-11-07,76.12
ICICI Pru US Bluechip Equity Fund,120186,ICICI Prudential US Bluechip Equity Fund - Direct Plan - Growth,2025-11-10,76.54
ICICI Pru US Bluechip Equity Fund,120186,ICICI Prudential US Bluechip Equity Fund - Direct Plan - Growth,2025-11-11,77.55
ICICI Pru US Bluechip Equity Fund,120186,ICICI Prudential US Bluechip Equity Fund - Direct Plan - Growth,2025-11-12,77.7
ICICI Pru US Bluechip Equity Fund,120186,ICICI Prudential US Bluechip Equity Fund - Direct Plan - Growth,2025-11-13,77.16
ICICI Pru US Bluechip Equity Fund,120186,ICICI Prudential US Bluechip Equity Fund - Direct Plan - Growth,2025-11-14,76.71
ICICI Pru US Bluechip Equity Fund,120186,ICICI Prudential US Bluechip Equity Fund - Direct Plan - Growth,2025-11-17,75.78
ICICI Pru US Bluechip Equity Fund,120186,ICICI Prudential US Bluechip Equity Fund - Direct Plan - Growth,2025-11-18,75.89
ICICI Pru US Bluechip Equity Fund,120186,ICICI Prudential US Bluechip Equity Fund - Direct Plan - Growth,2025-11-19,75.47
ICICI Pru US Bluechip Equity Fund,120186,ICICI Prudential US Bluechip Equity Fund - Direct Plan - Growth,2025-11-20,75.03
ICICI Pru US Bluechip Equity Fund,120186,ICICI Prudential US Bluechip Equity Fund - Direct Plan - Growth,2025-11-21,76.79
ICICI Pru US Bluechip Equity Fund,120186,ICICI Prudential US Bluechip Equity Fund - Direct Plan - Growth,2025-11-24,77.62
ICICI Pru US Bluechip Equity Fund,120186,ICICI Prudential US Bluechip Equity Fund - Direct Plan - Growth,2025-11-25,78.96
ICICI Pru US Bluechip Equity Fund,120186,ICICI Prudential US Bluechip Equity Fund - Direct Plan - Growth,2025-11-26,79.08
ICICI Pru US Bluechip Equity Fund,120186,ICICI Prudential US Bluechip Equity Fund - Direct Plan - Growth,2025-11-28,79.52
ICICI Pru US Bluechip Equity Fund,120186,ICICI Prudential US Bluechip Equity Fund - Direct Plan - Growth,2025-12-01,79.3
ICICI Pru US Bluechip Equity Fund,120186,ICICI Prudential US Bluechip Equity Fund - Direct Plan - Growth,2025-12-02,79.78
ICICI Pru US Bluechip Equity Fund,120186,ICICI Prudential US Bluechip Equity Fund - Direct Plan - Growth,2025-12-03,81.07
ICICI Pru US Bluechip Equity Fund,120186,ICICI Prudential US Bluechip Equity Fund - Direct Plan - Growth,2025-12-04,81.09
ICICI Pru US Bluechip Equity Fund,120186,ICICI Prudential US Bluechip Equity Fund - Direct Plan - Growth,2025-12-05,81.13
ICICI Pru US Bluechip Equity Fund,120186,ICICI Prudential US Bluechip Equity Fund - Direct Plan - Growth,2025-12-08,80.62
ICICI Pru US Bluechip Equity Fund,120186,ICICI Prudential US Bluechip Equity Fund - Direct Plan - Growth,2025-12-09,80.14
ICICI Pru US Bluechip Equity Fund,120186,ICICI Prudential US Bluechip Equity Fund - Direct Plan - Growth,2025-12-10,81.37
ICICI Pru US Bluechip Equity Fund,120186,ICICI Prudential US Bluechip Equity Fund - Direct Plan - Growth,2025-12-11,82.2
ICICI Pru US Bluechip Equity Fund,120186,ICICI Prudential US Bluechip Equity Fund - Direct Plan - Growth,2025-12-12,81.82
ICICI Pru US Bluechip Equity Fund,120186,ICICI Prudential US Bluechip Equity Fund - Direct Plan - Growth,2025-12-15,82.14
ICICI Pru US Bluechip Equity Fund,120186,ICICI Prudential US Bluechip Equity Fund - Direct Plan - Growth,2025-12-16,82.03
ICICI Pru US Bluechip Equity Fund,120186,ICICI Prudential US Bluechip Equity Fund - Direct Plan - Growth,2025-12-17,81.11
ICICI Pru US Bluechip Equity Fund,120186,ICICI Prudential US Bluechip Equity Fund - Direct Plan - Growth,2025-12-18,81.07
ICICI Pru US Bluechip Equity Fund,120186,ICICI Prudential US Bluechip Equity Fund - Direct Plan - Growth,2025-12-19,81.26
ICICI Pru US Bluechip Equity Fund,120186,ICICI Prudential US Bluechip Equity Fund - Direct Plan - Growth,2025-12-22,81.38
ICICI Pru US Bluechip Equity Fund,120186,ICICI Prudential US Bluechip Equity Fund - Direct Plan - Growth,2025-12-23,81.35
ICICI Pru US Bluechip Equity Fund,120186,ICICI Prudential US Bluechip Equity Fund - Direct Plan - Growth,2025-12-24,81.65
ICICI Pru US Bluechip Equity Fund,120186,ICICI Prudential US Bluechip Equity Fund - Direct Plan - Growth,2025-12-26,81.72
ICICI Pru US Bluechip Equity Fund,120186,ICICI Prudential US Bluechip Equity Fund - Direct Plan - Growth,2025-12-29,81.66
ICICI Pru US Bluechip Equity Fund,120186,ICICI Prudential US Bluechip Equity Fund - Direct Plan - Growth,2025-12-30,81.55
ICICI Pru US Bluechip Equity Fund,120186,ICICI Prudential US Bluechip Equity Fund - Direct Plan - Growth,2025-12-31,80.97
ICICI Pru US Bluechip Equity Fund,120186,ICICI Prudential US Bluechip Equity Fund - Direct Plan - Growth,2026-01-02,81.25
ICICI Pru US Bluechip Equity Fund,120186,ICICI Prudential US Bluechip Equity Fund - Direct Plan - Growth,2026-01-05,82.34
ICICI Pru US Bluechip Equity Fund,120186,ICICI Prudential US Bluechip Equity Fund - Direct Plan - Growth,2026-01-06,83.31
ICICI Pru US Bluechip Equity Fund,120186,ICICI Prudential US Bluechip Equity Fund - Direct Plan - Growth,2026-01-07,82.43
ICICI Pru US Bluechip Equity Fund,120186,ICICI Prudential US Bluechip Equity Fund - Direct Plan - Growth,2026-01-08,83.2
ICICI Pru US Bluechip Equity Fund,120186,ICICI Prudential US Bluechip Equity Fund - Direct Plan - Growth,2026-01-09,84.1
ICICI Pru US Bluechip Equity Fund,120186,ICICI Prudential US Bluechip Equity Fund - Direct Plan - Growth,2026-01-12,84.28
ICICI Pru US Bluechip Equity Fund,120186,ICICI Prudential US Bluechip Equity Fund - Direct Plan - Growth,2026-01-13,84.01
ICICI Pru US Bluechip Equity Fund,120186,ICICI Prudential US Bluechip Equity Fund - Direct Plan - Growth,2026-01-14,84.43
ICICI Pru US Bluechip Equity Fund,120186,ICICI Prudential US Bluechip Equity Fund - Direct Plan - Growth,2026-01-16,84.43
ICICI Pru US Bluechip Equity Fund,120186,ICICI Prudential US Bluechip Equity Fund - Direct Plan - Growth,2026-01-20,83.81
ICICI Pru US Bluechip Equity Fund,120186,ICICI Prudential US Bluechip Equity Fund - Direct Plan - Growth,2026-01-21,85.38
ICICI Pru US Bluechip Equity Fund,120186,ICICI Prudential US Bluechip Equity Fund - Direct Plan - Growth,2026-01-22,85.85
ICICI Pru US Bluechip Equity Fund,120186,ICICI Prudential US Bluechip Equity Fund - Direct Plan - Growth,2026-01-23,85.48
ICICI Pru US Bluechip Equity Fund,120186,ICICI Prudential US Bluechip Equity Fund - Direct Plan - Growth,2026-01-27,85.68
ICICI Pru US Bluechip Equity Fund,120186,ICICI Prudential US Bluechip Equity Fund - Direct Plan - Growth,2026-01-28,84.9
ICICI Pru US Bluechip Equity Fund,120186,ICICI Prudential US Bluechip Equity Fund - Direct Plan - Growth,2026-01-29,84.26
ICICI Pru US Bluechip Equity Fund,120186,ICICI Prudential US Bluechip Equity Fund - Direct Plan - Growth,2026-01-30,84.01
ICICI Pru US Bluechip Equity Fund,120186,ICICI Prudential US Bluechip Equity Fund - Direct Plan - Growth,2026-02-02,84.1
ICICI Pru US Bluechip Equity Fund,120186,ICICI Prudential US Bluechip Equity Fund - Direct Plan - Growth,2026-02-03,81.73
ICICI Pru US Bluechip Equity Fund,120186,ICICI Prudential US Bluechip Equity Fund - Direct Plan - Growth,2026-02-04,83.38
ICICI Pru US Bluechip Equity Fund,120186,ICICI Prudential US Bluechip Equity Fund - Direct Plan - Growth,2026-02-05,81.92
ICICI Pru US Bluechip Equity Fund,120186,ICICI Prudential US Bluechip Equity Fund - Direct Plan - Growth,2026-02-06,83.05
ICICI Pru US Bluechip Equity Fund,120186,ICICI Prudential US Bluechip Equity Fund - Direct Plan - Growth,2026-02-09,83.23
ICICI Pru US Bluechip Equity Fund,120186,ICICI Prudential US Bluechip Equity Fund - Direct Plan - Growth,2026-02-10,83.59
ICICI Pru US Bluechip Equity Fund,120186,ICICI Prudential US Bluechip Equity Fund - Direct Plan - Growth,2026-02-11,83.24
ICICI Pru US Bluechip Equity Fund,120186,ICICI Prudential US Bluechip Equity Fund - Direct Plan - Growth,2026-02-12,82.29
ICICI Pru US Bluechip Equity Fund,120186,ICICI Prudential US Bluechip Equity Fund - Direct Plan - Growth,2026-02-13,83.28
ICICI Pru US Bluechip Equity Fund,120186,ICICI Prudential US Bluechip Equity Fund - Direct Plan - Growth,2026-02-17,82.97
ICICI Pru US Bluechip Equity Fund,120186,ICICI Prudential US Bluechip Equity Fund - Direct Plan - Growth,2026-02-18,83.55
ICICI Pru US Bluechip Equity Fund,120186,ICICI Prudential US Bluechip Equity Fund - Direct Plan - Growth,2026-02-19,83.45
ICICI Pru US Bluechip Equity Fund,120186,ICICI Prudential US Bluechip Equity Fund - Direct Plan - Growth,2026-02-20,83.81
ICICI Pru US Bluechip Equity Fund,120186,ICICI Prudential US Bluechip Equity Fund - Direct Plan - Growth,2026-02-23,82.87
ICICI Pru US Bluechip Equity Fund,120186,ICICI Prudential US Bluechip Equity Fund - Direct Plan - Growth,2026-02-24,83.8
ICICI Pru US Bluechip Equity Fund,120186,ICICI Prudential US Bluechip Equity Fund - Direct Plan - Growth,2026-02-25,83.81
ICICI Pru US Bluechip Equity Fund,120186,ICICI Prudential US Bluechip Equity Fund - Direct Plan - Growth,2026-02-26,84.54
ICICI Pru US Bluechip Equity Fund,120186,ICICI Prudential US Bluechip Equity Fund - Direct Plan - Growth,2026-02-27,84.65
ICICI Pru US Bluechip Equity Fund,120186,ICICI Prudential US Bluechip Equity Fund - Direct Plan - Growth,2026-03-02,84.59
ICICI Pru US Bluechip Equity Fund,120186,ICICI Prudential US Bluechip Equity Fund - Direct Plan - Growth,2026-03-04,84.42
ICICI Pru US Bluechip Equity Fund,120186,ICICI Prudential US Bluechip Equity Fund - Direct Plan - Growth,2026-03-05,82.98
ICICI Pru US Bluechip Equity Fund,120186,ICICI Prudential US Bluechip Equity Fund - Direct Plan - Growth,2026-03-06,82.43
ICICI Pru US Bluechip Equity Fund,120186,ICICI Prudential US Bluechip Equity Fund - Direct Plan - Growth,2026-03-09,82.79
ICICI Pru US Bluechip Equity Fund,120186,ICICI Prudential US Bluechip Equity Fund - Direct Plan - Growth,2026-03-10,81.66
ICICI Pru US Bluechip Equity Fund,120186,ICICI Prudential US Bluechip Equity Fund - Direct Plan - Growth,2026-03-11,80.82
ICICI Pru US Bluechip Equity Fund,120186,ICICI Prudential US Bluechip Equity Fund - Direct Plan - Growth,2026-03-12,79.4
ICICI Pru US Bluechip Equity Fund,120186,ICICI Prudential US Bluechip Equity Fund - Direct Plan - Growth,2026-03-13,79.48
ICICI Pru US Bluechip Equity Fund,120186,ICICI Prudential US Bluechip Equity Fund - Direct Plan - Growth,2026-03-16,80.12
ICICI Pru US Bluechip Equity Fund,120186,ICICI Prudential US Bluechip Equity Fund - Direct Plan - Growth,2026-03-17,80.55
ICICI Pru US Bluechip Equity Fund,120186,ICICI Prudential US Bluechip Equity Fund - Direct Plan - Growth,2026-03-18,79.22
ICICI Pru US Bluechip Equity Fund,120186,ICICI Prudential US Bluechip Equity Fund - Direct Plan - Growth,2026-03-19,79.03
ICICI Pru US Bluechip Equity Fund,120186,ICICI Prudential US Bluechip Equity Fund - Direct Plan - Growth,2026-03-20,79.14
ICICI Pru US Bluechip Equity Fund,120186,ICICI Prudential US Bluechip Equity Fund - Direct Plan - Growth,2026-03-23,79.91
ICICI Pru US Bluechip Equity Fund,120186,ICICI Prudential US Bluechip Equity Fund - Direct Plan - Growth,2026-03-24,78.89
ICICI Pru US Bluechip Equity Fund,120186,ICICI Prudential US Bluechip Equity Fund - Direct Plan - Growth,2026-03-25,79.13
ICICI Pru US Bluechip Equity Fund,120186,ICICI Prudential US Bluechip Equity Fund - Direct Plan - Growth,2026-03-27,77.92
ICICI Pru US Bluechip Equity Fund,120186,ICICI Prudential US Bluechip Equity Fund - Direct Plan - Growth,2026-03-30,78.34
ICICI Pru US Bluechip Equity Fund,120186,ICICI Prudential US Bluechip Equity Fund - Direct Plan - Growth,2026-03-31,79.87
ICICI Pru US Bluechip Equity Fund,120186,ICICI Prudential US Bluechip Equity Fund - Direct Plan - Growth,2026-04-01,79.73
ICICI Pru US Bluechip Equity Fund,120186,ICICI Prudential US Bluechip Equity Fund - Direct Plan - Growth,2026-04-02,78.66
ICICI Pru US Bluechip Equity Fund,120186,ICICI Prudential US Bluechip Equity Fund - Direct Plan - Growth,2026-04-06,78.88
ICICI Pru US Bluechip Equity Fund,120186,ICICI Prudential US Bluechip Equity Fund - Direct Plan - Growth,2026-04-07,78.3
ICICI Pru US Bluechip Equity Fund,120186,ICICI Prudential US Bluechip Equity Fund - Direct Plan - Growth,2026-04-08,79.44
ICICI Pru US Bluechip Equity Fund,120186,ICICI Prudential US Bluechip Equity Fund - Direct Plan - Growth,2026-04-09,79.67
ICICI Pru US Bluechip Equity Fund,120186,ICICI Prudential US Bluechip Equity Fund - Direct Plan - Growth,2026-04-10,78.64
ICICI Pru US Bluechip Equity Fund,120186,ICICI Prudential US Bluechip Equity Fund - Direct Plan - Growth,2026-04-13,80.66
ICICI Pru US Bluechip Equity Fund,120186,ICICI Prudential US Bluechip Equity Fund - Direct Plan - Growth,2026-04-15,81.96
ICICI Pru US Bluechip Equity Fund,120186,ICICI Prudential US Bluechip Equity Fund - Direct Plan - Growth,2026-04-16,82.04
ICICI Pru US Bluechip Equity Fund,120186,ICICI Prudential US Bluechip Equity Fund - Direct Plan - Growth,2026-04-17,82.32
ICICI Pru US Bluechip Equity Fund,120186,ICICI Prudential US Bluechip Equity Fund - Direct Plan - Growth,2026-04-20,82.79
ICICI Pru US Bluechip Equity Fund,120186,ICICI Prudential US Bluechip Equity Fund - Direct Plan - Growth,2026-04-21,82.4
ICICI Pru US Bluechip Equity Fund,120186,ICICI Prudential US Bluechip Equity Fund - Direct Plan - Growth,2026-04-22,82.8
ICICI Pru US Bluechip Equity Fund,120186,ICICI Prudential US Bluechip Equity Fund - Direct Plan - Growth,2026-04-23,81.8
ICICI Pru US Bluechip Equity Fund,120186,ICICI Prudential US Bluechip Equity Fund - Direct Plan - Growth,2026-04-24,82.19
ICICI Pru US Bluechip Equity Fund,120186,ICICI Prudential US Bluechip Equity Fund - Direct Plan - Growth,2026-04-27,81.88
ICICI Pru US Bluechip Equity Fund,120186,ICICI Prudential US Bluechip Equity Fund - Direct Plan - Growth,2026-04-28,81.55
ICICI Pru US Bluechip Equity Fund,120186,ICICI Prudential US Bluechip Equity Fund - Direct Plan - Growth,2026-04-29,81.75
ICICI Pru US Bluechip Equity Fund,120186,ICICI Prudential US Bluechip Equity Fund - Direct Plan - Growth,2026-04-30,82.75
ICICI Pru US Bluechip Equity Fund,120186,ICICI Prudential US Bluechip Equity Fund - Direct Plan - Growth,2026-05-04,81.51
ICICI Pru US Bluechip Equity Fund,120186,ICICI Prudential US Bluechip Equity Fund - Direct Plan - Growth,2026-05-05,82.39
ICICI Pru US Bluechip Equity Fund,120186,ICICI Prudential US Bluechip Equity Fund - Direct Plan - Growth,2026-05-06,82.89
ICICI Pru US Bluechip Equity Fund,120186,ICICI Prudential US Bluechip Equity Fund - Direct Plan - Growth,2026-05-07,83.07
ICICI Pru US Bluechip Equity Fund,120186,ICICI Prudential US Bluechip Equity Fund - Direct Plan - Growth,2026-05-08,82.49
ICICI Pru US Bluechip Equity Fund,120186,ICICI Prudential US Bluechip Equity Fund - Direct Plan - Growth,2026-05-11,81.84
ICICI Pru US Bluechip Equity Fund,120186,ICICI Prudential US Bluechip Equity Fund - Direct Plan - Growth,2026-05-12,81.97
ICICI Pru US Bluechip Equity Fund,120186,ICICI Prudential US Bluechip Equity Fund - Direct Plan - Growth,2026-05-13,81.48
ICICI Pru US Bluechip Equity Fund,120186,ICICI Prudential US Bluechip Equity Fund - Direct Plan - Growth,2026-05-14,81.59
ICICI Pru US Bluechip Equity Fund,120186,ICICI Prudential US Bluechip Equity Fund - Direct Plan - Growth,2026-05-15,81.59
ICICI Pru US Bluechip Equity Fund,120186,ICICI Prudential US Bluechip Equity Fund - Direct Plan - Growth,2026-05-18,82.93
ICICI Pru US Bluechip Equity Fund,120186,ICICI Prudential US Bluechip Equity Fund - Direct Plan - Growth,2026-05-19,82.44
ICICI Pru US Bluechip Equity Fund,120186,ICICI Prudential US Bluechip Equity Fund - Direct Plan - Growth,2026-05-20,83.88
ICICI Pru US Bluechip Equity Fund,120186,ICICI Prudential US Bluechip Equity Fund - Direct Plan - Growth,2026-05-21,83.36
ICICI Pru US Bluechip Equity Fund,120186,ICICI Prudential US Bluechip Equity Fund - Direct Plan - Growth,2026-05-22,83.91
ICICI Pru US Bluechip Equity Fund,120186,ICICI Prudential US Bluechip Equity Fund - Direct Plan - Growth,2026-05-26,83.23
ICICI Pru US Bluechip Equity Fund,120186,ICICI Prudential US Bluechip Equity Fund - Direct Plan - Growth,2026-05-27,83.51
ICICI Pru US Bluechip Equity Fund,120186,ICICI Prudential US Bluechip Equity Fund - Direct Plan - Growth,2026-05-29,84.79
ICICI Pru US Bluechip Equity Fund,120186,ICICI Prudential US Bluechip Equity Fund - Direct Plan - Growth,2026-06-01,85.08
ICICI Pru US Bluechip Equity Fund,120186,ICICI Prudential US Bluechip Equity Fund - Direct Plan - Growth,2026-06-02,84.44
ICICI Pru US Bluechip Equity Fund,120186,ICICI Prudential US Bluechip Equity Fund - Direct Plan - Growth,2026-06-03,83.96
ICICI Pru US Bluechip Equity Fund,120186,ICICI Prudential US Bluechip Equity Fund - Direct Plan - Growth,2026-06-04,84.73
ICICI Pru US Bluechip Equity Fund,120186,ICICI Prudential US Bluechip Equity Fund - Direct Plan - Growth,2026-06-05,83.54
ICICI Pru US Bluechip Equity Fund,120186,ICICI Prudential US Bluechip Equity Fund - Direct Plan - Growth,2026-06-08,83.39
ICICI Pru US Bluechip Equity Fund,120186,ICICI Prudential US Bluechip Equity Fund - Direct Plan - Growth,2026-06-09,84.12
ICICI Pru US Bluechip Equity Fund,120186,ICICI Prudential US Bluechip Equity Fund - Direct Plan - Growth,2026-06-10,82.65
ICICI Pru US Bluechip Equity Fund,120186,ICICI Prudential US Bluechip Equity Fund - Direct Plan - Growth,2026-06-11,83.63
ICICI Pru US Bluechip Equity Fund,120186,ICICI Prudential US Bluechip Equity Fund - Direct Plan - Growth,2026-06-12,83.61
ICICI Pru US Bluechip Equity Fund,120186,ICICI Prudential US Bluechip Equity Fund - Direct Plan - Growth,2026-06-15,83.56
ICICI Pru US Bluechip Equity Fund,120186,ICICI Prudential US Bluechip Equity Fund - Direct Plan - Growth,2026-06-16,83.47
ICICI Pru US Bluechip Equity Fund,120186,ICICI Prudential US Bluechip Equity Fund - Direct Plan - Growth,2026-06-17,81.24
ICICI Pru US Bluechip Equity Fund,120186,ICICI Prudential US Bluechip Equity Fund - Direct Plan - Growth,2026-06-18,81.51
ICICI Pru US Bluechip Equity Fund,120186,ICICI Prudential US Bluechip Equity Fund - Direct Plan - Growth,2026-06-22,80.84
ICICI Pru US Bluechip Equity Fund,120186,ICICI Prudential US Bluechip Equity Fund - Direct Plan - Growth,2026-06-23,81.32
ICICI Pru US Bluechip Equity Fund,120186,ICICI Prudential US Bluechip Equity Fund - Direct Plan - Growth,2026-06-24,82.07
ICICI Pru US Bluechip Equity Fund,120186,ICICI Prudential US Bluechip Equity Fund - Direct Plan - Growth,2026-06-25,81.75
ICICI Pru US Bluechip Equity Fund,120186,ICICI Prudential US Bluechip Equity Fund - Direct Plan - Growth,2026-06-29,82.68
ICICI Pru US Bluechip Equity Fund,120186,ICICI Prudential US Bluechip Equity Fund - Direct Plan - Growth,2026-06-30,82.73
ICICI Pru US Bluechip Equity Fund,120186,ICICI Prudential US Bluechip Equity Fund - Direct Plan - Growth,2026-07-01,84.01
ICICI Pru US Bluechip Equity Fund,120186,ICICI Prudential US Bluechip Equity Fund - Direct Plan - Growth,2026-07-02,85.72
ICICI Pru US Bluechip Equity Fund,120186,ICICI Prudential US Bluechip Equity Fund - Direct Plan - Growth,2026-07-06,85.7
ICICI Pru US Bluechip Equity Fund,120186,ICICI Prudential US Bluechip Equity Fund - Direct Plan - Growth,2026-07-07,85.75
ICICI Pru US Bluechip Equity Fund,120186,ICICI Prudential US Bluechip Equity Fund - Direct Plan - Growth,2026-07-08,84.41
ICICI Pru US Bluechip Equity Fund,120186,ICICI Prudential US Bluechip Equity Fund - Direct Plan - Growth,2026-07-09,85.18
ICICI Pru US Bluechip Equity Fund,120186,ICICI Prudential US Bluechip Equity Fund - Direct Plan - Growth,2026-07-10,85.61
ICICI Pru US Bluechip Equity Fund,120186,ICICI Prudential US Bluechip Equity Fund - Direct Plan - Growth,2026-07-13,86.38
ICICI Pru US Bluechip Equity Fund,120186,ICICI Prudential US Bluechip Equity Fund - Direct Plan - Growth,2026-07-14,85.78
ICICI Pru US Bluechip Equity Fund,120186,ICICI Prudential US Bluechip Equity Fund - Direct Plan - Growth,2026-07-15,86.25
ICICI Pru US Bluechip Equity Fund,120186,ICICI Prudential US Bluechip Equity Fund - Direct Plan - Growth,2026-07-16,87.64
ICICI Pru US Bluechip Equity Fund,120186,ICICI Prudential US Bluechip Equity Fund - Direct Plan - Growth,2026-07-17,86.63
ICICI Pru US Bluechip Equity Fund,120186,ICICI Prudential US Bluechip Equity Fund - Direct Plan - Growth,2026-07-20,86.75
ICICI Pru US Bluechip Equity Fund,120186,ICICI Prudential US Bluechip Equity Fund - Direct Plan - Growth,2026-07-21,85.54
ICICI Pru US Bluechip Equity Fund,120186,ICICI Prudential US Bluechip Equity Fund - Direct Plan - Growth,2026-07-22,85.14
ICICI Pru US Bluechip Equity Fund,120186,ICICI Prudential US Bluechip Equity Fund - Direct Plan - Growth,2026-07-23,84.67
ICICI Pru US Bluechip Equity Fund,120186,ICICI Prudential US Bluechip Equity Fund - Direct Plan - Growth,2026-07-24,85.53
ICICI Pru US Bluechip Equity Fund,120186,ICICI Prudential US Bluechip Equity Fund - Direct Plan - Growth,2026-07-27,86.86
ICICI Pru US Bluechip Equity Fund,120186,ICICI Prudential US Bluechip Equity Fund - Direct Plan - Growth,2026-07-28,88.3
ICICI Pru US Bluechip Equity Fund,120186,ICICI Prudential US Bluechip Equity Fund - Direct Plan - Growth,2026-07-29,88.23
ICICI Pru US Bluechip Equity Fund,120186,ICICI Prudential US Bluechip Equity Fund - Direct Plan - Growth,2026-07-30,87.76
ICICI Pru US Bluechip Equity Fund,120186,ICICI Prudential US Bluechip Equity Fund - Direct Plan - Growth,2026-07-31,87.63
ICICI Pru US Bluechip Equity Fund,120186,ICICI Prudential US Bluechip Equity Fund - Direct Plan - Growth,2026-08-03,88.66
ICICI Pru US Bluechip Equity Fund,120186,ICICI Prudential US Bluechip Equity Fund - Direct Plan - Growth,2026-08-04,90.05
ICICI Pru US Bluechip Equity Fund,120186,ICICI Prudential US Bluechip Equity Fund - Direct Plan - Growth,2026-08-05,89.91
ICICI Pru US Bluechip Equity Fund,120186,ICICI Prudential US Bluechip Equity Fund - Direct Plan - Growth,2026-08-06,89.7
ICICI Pru US Bluechip Equity Fund,120186,ICICI Prudential US Bluechip Equity Fund - Direct Plan - Growth,2026-08-07,91.07
ICICI Pru US Bluechip Equity Fund,120186,ICICI Prudential US Bluechip Equity Fund - Direct Plan - Growth,2026-08-10,91.68
ICICI Pru US Bluechip Equity Fund,120186,ICICI Prudential US Bluechip Equity Fund - Direct Plan - Growth,2026-08-11,91.74
ICICI Pru US Bluechip Equity Fund,120186,ICICI Prudential US Bluechip Equity Fund - Direct Plan - Growth,2026-08-12,91.41
ICICI Pru US Bluechip Equity Fund,120186,ICICI Prudential US Bluechip Equity Fund - Direct Plan - Growth,2026-08-13,92.64
ICICI Pru US Bluechip Equity Fund,120186,ICICI Prudential US Bluechip Equity Fund - Direct Plan - Growth,2026-08-14,92.12
ICICI Pru US Bluechip Equity Fund,120186,ICICI Prudential US Bluechip Equity Fund - Direct Plan - Growth,2026-08-17,90.84
ICICI Pru US Bluechip Equity Fund,120186,ICICI Prudential US Bluechip Equity Fund - Direct Plan - Growth,2026-08-18,91.09
ICICI Pru US Bluechip Equity Fund,120186,ICICI Prudential US Bluechip Equity Fund - Direct Plan - Growth,2026-08-19,93.29
ICICI Pru US Bluechip Equity Fund,120186,ICICI Prudential US Bluechip Equity Fund - Direct Plan - Growth,2026-08-20,92.66
ICICI Pru US Bluechip Equity Fund,120186,ICICI Prudential US Bluechip Equity Fund - Direct Plan - Growth,2026-08-21,93.78
ICICI Pru US Bluechip Equity Fund,120186,ICICI Prudential US Bluechip Equity Fund - Direct Plan - Growth,2026-08-24,94.0
ICICI Pru US Bluechip Equity Fund,120186,ICICI Prudential US Bluechip Equity Fund - Direct Plan - Growth,2026-08-25,93.52
ICICI Pru US Bluechip Equity Fund,120186,ICICI Prudential US Bluechip Equity Fund - Direct Plan - Growth,2026-08-26,93.32
ICICI Pru US Bluechip Equity Fund,120186,ICICI Prudential US Bluechip Equity Fund - Direct Plan - Growth,2026-08-27,94.05
ICICI Pru US Bluechip Equity Fund,120186,ICICI Prudential US Bluechip Equity Fund - Direct Plan - Growth,2026-08-28,94.32
ICICI Pru US Bluechip Equity Fund,120186,ICICI Prudential US Bluechip Equity Fund - Direct Plan - Growth,2026-08-31,93.57
ICICI Pru US Bluechip Equity Fund,120186,ICICI Prudential US Bluechip Equity Fund - Direct Plan - Growth,2026-09-01,91.78
ICICI Pru US Bluechip Equity Fund,120186,ICICI Prudential US Bluechip Equity Fund - Direct Plan - Growth,2026-09-02,91.87
ICICI Pru US Bluechip Equity Fund,120186,ICICI Prudential US Bluechip Equity Fund - Direct Plan - Growth,2026-09-03,91.93
ICICI Pru US Bluechip Equity Fund,120186,ICICI Prudential US Bluechip Equity Fund - Direct Plan - Growth,2026-09-04,90.71
ICICI Pru US Bluechip Equity Fund,120186,ICICI Prudential US Bluechip Equity Fund - Direct Plan - Growth,2026-09-08,89.47
ICICI Pru US Bluechip Equity Fund,120186,ICICI Prudential US Bluechip Equity Fund - Direct Plan - Growth,2026-09-09,89.1
ICICI Pru US Bluechip Equity Fund,120186,ICICI Prudential US Bluechip Equity Fund - Direct Plan - Growth,2026-09-10,88.52
ICICI Pru US Bluechip Equity Fund,120186,ICICI Prudential US Bluechip Equity Fund - Direct Plan - Growth,2026-09-11,89.36
ICICI Pru US Bluechip Equity Fund,120186,ICICI Prudential US Bluechip Equity Fund - Direct Plan - Growth,2026-09-15,89.86
ICICI Pru US Bluechip Equity Fund,120186,ICICI Prudential US Bluechip Equity Fund - Direct Plan - Growth,2026-09-16,89.11
ICICI Pru US Bluechip Equity Fund,120186,ICICI Prudential US Bluechip Equity Fund - Direct Plan - Growth,2026-09-17,89.17
ICICI Pru US Bluechip Equity Fund,120186,ICICI Prudential US Bluechip Equity Fund - Direct Plan - Growth,2026-09-18,88.49
ICICI Pru US Bluechip Equity Fund,120186,ICICI Prudential US Bluechip Equity Fund - Direct Plan - Growth,2026-09-21,89.21
ICICI Pru US Bluechip Equity Fund,120186,ICICI Prudential US Bluechip Equity Fund - Direct Plan - Growth,2026-09-22,89.34
ICICI Pru US Bluechip Equity Fund,120186,ICICI Prudential US Bluechip Equity Fund - Direct Plan - Growth,2026-09-23,88.66
ICICI Pru US Bluechip Equity Fund,120186,ICICI Prudential US Bluechip Equity Fund - Direct Plan - Growth,2026-09-24,88.25
ICICI Pru US Bluechip Equity Fund,120186,ICICI Prudential US Bluechip Equity Fund - Direct Plan - Growth,2026-09-25,88.63
ICICI Pru US Bluechip Equity Fund,120186,ICICI Prudential US Bluechip Equity Fund - Direct Plan - Growth,2026-09-28,88.32
ICICI Pru US Bluechip Equity Fund,120186,ICICI Prudential US Bluechip Equity Fund - Direct Plan - Growth,2026-09-29,87.85
ICICI Pru US Bluechip Equity Fund,120186,ICICI Prudential US Bluechip Equity Fund - Direct Plan - Growth,2026-09-30,87.27
ICICI Pru US Bluechip Equity Fund,120186,ICICI Prudential US Bluechip Equity Fund - Direct Plan - Growth,2026-10-01,87.28
ICICI Pru Large Cap Fund,120586,ICICI Prudential Large Cap Fund (erstwhile Bluechip Fund) - Direct Plan - Growth,2025-01-01,114.21
ICICI Pru Large Cap Fund,120586,ICICI Prudential Large Cap Fund (erstwhile Bluechip Fund) - Direct Plan - Growth,2025-01-02,115.91
ICICI Pru Large Cap Fund,120586,ICICI Prudential Large Cap Fund (erstwhile Bluechip Fund) - Direct Plan - Growth,2025-01-03,115.24
ICICI Pru Large Cap Fund,120586,ICICI Prudential Large Cap Fund (erstwhile Bluechip Fund) - Direct Plan - Growth,2025-01-06,113.4
ICICI Pru Large Cap Fund,120586,ICICI Prudential Large Cap Fund (erstwhile Bluechip Fund) - Direct Plan - Growth,2025-01-07,113.91
ICICI Pru Large Cap Fund,120586,ICICI Prudential Large Cap Fund (erstwhile Bluechip Fund) - Direct Plan - Growth,2025-01-08,113.56
ICICI Pru Large Cap Fund,120586,ICICI Prudential Large Cap Fund (erstwhile Bluechip Fund) - Direct Plan - Growth,2025-01-09,112.69
ICICI Pru Large Cap Fund,120586,ICICI Prudential Large Cap Fund (erstwhile Bluechip Fund) - Direct Plan - Growth,2025-01-10,111.88
ICICI Pru Large Cap Fund,120586,ICICI Prudential Large Cap Fund (erstwhile Bluechip Fund) - Direct Plan - Growth,2025-01-13,109.98
ICICI Pru Large Cap Fund,120586,ICICI Prudential Large Cap Fund (erstwhile Bluechip Fund) - Direct Plan - Growth,2025-01-14,110.52
ICICI Pru Large Cap Fund,120586,ICICI Prudential Large Cap Fund (erstwhile Bluechip Fund) - Direct Plan - Growth,2025-01-15,110.75
ICICI Pru Large Cap Fund,120586,ICICI Prudential Large Cap Fund (erstwhile Bluechip Fund) - Direct Plan - Growth,2025-01-16,111.5
ICICI Pru Large Cap Fund,120586,ICICI Prudential Large Cap Fund (erstwhile Bluechip Fund) - Direct Plan - Growth,2025-01-17,111.24
ICICI Pru Large Cap Fund,120586,ICICI Prudential Large Cap Fund (erstwhile Bluechip Fund) - Direct Plan - Growth,2025-01-20,111.65
ICICI Pru Large Cap Fund,120586,ICICI Prudential Large Cap Fund (erstwhile Bluechip Fund) - Direct Plan - Growth,2025-01-21,110.27
ICICI Pru Large Cap Fund,120586,ICICI Prudential Large Cap Fund (erstwhile Bluechip Fund) - Direct Plan - Growth,2025-01-22,110.47
ICICI Pru Large Cap Fund,120586,ICICI Prudential Large Cap Fund (erstwhile Bluechip Fund) - Direct Plan - Growth,2025-01-23,111.04
ICICI Pru Large Cap Fund,120586,ICICI Prudential Large Cap Fund (erstwhile Bluechip Fund) - Direct Plan - Growth,2025-01-24,110.31
ICICI Pru Large Cap Fund,120586,ICICI Prudential Large Cap Fund (erstwhile Bluechip Fund) - Direct Plan - Growth,2025-01-27,109.1
ICICI Pru Large Cap Fund,120586,ICICI Prudential Large Cap Fund (erstwhile Bluechip Fund) - Direct Plan - Growth,2025-01-28,109.61
ICICI Pru Large Cap Fund,120586,ICICI Prudential Large Cap Fund (erstwhile Bluechip Fund) - Direct Plan - Growth,2025-01-29,110.59
ICICI Pru Large Cap Fund,120586,ICICI Prudential Large Cap Fund (erstwhile Bluechip Fund) - Direct Plan - Growth,2025-01-30,110.98
ICICI Pru Large Cap Fund,120586,ICICI Prudential Large Cap Fund (erstwhile Bluechip Fund) - Direct Plan - Growth,2025-01-31,112.26
ICICI Pru Large Cap Fund,120586,ICICI Prudential Large Cap Fund (erstwhile Bluechip Fund) - Direct Plan - Growth,2025-02-03,110.98
ICICI Pru Large Cap Fund,120586,ICICI Prudential Large Cap Fund (erstwhile Bluechip Fund) - Direct Plan - Growth,2025-02-04,112.79
ICICI Pru Large Cap Fund,120586,ICICI Prudential Large Cap Fund (erstwhile Bluechip Fund) - Direct Plan - Growth,2025-02-05,112.97
ICICI Pru Large Cap Fund,120586,ICICI Prudential Large Cap Fund (erstwhile Bluechip Fund) - Direct Plan - Growth,2025-02-06,112.62
ICICI Pru Large Cap Fund,120586,ICICI Prudential Large Cap Fund (erstwhile Bluechip Fund) - Direct Plan - Growth,2025-02-07,112.58
ICICI Pru Large Cap Fund,120586,ICICI Prudential Large Cap Fund (erstwhile Bluechip Fund) - Direct Plan - Growth,2025-02-10,111.62
ICICI Pru Large Cap Fund,120586,ICICI Prudential Large Cap Fund (erstwhile Bluechip Fund) - Direct Plan - Growth,2025-02-11,110.08
ICICI Pru Large Cap Fund,120586,ICICI Prudential Large Cap Fund (erstwhile Bluechip Fund) - Direct Plan - Growth,2025-02-12,110.18
ICICI Pru Large Cap Fund,120586,ICICI Prudential Large Cap Fund (erstwhile Bluechip Fund) - Direct Plan - Growth,2025-02-13,110.19
ICICI Pru Large Cap Fund,120586,ICICI Prudential Large Cap Fund (erstwhile Bluechip Fund) - Direct Plan - Growth,2025-02-14,109.43
ICICI Pru Large Cap Fund,120586,ICICI Prudential Large Cap Fund (erstwhile Bluechip Fund) - Direct Plan - Growth,2025-02-17,109.53
ICICI Pru Large Cap Fund,120586,ICICI Prudential Large Cap Fund (erstwhile Bluechip Fund) - Direct Plan - Growth,2025-02-18,109.47
ICICI Pru Large Cap Fund,120586,ICICI Prudential Large Cap Fund (erstwhile Bluechip Fund) - Direct Plan - Growth,2025-02-19,109.7
ICICI Pru Large Cap Fund,120586,ICICI Prudential Large Cap Fund (erstwhile Bluechip Fund) - Direct Plan - Growth,2025-02-20,109.72
ICICI Pru Large Cap Fund,120586,ICICI Prudential Large Cap Fund (erstwhile Bluechip Fund) - Direct Plan - Growth,2025-02-21,109.09
ICICI Pru Large Cap Fund,120586,ICICI Prudential Large Cap Fund (erstwhile Bluechip Fund) - Direct Plan - Growth,2025-02-24,108.07
ICICI Pru Large Cap Fund,120586,ICICI Prudential Large Cap Fund (erstwhile Bluechip Fund) - Direct Plan - Growth,2025-02-25,107.8
ICICI Pru Large Cap Fund,120586,ICICI Prudential Large Cap Fund (erstwhile Bluechip Fund) - Direct Plan - Growth,2025-02-27,107.43
ICICI Pru Large Cap Fund,120586,ICICI Prudential Large Cap Fund (erstwhile Bluechip Fund) - Direct Plan - Growth,2025-02-28,105.54
ICICI Pru Large Cap Fund,120586,ICICI Prudential Large Cap Fund (erstwhile Bluechip Fund) - Direct Plan - Growth,2025-03-03,105.6
ICICI Pru Large Cap Fund,120586,ICICI Prudential Large Cap Fund (erstwhile Bluechip Fund) - Direct Plan - Growth,2025-03-04,105.42
ICICI Pru Large Cap Fund,120586,ICICI Prudential Large Cap Fund (erstwhile Bluechip Fund) - Direct Plan - Growth,2025-03-05,106.74
ICICI Pru Large Cap Fund,120586,ICICI Prudential Large Cap Fund (erstwhile Bluechip Fund) - Direct Plan - Growth,2025-03-06,107.69
ICICI Pru Large Cap Fund,120586,ICICI Prudential Large Cap Fund (erstwhile Bluechip Fund) - Direct Plan - Growth,2025-03-07,107.59
ICICI Pru Large Cap Fund,120586,ICICI Prudential Large Cap Fund (erstwhile Bluechip Fund) - Direct Plan - Growth,2025-03-10,106.99
ICICI Pru Large Cap Fund,120586,ICICI Prudential Large Cap Fund (erstwhile Bluechip Fund) - Direct Plan - Growth,2025-03-11,107.48
ICICI Pru Large Cap Fund,120586,ICICI Prudential Large Cap Fund (erstwhile Bluechip Fund) - Direct Plan - Growth,2025-03-12,107.33
ICICI Pru Large Cap Fund,120586,ICICI Prudential Large Cap Fund (erstwhile Bluechip Fund) - Direct Plan - Growth,2025-03-13,106.96
ICICI Pru Large Cap Fund,120586,ICICI Prudential Large Cap Fund (erstwhile Bluechip Fund) - Direct Plan - Growth,2025-03-17,107.58
ICICI Pru Large Cap Fund,120586,ICICI Prudential Large Cap Fund (erstwhile Bluechip Fund) - Direct Plan - Growth,2025-03-18,109.14
ICICI Pru Large Cap Fund,120586,ICICI Prudential Large Cap Fund (erstwhile Bluechip Fund) - Direct Plan - Growth,2025-03-19,109.89
ICICI Pru Large Cap Fund,120586,ICICI Prudential Large Cap Fund (erstwhile Bluechip Fund) - Direct Plan - Growth,2025-03-20,111.11
ICICI Pru Large Cap Fund,120586,ICICI Prudential Large Cap Fund (erstwhile Bluechip Fund) - Direct Plan - Growth,2025-03-21,111.99
ICICI Pru Large Cap Fund,120586,ICICI Prudential Large Cap Fund (erstwhile Bluechip Fund) - Direct Plan - Growth,2025-03-24,113.37
ICICI Pru Large Cap Fund,120586,ICICI Prudential Large Cap Fund (erstwhile Bluechip Fund) - Direct Plan - Growth,2025-03-25,113.3
ICICI Pru Large Cap Fund,120586,ICICI Prudential Large Cap Fund (erstwhile Bluechip Fund) - Direct Plan - Growth,2025-03-26,112.57
ICICI Pru Large Cap Fund,120586,ICICI Prudential Large Cap Fund (erstwhile Bluechip Fund) - Direct Plan - Growth,2025-03-27,113.12
ICICI Pru Large Cap Fund,120586,ICICI Prudential Large Cap Fund (erstwhile Bluechip Fund) - Direct Plan - Growth,2025-03-28,112.83
ICICI Pru Large Cap Fund,120586,ICICI Prudential Large Cap Fund (erstwhile Bluechip Fund) - Direct Plan - Growth,2025-03-31,112.83
ICICI Pru Large Cap Fund,120586,ICICI Prudential Large Cap Fund (erstwhile Bluechip Fund) - Direct Plan - Growth,2025-04-01,111.34
ICICI Pru Large Cap Fund,120586,ICICI Prudential Large Cap Fund (erstwhile Bluechip Fund) - Direct Plan - Growth,2025-04-02,112.09
ICICI Pru Large Cap Fund,120586,ICICI Prudential Large Cap Fund (erstwhile Bluechip Fund) - Direct Plan - Growth,2025-04-03,112.04
ICICI Pru Large Cap Fund,120586,ICICI Prudential Large Cap Fund (erstwhile Bluechip Fund) - Direct Plan - Growth,2025-04-04,110.21
ICICI Pru Large Cap Fund,120586,ICICI Prudential Large Cap Fund (erstwhile Bluechip Fund) - Direct Plan - Growth,2025-04-07,106.92
ICICI Pru Large Cap Fund,120586,ICICI Prudential Large Cap Fund (erstwhile Bluechip Fund) - Direct Plan - Growth,2025-04-08,108.63
ICICI Pru Large Cap Fund,120586,ICICI Prudential Large Cap Fund (erstwhile Bluechip Fund) - Direct Plan - Growth,2025-04-09,108.07
ICICI Pru Large Cap Fund,120586,ICICI Prudential Large Cap Fund (erstwhile Bluechip Fund) - Direct Plan - Growth,2025-04-11,109.74
ICICI Pru Large Cap Fund,120586,ICICI Prudential Large Cap Fund (erstwhile Bluechip Fund) - Direct Plan - Growth,2025-04-15,112.36
ICICI Pru Large Cap Fund,120586,ICICI Prudential Large Cap Fund (erstwhile Bluechip Fund) - Direct Plan - Growth,2025-04-16,112.68
ICICI Pru Large Cap Fund,120586,ICICI Prudential Large Cap Fund (erstwhile Bluechip Fund) - Direct Plan - Growth,2025-04-17,114.44
ICICI Pru Large Cap Fund,120586,ICICI Prudential Large Cap Fund (erstwhile Bluechip Fund) - Direct Plan - Growth,2025-04-21,115.71
ICICI Pru Large Cap Fund,120586,ICICI Prudential Large Cap Fund (erstwhile Bluechip Fund) - Direct Plan - Growth,2025-04-22,115.76
ICICI Pru Large Cap Fund,120586,ICICI Prudential Large Cap Fund (erstwhile Bluechip Fund) - Direct Plan - Growth,2025-04-23,116.63
ICICI Pru Large Cap Fund,120586,ICICI Prudential Large Cap Fund (erstwhile Bluechip Fund) - Direct Plan - Growth,2025-04-24,116.34
ICICI Pru Large Cap Fund,120586,ICICI Prudential Large Cap Fund (erstwhile Bluechip Fund) - Direct Plan - Growth,2025-04-25,115.25
ICICI Pru Large Cap Fund,120586,ICICI Prudential Large Cap Fund (erstwhile Bluechip Fund) - Direct Plan - Growth,2025-04-28,116.8
ICICI Pru Large Cap Fund,120586,ICICI Prudential Large Cap Fund (erstwhile Bluechip Fund) - Direct Plan - Growth,2025-04-29,116.54
ICICI Pru Large Cap Fund,120586,ICICI Prudential Large Cap Fund (erstwhile Bluechip Fund) - Direct Plan - Growth,2025-04-30,116.91
ICICI Pru Large Cap Fund,120586,ICICI Prudential Large Cap Fund (erstwhile Bluechip Fund) - Direct Plan - Growth,2025-05-02,116.89
ICICI Pru Large Cap Fund,120586,ICICI Prudential Large Cap Fund (erstwhile Bluechip Fund) - Direct Plan - Growth,2025-05-05,117.43
ICICI Pru Large Cap Fund,120586,ICICI Prudential Large Cap Fund (erstwhile Bluechip Fund) - Direct Plan - Growth,2025-05-06,116.84
ICICI Pru Large Cap Fund,120586,ICICI Prudential Large Cap Fund (erstwhile Bluechip Fund) - Direct Plan - Growth,2025-05-07,116.96
ICICI Pru Large Cap Fund,120586,ICICI Prudential Large Cap Fund (erstwhile Bluechip Fund) - Direct Plan - Growth,2025-05-08,116.08
ICICI Pru Large Cap Fund,120586,ICICI Prudential Large Cap Fund (erstwhile Bluechip Fund) - Direct Plan - Growth,2025-05-09,115.07
ICICI Pru Large Cap Fund,120586,ICICI Prudential Large Cap Fund (erstwhile Bluechip Fund) - Direct Plan - Growth,2025-05-12,118.83
ICICI Pru Large Cap Fund,120586,ICICI Prudential Large Cap Fund (erstwhile Bluechip Fund) - Direct Plan - Growth,2025-05-13,117.74
ICICI Pru Large Cap Fund,120586,ICICI Prudential Large Cap Fund (erstwhile Bluechip Fund) - Direct Plan - Growth,2025-05-14,118.19
ICICI Pru Large Cap Fund,120586,ICICI Prudential Large Cap Fund (erstwhile Bluechip Fund) - Direct Plan - Growth,2025-05-15,119.98
ICICI Pru Large Cap Fund,120586,ICICI Prudential Large Cap Fund (erstwhile Bluechip Fund) - Direct Plan - Growth,2025-05-16,119.97
ICICI Pru Large Cap Fund,120586,ICICI Prudential Large Cap Fund (erstwhile Bluechip Fund) - Direct Plan - Growth,2025-05-19,119.87
ICICI Pru Large Cap Fund,120586,ICICI Prudential Large Cap Fund (erstwhile Bluechip Fund) - Direct Plan - Growth,2025-05-20,118.68
ICICI Pru Large Cap Fund,120586,ICICI Prudential Large Cap Fund (erstwhile Bluechip Fund) - Direct Plan - Growth,2025-05-21,119.31
ICICI Pru Large Cap Fund,120586,ICICI Prudential Large Cap Fund (erstwhile Bluechip Fund) - Direct Plan - Growth,2025-05-22,118.6
ICICI Pru Large Cap Fund,120586,ICICI Prudential Large Cap Fund (erstwhile Bluechip Fund) - Direct Plan - Growth,2025-05-23,119.45
ICICI Pru Large Cap Fund,120586,ICICI Prudential Large Cap Fund (erstwhile Bluechip Fund) - Direct Plan - Growth,2025-05-26,119.97
ICICI Pru Large Cap Fund,120586,ICICI Prudential Large Cap Fund (erstwhile Bluechip Fund) - Direct Plan - Growth,2025-05-27,119.22
ICICI Pru Large Cap Fund,120586,ICICI Prudential Large Cap Fund (erstwhile Bluechip Fund) - Direct Plan - Growth,2025-05-28,119.04
ICICI Pru Large Cap Fund,120586,ICICI Prudential Large Cap Fund (erstwhile Bluechip Fund) - Direct Plan - Growth,2025-05-29,119.5
ICICI Pru Large Cap Fund,120586,ICICI Prudential Large Cap Fund (erstwhile Bluechip Fund) - Direct Plan - Growth,2025-05-30,119.11
ICICI Pru Large Cap Fund,120586,ICICI Prudential Large Cap Fund (erstwhile Bluechip Fund) - Direct Plan - Growth,2025-06-02,119.04
ICICI Pru Large Cap Fund,120586,ICICI Prudential Large Cap Fund (erstwhile Bluechip Fund) - Direct Plan - Growth,2025-06-03,118.33
ICICI Pru Large Cap Fund,120586,ICICI Prudential Large Cap Fund (erstwhile Bluechip Fund) - Direct Plan - Growth,2025-06-04,118.64
ICICI Pru Large Cap Fund,120586,ICICI Prudential Large Cap Fund (erstwhile Bluechip Fund) - Direct Plan - Growth,2025-06-05,119.23
ICICI Pru Large Cap Fund,120586,ICICI Prudential Large Cap Fund (erstwhile Bluechip Fund) - Direct Plan - Growth,2025-06-06,120.29
ICICI Pru Large Cap Fund,120586,ICICI Prudential Large Cap Fund (erstwhile Bluechip Fund) - Direct Plan - Growth,2025-06-09,120.83
ICICI Pru Large Cap Fund,120586,ICICI Prudential Large Cap Fund (erstwhile Bluechip Fund) - Direct Plan - Growth,2025-06-10,120.72
ICICI Pru Large Cap Fund,120586,ICICI Prudential Large Cap Fund (erstwhile Bluechip Fund) - Direct Plan - Growth,2025-06-11,120.94
ICICI Pru Large Cap Fund,120586,ICICI Prudential Large Cap Fund (erstwhile Bluechip Fund) - Direct Plan - Growth,2025-06-12,119.79
ICICI Pru Large Cap Fund,120586,ICICI Prudential Large Cap Fund (erstwhile Bluechip Fund) - Direct Plan - Growth,2025-06-13,119.08
ICICI Pru Large Cap Fund,120586,ICICI Prudential Large Cap Fund (erstwhile Bluechip Fund) - Direct Plan - Growth,2025-06-16,120.12
ICICI Pru Large Cap Fund,120586,ICICI Prudential Large Cap Fund (erstwhile Bluechip Fund) - Direct Plan - Growth,2025-06-17,119.76
ICICI Pru Large Cap Fund,120586,ICICI Prudential Large Cap Fund (erstwhile Bluechip Fund) - Direct Plan - Growth,2025-06-18,119.59
ICICI Pru Large Cap Fund,120586,ICICI Prudential Large Cap Fund (erstwhile Bluechip Fund) - Direct Plan - Growth,2025-06-19,119.46
ICICI Pru Large Cap Fund,120586,ICICI Prudential Large Cap Fund (erstwhile Bluechip Fund) - Direct Plan - Growth,2025-06-20,120.72
ICICI Pru Large Cap Fund,120586,ICICI Prudential Large Cap Fund (erstwhile Bluechip Fund) - Direct Plan - Growth,2025-06-23,119.95
ICICI Pru Large Cap Fund,120586,ICICI Prudential Large Cap Fund (erstwhile Bluechip Fund) - Direct Plan - Growth,2025-06-24,120.35
ICICI Pru Large Cap Fund,120586,ICICI Prudential Large Cap Fund (erstwhile Bluechip Fund) - Direct Plan - Growth,2025-06-25,121.14
ICICI Pru Large Cap Fund,120586,ICICI Prudential Large Cap Fund (erstwhile Bluechip Fund) - Direct Plan - Growth,2025-06-26,122.39
ICICI Pru Large Cap Fund,120586,ICICI Prudential Large Cap Fund (erstwhile Bluechip Fund) - Direct Plan - Growth,2025-06-27,123.11
ICICI Pru Large Cap Fund,120586,ICICI Prudential Large Cap Fund (erstwhile Bluechip Fund) - Direct Plan - Growth,2025-06-30,122.55
ICICI Pru Large Cap Fund,120586,ICICI Prudential Large Cap Fund (erstwhile Bluechip Fund) - Direct Plan - Growth,2025-07-01,122.59
ICICI Pru Large Cap Fund,120586,ICICI Prudential Large Cap Fund (erstwhile Bluechip Fund) - Direct Plan - Growth,2025-07-02,122.32
ICICI Pru Large Cap Fund,120586,ICICI Prudential Large Cap Fund (erstwhile Bluechip Fund) - Direct Plan - Growth,2025-07-03,122.14
ICICI Pru Large Cap Fund,120586,ICICI Prudential Large Cap Fund (erstwhile Bluechip Fund) - Direct Plan - Growth,2025-07-04,122.57
ICICI Pru Large Cap Fund,120586,ICICI Prudential Large Cap Fund (erstwhile Bluechip Fund) - Direct Plan - Growth,2025-07-07,122.53
ICICI Pru Large Cap Fund,120586,ICICI Prudential Large Cap Fund (erstwhile Bluechip Fund) - Direct Plan - Growth,2025-07-08,122.78
ICICI Pru Large Cap Fund,120586,ICICI Prudential Large Cap Fund (erstwhile Bluechip Fund) - Direct Plan - Growth,2025-07-09,122.64
ICICI Pru Large Cap Fund,120586,ICICI Prudential Large Cap Fund (erstwhile Bluechip Fund) - Direct Plan - Growth,2025-07-10,122.13
ICICI Pru Large Cap Fund,120586,ICICI Prudential Large Cap Fund (erstwhile Bluechip Fund) - Direct Plan - Growth,2025-07-11,121.26
ICICI Pru Large Cap Fund,120586,ICICI Prudential Large Cap Fund (erstwhile Bluechip Fund) - Direct Plan - Growth,2025-07-14,121.13
ICICI Pru Large Cap Fund,120586,ICICI Prudential Large Cap Fund (erstwhile Bluechip Fund) - Direct Plan - Growth,2025-07-15,121.66
ICICI Pru Large Cap Fund,120586,ICICI Prudential Large Cap Fund (erstwhile Bluechip Fund) - Direct Plan - Growth,2025-07-16,121.73
ICICI Pru Large Cap Fund,120586,ICICI Prudential Large Cap Fund (erstwhile Bluechip Fund) - Direct Plan - Growth,2025-07-17,121.31
ICICI Pru Large Cap Fund,120586,ICICI Prudential Large Cap Fund (erstwhile Bluechip Fund) - Direct Plan - Growth,2025-07-18,120.67
ICICI Pru Large Cap Fund,120586,ICICI Prudential Large Cap Fund (erstwhile Bluechip Fund) - Direct Plan - Growth,2025-07-21,121.26
ICICI Pru Large Cap Fund,120586,ICICI Prudential Large Cap Fund (erstwhile Bluechip Fund) - Direct Plan - Growth,2025-07-22,120.94
ICICI Pru Large Cap Fund,120586,ICICI Prudential Large Cap Fund (erstwhile Bluechip Fund) - Direct Plan - Growth,2025-07-23,121.58
ICICI Pru Large Cap Fund,120586,ICICI Prudential Large Cap Fund (erstwhile Bluechip Fund) - Direct Plan - Growth,2025-07-24,120.92
ICICI Pru Large Cap Fund,120586,ICICI Prudential Large Cap Fund (erstwhile Bluechip Fund) - Direct Plan - Growth,2025-07-25,120.14
ICICI Pru Large Cap Fund,120586,ICICI Prudential Large Cap Fund (erstwhile Bluechip Fund) - Direct Plan - Growth,2025-07-28,119.79
ICICI Pru Large Cap Fund,120586,ICICI Prudential Large Cap Fund (erstwhile Bluechip Fund) - Direct Plan - Growth,2025-07-29,120.49
ICICI Pru Large Cap Fund,120586,ICICI Prudential Large Cap Fund (erstwhile Bluechip Fund) - Direct Plan - Growth,2025-07-30,121.08
ICICI Pru Large Cap Fund,120586,ICICI Prudential Large Cap Fund (erstwhile Bluechip Fund) - Direct Plan - Growth,2025-07-31,120.57
ICICI Pru Large Cap Fund,120586,ICICI Prudential Large Cap Fund (erstwhile Bluechip Fund) - Direct Plan - Growth,2025-08-01,119.37
ICICI Pru Large Cap Fund,120586,ICICI Prudential Large Cap Fund (erstwhile Bluechip Fund) - Direct Plan - Growth,2025-08-04,120.04
ICICI Pru Large Cap Fund,120586,ICICI Prudential Large Cap Fund (erstwhile Bluechip Fund) - Direct Plan - Growth,2025-08-05,119.78
ICICI Pru Large Cap Fund,120586,ICICI Prudential Large Cap Fund (erstwhile Bluechip Fund) - Direct Plan - Growth,2025-08-06,119.54
ICICI Pru Large Cap Fund,120586,ICICI Prudential Large Cap Fund (erstwhile Bluechip Fund) - Direct Plan - Growth,2025-08-07,119.8
ICICI Pru Large Cap Fund,120586,ICICI Prudential Large Cap Fund (erstwhile Bluechip Fund) - Direct Plan - Growth,2025-08-08,118.75
ICICI Pru Large Cap Fund,120586,ICICI Prudential Large Cap Fund (erstwhile Bluechip Fund) - Direct Plan - Growth,2025-08-11,119.63
ICICI Pru Large Cap Fund,120586,ICICI Prudential Large Cap Fund (erstwhile Bluechip Fund) - Direct Plan - Growth,2025-08-12,119.7
ICICI Pru Large Cap Fund,120586,ICICI Prudential Large Cap Fund (erstwhile Bluechip Fund) - Direct Plan - Growth,2025-08-13,120.22
ICICI Pru Large Cap Fund,120586,ICICI Prudential Large Cap Fund (erstwhile Bluechip Fund) - Direct Plan - Growth,2025-08-14,120.34
ICICI Pru Large Cap Fund,120586,ICICI Prudential Large Cap Fund (erstwhile Bluechip Fund) - Direct Plan - Growth,2025-08-18,121.74
ICICI Pru Large Cap Fund,120586,ICICI Prudential Large Cap Fund (erstwhile Bluechip Fund) - Direct Plan - Growth,2025-08-19,122.21
ICICI Pru Large Cap Fund,120586,ICICI Prudential Large Cap Fund (erstwhile Bluechip Fund) - Direct Plan - Growth,2025-08-20,122.41
ICICI Pru Large Cap Fund,120586,ICICI Prudential Large Cap Fund (erstwhile Bluechip Fund) - Direct Plan - Growth,2025-08-21,122.63
ICICI Pru Large Cap Fund,120586,ICICI Prudential Large Cap Fund (erstwhile Bluechip Fund) - Direct Plan - Growth,2025-08-22,121.79
ICICI Pru Large Cap Fund,120586,ICICI Prudential Large Cap Fund (erstwhile Bluechip Fund) - Direct Plan - Growth,2025-08-25,122.2
ICICI Pru Large Cap Fund,120586,ICICI Prudential Large Cap Fund (erstwhile Bluechip Fund) - Direct Plan - Growth,2025-08-26,120.95
ICICI Pru Large Cap Fund,120586,ICICI Prudential Large Cap Fund (erstwhile Bluechip Fund) - Direct Plan - Growth,2025-08-28,120.0
ICICI Pru Large Cap Fund,120586,ICICI Prudential Large Cap Fund (erstwhile Bluechip Fund) - Direct Plan - Growth,2025-08-29,119.6
ICICI Pru Large Cap Fund,120586,ICICI Prudential Large Cap Fund (erstwhile Bluechip Fund) - Direct Plan - Growth,2025-09-01,120.55
ICICI Pru Large Cap Fund,120586,ICICI Prudential Large Cap Fund (erstwhile Bluechip Fund) - Direct Plan - Growth,2025-09-02,120.34
ICICI Pru Large Cap Fund,120586,ICICI Prudential Large Cap Fund (erstwhile Bluechip Fund) - Direct Plan - Growth,2025-09-03,120.85
ICICI Pru Large Cap Fund,120586,ICICI Prudential Large Cap Fund (erstwhile Bluechip Fund) - Direct Plan - Growth,2025-09-04,120.64
ICICI Pru Large Cap Fund,120586,ICICI Prudential Large Cap Fund (erstwhile Bluechip Fund) - Direct Plan - Growth,2025-09-05,120.79
ICICI Pru Large Cap Fund,120586,ICICI Prudential Large Cap Fund (erstwhile Bluechip Fund) - Direct Plan - Growth,2025-09-08,120.96
ICICI Pru Large Cap Fund,120586,ICICI Prudential Large Cap Fund (erstwhile Bluechip Fund) - Direct Plan - Growth,2025-09-09,121.26
ICICI Pru Large Cap Fund,120586,ICICI Prudential Large Cap Fund (erstwhile Bluechip Fund) - Direct Plan - Growth,2025-09-10,121.48
ICICI Pru Large Cap Fund,120586,ICICI Prudential Large Cap Fund (erstwhile Bluechip Fund) - Direct Plan - Growth,2025-09-11,121.7
ICICI Pru Large Cap Fund,120586,ICICI Prudential Large Cap Fund (erstwhile Bluechip Fund) - Direct Plan - Growth,2025-09-12,122.26
ICICI Pru Large Cap Fund,120586,ICICI Prudential Large Cap Fund (erstwhile Bluechip Fund) - Direct Plan - Growth,2025-09-15,122.17
ICICI Pru Large Cap Fund,120586,ICICI Prudential Large Cap Fund (erstwhile Bluechip Fund) - Direct Plan - Growth,2025-09-16,123.06
ICICI Pru Large Cap Fund,120586,ICICI Prudential Large Cap Fund (erstwhile Bluechip Fund) - Direct Plan - Growth,2025-09-17,123.46
ICICI Pru Large Cap Fund,120586,ICICI Prudential Large Cap Fund (erstwhile Bluechip Fund) - Direct Plan - Growth,2025-09-18,123.87
ICICI Pru Large Cap Fund,120586,ICICI Prudential Large Cap Fund (erstwhile Bluechip Fund) - Direct Plan - Growth,2025-09-19,123.61
ICICI Pru Large Cap Fund,120586,ICICI Prudential Large Cap Fund (erstwhile Bluechip Fund) - Direct Plan - Growth,2025-09-22,123.12
ICICI Pru Large Cap Fund,120586,ICICI Prudential Large Cap Fund (erstwhile Bluechip Fund) - Direct Plan - Growth,2025-09-23,122.9
ICICI Pru Large Cap Fund,120586,ICICI Prudential Large Cap Fund (erstwhile Bluechip Fund) - Direct Plan - Growth,2025-09-24,122.41
ICICI Pru Large Cap Fund,120586,ICICI Prudential Large Cap Fund (erstwhile Bluechip Fund) - Direct Plan - Growth,2025-09-25,121.85
ICICI Pru Large Cap Fund,120586,ICICI Prudential Large Cap Fund (erstwhile Bluechip Fund) - Direct Plan - Growth,2025-09-26,120.87
ICICI Pru Large Cap Fund,120586,ICICI Prudential Large Cap Fund (erstwhile Bluechip Fund) - Direct Plan - Growth,2025-09-30,120.66
ICICI Pru Large Cap Fund,120586,ICICI Prudential Large Cap Fund (erstwhile Bluechip Fund) - Direct Plan - Growth,2025-10-01,121.42
ICICI Pru Large Cap Fund,120586,ICICI Prudential Large Cap Fund (erstwhile Bluechip Fund) - Direct Plan - Growth,2025-10-03,121.82
ICICI Pru Large Cap Fund,120586,ICICI Prudential Large Cap Fund (erstwhile Bluechip Fund) - Direct Plan - Growth,2025-10-06,122.44
ICICI Pru Large Cap Fund,120586,ICICI Prudential Large Cap Fund (erstwhile Bluechip Fund) - Direct Plan - Growth,2025-10-07,122.64
ICICI Pru Large Cap Fund,120586,ICICI Prudential Large Cap Fund (erstwhile Bluechip Fund) - Direct Plan - Growth,2025-10-08,122.01
ICICI Pru Large Cap Fund,120586,ICICI Prudential Large Cap Fund (erstwhile Bluechip Fund) - Direct Plan - Growth,2025-10-09,122.56
ICICI Pru Large Cap Fund,120586,ICICI Prudential Large Cap Fund (erstwhile Bluechip Fund) - Direct Plan - Growth,2025-10-10,123.07
ICICI Pru Large Cap Fund,120586,ICICI Prudential Large Cap Fund (erstwhile Bluechip Fund) - Direct Plan - Growth,2025-10-13,122.85
ICICI Pru Large Cap Fund,120586,ICICI Prudential Large Cap Fund (erstwhile Bluechip Fund) - Direct Plan - Growth,2025-10-14,122.46
ICICI Pru Large Cap Fund,120586,ICICI Prudential Large Cap Fund (erstwhile Bluechip Fund) - Direct Plan - Growth,2025-10-15,123.22
ICICI Pru Large Cap Fund,120586,ICICI Prudential Large Cap Fund (erstwhile Bluechip Fund) - Direct Plan - Growth,2025-10-16,124.16
ICICI Pru Large Cap Fund,120586,ICICI Prudential Large Cap Fund (erstwhile Bluechip Fund) - Direct Plan - Growth,2025-10-17,124.71
ICICI Pru Large Cap Fund,120586,ICICI Prudential Large Cap Fund (erstwhile Bluechip Fund) - Direct Plan - Growth,2025-10-20,125.19
ICICI Pru Large Cap Fund,120586,ICICI Prudential Large Cap Fund (erstwhile Bluechip Fund) - Direct Plan - Growth,2025-10-23,125.27
ICICI Pru Large Cap Fund,120586,ICICI Prudential Large Cap Fund (erstwhile Bluechip Fund) - Direct Plan - Growth,2025-10-24,124.92
ICICI Pru Large Cap Fund,120586,ICICI Prudential Large Cap Fund (erstwhile Bluechip Fund) - Direct Plan - Growth,2025-10-27,125.89
ICICI Pru Large Cap Fund,120586,ICICI Prudential Large Cap Fund (erstwhile Bluechip Fund) - Direct Plan - Growth,2025-10-28,125.7
ICICI Pru Large Cap Fund,120586,ICICI Prudential Large Cap Fund (erstwhile Bluechip Fund) - Direct Plan - Growth,2025-10-29,126.34
ICICI Pru Large Cap Fund,120586,ICICI Prudential Large Cap Fund (erstwhile Bluechip Fund) - Direct Plan - Growth,2025-10-30,125.63
ICICI Pru Large Cap Fund,120586,ICICI Prudential Large Cap Fund (erstwhile Bluechip Fund) - Direct Plan - Growth,2025-10-31,125.05
ICICI Pru Large Cap Fund,120586,ICICI Prudential Large Cap Fund (erstwhile Bluechip Fund) - Direct Plan - Growth,2025-11-03,125.2
ICICI Pru Large Cap Fund,120586,ICICI Prudential Large Cap Fund (erstwhile Bluechip Fund) - Direct Plan - Growth,2025-11-04,124.33
ICICI Pru Large Cap Fund,120586,ICICI Prudential Large Cap Fund (erstwhile Bluechip Fund) - Direct Plan - Growth,2025-11-06,124.09
ICICI Pru Large Cap Fund,120586,ICICI Prudential Large Cap Fund (erstwhile Bluechip Fund) - Direct Plan - Growth,2025-11-07,123.96
ICICI Pru Large Cap Fund,120586,ICICI Prudential Large Cap Fund (erstwhile Bluechip Fund) - Direct Plan - Growth,2025-11-10,124.46
ICICI Pru Large Cap Fund,120586,ICICI Prudential Large Cap Fund (erstwhile Bluechip Fund) - Direct Plan - Growth,2025-11-11,125.28
ICICI Pru Large Cap Fund,120586,ICICI Prudential Large Cap Fund (erstwhile Bluechip Fund) - Direct Plan - Growth,2025-11-12,126.09
ICICI Pru Large Cap Fund,120586,ICICI Prudential Large Cap Fund (erstwhile Bluechip Fund) - Direct Plan - Growth,2025-11-13,126.44
ICICI Pru Large Cap Fund,120586,ICICI Prudential Large Cap Fund (erstwhile Bluechip Fund) - Direct Plan - Growth,2025-11-14,126.42
ICICI Pru Large Cap Fund,120586,ICICI Prudential Large Cap Fund (erstwhile Bluechip Fund) - Direct Plan - Growth,2025-11-17,126.97
ICICI Pru Large Cap Fund,120586,ICICI Prudential Large Cap Fund (erstwhile Bluechip Fund) - Direct Plan - Growth,2025-11-18,126.62
ICICI Pru Large Cap Fund,120586,ICICI Prudential Large Cap Fund (erstwhile Bluechip Fund) - Direct Plan - Growth,2025-11-19,127.02
ICICI Pru Large Cap Fund,120586,ICICI Prudential Large Cap Fund (erstwhile Bluechip Fund) - Direct Plan - Growth,2025-11-20,127.58
ICICI Pru Large Cap Fund,120586,ICICI Prudential Large Cap Fund (erstwhile Bluechip Fund) - Direct Plan - Growth,2025-11-21,127.19
ICICI Pru Large Cap Fund,120586,ICICI Prudential Large Cap Fund (erstwhile Bluechip Fund) - Direct Plan - Growth,2025-11-24,126.72
ICICI Pru Large Cap Fund,120586,ICICI Prudential Large Cap Fund (erstwhile Bluechip Fund) - Direct Plan - Growth,2025-11-25,126.45
ICICI Pru Large Cap Fund,120586,ICICI Prudential Large Cap Fund (erstwhile Bluechip Fund) - Direct Plan - Growth,2025-11-26,127.92
ICICI Pru Large Cap Fund,120586,ICICI Prudential Large Cap Fund (erstwhile Bluechip Fund) - Direct Plan - Growth,2025-11-27,127.94
ICICI Pru Large Cap Fund,120586,ICICI Prudential Large Cap Fund (erstwhile Bluechip Fund) - Direct Plan - Growth,2025-11-28,127.77
ICICI Pru Large Cap Fund,120586,ICICI Prudential Large Cap Fund (erstwhile Bluechip Fund) - Direct Plan - Growth,2025-12-01,127.77
ICICI Pru Large Cap Fund,120586,ICICI Prudential Large Cap Fund (erstwhile Bluechip Fund) - Direct Plan - Growth,2025-12-02,127.29
ICICI Pru Large Cap Fund,120586,ICICI Prudential Large Cap Fund (erstwhile Bluechip Fund) - Direct Plan - Growth,2025-12-03,127.07
ICICI Pru Large Cap Fund,120586,ICICI Prudential Large Cap Fund (erstwhile Bluechip Fund) - Direct Plan - Growth,2025-12-04,127.29
ICICI Pru Large Cap Fund,120586,ICICI Prudential Large Cap Fund (erstwhile Bluechip Fund) - Direct Plan - Growth,2025-12-05,127.84
ICICI Pru Large Cap Fund,120586,ICICI Prudential Large Cap Fund (erstwhile Bluechip Fund) - Direct Plan - Growth,2025-12-08,126.77
ICICI Pru Large Cap Fund,120586,ICICI Prudential Large Cap Fund (erstwhile Bluechip Fund) - Direct Plan - Growth,2025-12-09,126.09
ICICI Pru Large Cap Fund,120586,ICICI Prudential Large Cap Fund (erstwhile Bluechip Fund) - Direct Plan - Growth,2025-12-10,125.82
ICICI Pru Large Cap Fund,120586,ICICI Prudential Large Cap Fund (erstwhile Bluechip Fund) - Direct Plan - Growth,2025-12-11,126.28
ICICI Pru Large Cap Fund,120586,ICICI Prudential Large Cap Fund (erstwhile Bluechip Fund) - Direct Plan - Growth,2025-12-12,127.11
ICICI Pru Large Cap Fund,120586,ICICI Prudential Large Cap Fund (erstwhile Bluechip Fund) - Direct Plan - Growth,2025-12-15,126.98
ICICI Pru Large Cap Fund,120586,ICICI Prudential Large Cap Fund (erstwhile Bluechip Fund) - Direct Plan - Growth,2025-12-16,126.28
ICICI Pru Large Cap Fund,120586,ICICI Prudential Large Cap Fund (erstwhile Bluechip Fund) - Direct Plan - Growth,2025-12-17,125.95
ICICI Pru Large Cap Fund,120586,ICICI Prudential Large Cap Fund (erstwhile Bluechip Fund) - Direct Plan - Growth,2025-12-18,125.75
ICICI Pru Large Cap Fund,120586,ICICI Prudential Large Cap Fund (erstwhile Bluechip Fund) - Direct Plan - Growth,2025-12-19,126.44
ICICI Pru Large Cap Fund,120586,ICICI Prudential Large Cap Fund (erstwhile Bluechip Fund) - Direct Plan - Growth,2025-12-22,127.33
ICICI Pru Large Cap Fund,120586,ICICI Prudential Large Cap Fund (erstwhile Bluechip Fund) - Direct Plan - Growth,2025-12-23,127.35
ICICI Pru Large Cap Fund,120586,ICICI Prudential Large Cap Fund (erstwhile Bluechip Fund) - Direct Plan - Growth,2025-12-24,127.07
ICICI Pru Large Cap Fund,120586,ICICI Prudential Large Cap Fund (erstwhile Bluechip Fund) - Direct Plan - Growth,2025-12-26,126.59
ICICI Pru Large Cap Fund,120586,ICICI Prudential Large Cap Fund (erstwhile Bluechip Fund) - Direct Plan - Growth,2025-12-29,126.2
ICICI Pru Large Cap Fund,120586,ICICI Prudential Large Cap Fund (erstwhile Bluechip Fund) - Direct Plan - Growth,2025-12-30,126.23
ICICI Pru Large Cap Fund,120586,ICICI Prudential Large Cap Fund (erstwhile Bluechip Fund) - Direct Plan - Growth,2025-12-31,127.17
ICICI Pru Large Cap Fund,120586,ICICI Prudential Large Cap Fund (erstwhile Bluechip Fund) - Direct Plan - Growth,2026-01-01,127.46
ICICI Pru Large Cap Fund,120586,ICICI Prudential Large Cap Fund (erstwhile Bluechip Fund) - Direct Plan - Growth,2026-01-02,128.4
ICICI Pru Large Cap Fund,120586,ICICI Prudential Large Cap Fund (erstwhile Bluechip Fund) - Direct Plan - Growth,2026-01-05,128.19
ICICI Pru Large Cap Fund,120586,ICICI Prudential Large Cap Fund (erstwhile Bluechip Fund) - Direct Plan - Growth,2026-01-06,128.05
ICICI Pru Large Cap Fund,120586,ICICI Prudential Large Cap Fund (erstwhile Bluechip Fund) - Direct Plan - Growth,2026-01-07,127.78
ICICI Pru Large Cap Fund,120586,ICICI Prudential Large Cap Fund (erstwhile Bluechip Fund) - Direct Plan - Growth,2026-01-08,126.3
ICICI Pru Large Cap Fund,120586,ICICI Prudential Large Cap Fund (erstwhile Bluechip Fund) - Direct Plan - Growth,2026-01-09,125.31
ICICI Pru Large Cap Fund,120586,ICICI Prudential Large Cap Fund (erstwhile Bluechip Fund) - Direct Plan - Growth,2026-01-12,125.59
ICICI Pru Large Cap Fund,120586,ICICI Prudential Large Cap Fund (erstwhile Bluechip Fund) - Direct Plan - Growth,2026-01-13,125.08
ICICI Pru Large Cap Fund,120586,ICICI Prudential Large Cap Fund (erstwhile Bluechip Fund) - Direct Plan - Growth,2026-01-14,124.9
ICICI Pru Large Cap Fund,120586,ICICI Prudential Large Cap Fund (erstwhile Bluechip Fund) - Direct Plan - Growth,2026-01-16,124.93
ICICI Pru Large Cap Fund,120586,ICICI Prudential Large Cap Fund (erstwhile Bluechip Fund) - Direct Plan - Growth,2026-01-19,124.45
ICICI Pru Large Cap Fund,120586,ICICI Prudential Large Cap Fund (erstwhile Bluechip Fund) - Direct Plan - Growth,2026-01-20,122.74
ICICI Pru Large Cap Fund,120586,ICICI Prudential Large Cap Fund (erstwhile Bluechip Fund) - Direct Plan - Growth,2026-01-21,122.26
ICICI Pru Large Cap Fund,120586,ICICI Prudential Large Cap Fund (erstwhile Bluechip Fund) - Direct Plan - Growth,2026-01-22,122.82
ICICI Pru Large Cap Fund,120586,ICICI Prudential Large Cap Fund (erstwhile Bluechip Fund) - Direct Plan - Growth,2026-01-23,121.64
ICICI Pru Large Cap Fund,120586,ICICI Prudential Large Cap Fund (erstwhile Bluechip Fund) - Direct Plan - Growth,2026-01-27,122.3
ICICI Pru Large Cap Fund,120586,ICICI Prudential Large Cap Fund (erstwhile Bluechip Fund) - Direct Plan - Growth,2026-01-28,123.06
ICICI Pru Large Cap Fund,120586,ICICI Prudential Large Cap Fund (erstwhile Bluechip Fund) - Direct Plan - Growth,2026-01-29,123.52
ICICI Pru Large Cap Fund,120586,ICICI Prudential Large Cap Fund (erstwhile Bluechip Fund) - Direct Plan - Growth,2026-01-30,123.16
ICICI Pru Large Cap Fund,120586,ICICI Prudential Large Cap Fund (erstwhile Bluechip Fund) - Direct Plan - Growth,2026-02-02,122.4
ICICI Pru Large Cap Fund,120586,ICICI Prudential Large Cap Fund (erstwhile Bluechip Fund) - Direct Plan - Growth,2026-02-03,125.27
ICICI Pru Large Cap Fund,120586,ICICI Prudential Large Cap Fund (erstwhile Bluechip Fund) - Direct Plan - Growth,2026-02-04,125.96
ICICI Pru Large Cap Fund,120586,ICICI Prudential Large Cap Fund (erstwhile Bluechip Fund) - Direct Plan - Growth,2026-02-05,125.4
ICICI Pru Large Cap Fund,120586,ICICI Prudential Large Cap Fund (erstwhile Bluechip Fund) - Direct Plan - Growth,2026-02-06,125.45
ICICI Pru Large Cap Fund,120586,ICICI Prudential Large Cap Fund (erstwhile Bluechip Fund) - Direct Plan - Growth,2026-02-09,125.85
ICICI Pru Large Cap Fund,120586,ICICI Prudential Large Cap Fund (erstwhile Bluechip Fund) - Direct Plan - Growth,2026-02-10,126.22
ICICI Pru Large Cap Fund,120586,ICICI Prudential Large Cap Fund (erstwhile Bluechip Fund) - Direct Plan - Growth,2026-02-11,126.26
ICICI Pru Large Cap Fund,120586,ICICI Prudential Large Cap Fund (erstwhile Bluechip Fund) - Direct Plan - Growth,2026-02-12,125.72
ICICI Pru Large Cap Fund,120586,ICICI Prudential Large Cap Fund (erstwhile Bluechip Fund) - Direct Plan - Growth,2026-02-13,124.37
ICICI Pru Large Cap Fund,120586,ICICI Prudential Large Cap Fund (erstwhile Bluechip Fund) - Direct Plan - Growth,2026-02-16,125.24
ICICI Pru Large Cap Fund,120586,ICICI Prudential Large Cap Fund (erstwhile Bluechip Fund) - Direct Plan - Growth,2026-02-17,125.61
ICICI Pru Large Cap Fund,120586,ICICI Prudential Large Cap Fund (erstwhile Bluechip Fund) - Direct Plan - Growth,2026-02-18,126.11
ICICI Pru Large Cap Fund,120586,ICICI Prudential Large Cap Fund (erstwhile Bluechip Fund) - Direct Plan - Growth,2026-02-19,124.31
ICICI Pru Large Cap Fund,120586,ICICI Prudential Large Cap Fund (erstwhile Bluechip Fund) - Direct Plan - Growth,2026-02-20,125.0
ICICI Pru Large Cap Fund,120586,ICICI Prudential Large Cap Fund (erstwhile Bluechip Fund) - Direct Plan - Growth,2026-02-23,125.7
ICICI Pru Large Cap Fund,120586,ICICI Prudential Large Cap Fund (erstwhile Bluechip Fund) - Direct Plan - Growth,2026-02-24,124.43
ICICI Pru Large Cap Fund,120586,ICICI Prudential Large Cap Fund (erstwhile Bluechip Fund) - Direct Plan - Growth,2026-02-25,125.07
ICICI Pru Large Cap Fund,120586,ICICI Prudential Large Cap Fund (erstwhile Bluechip Fund) - Direct Plan - Growth,2026-02-26,125.1
ICICI Pru Large Cap Fund,120586,ICICI Prudential Large Cap Fund (erstwhile Bluechip Fund) - Direct Plan - Growth,2026-02-27,123.6
ICICI Pru Large Cap Fund,120586,ICICI Prudential Large Cap Fund (erstwhile Bluechip Fund) - Direct Plan - Growth,2026-03-02,121.81
ICICI Pru Large Cap Fund,120586,ICICI Prudential Large Cap Fund (erstwhile Bluechip Fund) - Direct Plan - Growth,2026-03-04,119.86
ICICI Pru Large Cap Fund,120586,ICICI Prudential Large Cap Fund (erstwhile Bluechip Fund) - Direct Plan - Growth,2026-03-05,121.28
ICICI Pru Large Cap Fund,120586,ICICI Prudential Large Cap Fund (erstwhile Bluechip Fund) - Direct Plan - Growth,2026-03-06,119.96
ICICI Pru Large Cap Fund,120586,ICICI Prudential Large Cap Fund (erstwhile Bluechip Fund) - Direct Plan - Growth,2026-03-09,117.9
ICICI Pru Large Cap Fund,120586,ICICI Prudential Large Cap Fund (erstwhile Bluechip Fund) - Direct Plan - Growth,2026-03-10,119.24
ICICI Pru Large Cap Fund,120586,ICICI Prudential Large Cap Fund (erstwhile Bluechip Fund) - Direct Plan - Growth,2026-03-11,117.57
ICICI Pru Large Cap Fund,120586,ICICI Prudential Large Cap Fund (erstwhile Bluechip Fund) - Direct Plan - Growth,2026-03-12,116.41
ICICI Pru Large Cap Fund,120586,ICICI Prudential Large Cap Fund (erstwhile Bluechip Fund) - Direct Plan - Growth,2026-03-13,113.97
ICICI Pru Large Cap Fund,120586,ICICI Prudential Large Cap Fund (erstwhile Bluechip Fund) - Direct Plan - Growth,2026-03-16,114.81
ICICI Pru Large Cap Fund,120586,ICICI Prudential Large Cap Fund (erstwhile Bluechip Fund) - Direct Plan - Growth,2026-03-17,115.81
ICICI Pru Large Cap Fund,120586,ICICI Prudential Large Cap Fund (erstwhile Bluechip Fund) - Direct Plan - Growth,2026-03-18,116.79
ICICI Pru Large Cap Fund,120586,ICICI Prudential Large Cap Fund (erstwhile Bluechip Fund) - Direct Plan - Growth,2026-03-19,113.14
ICICI Pru Large Cap Fund,120586,ICICI Prudential Large Cap Fund (erstwhile Bluechip Fund) - Direct Plan - Growth,2026-03-20,113.6
ICICI Pru Large Cap Fund,120586,ICICI Prudential Large Cap Fund (erstwhile Bluechip Fund) - Direct Plan - Growth,2026-03-23,110.63
ICICI Pru Large Cap Fund,120586,ICICI Prudential Large Cap Fund (erstwhile Bluechip Fund) - Direct Plan - Growth,2026-03-24,112.73
ICICI Pru Large Cap Fund,120586,ICICI Prudential Large Cap Fund (erstwhile Bluechip Fund) - Direct Plan - Growth,2026-03-25,114.56
ICICI Pru Large Cap Fund,120586,ICICI Prudential Large Cap Fund (erstwhile Bluechip Fund) - Direct Plan - Growth,2026-03-27,112.42
ICICI Pru Large Cap Fund,120586,ICICI Prudential Large Cap Fund (erstwhile Bluechip Fund) - Direct Plan - Growth,2026-03-30,110.11
ICICI Pru Large Cap Fund,120586,ICICI Prudential Large Cap Fund (erstwhile Bluechip Fund) - Direct Plan - Growth,2026-03-31,110.11
ICICI Pru Large Cap Fund,120586,ICICI Prudential Large Cap Fund (erstwhile Bluechip Fund) - Direct Plan - Growth,2026-04-01,111.57
ICICI Pru Large Cap Fund,120586,ICICI Prudential Large Cap Fund (erstwhile Bluechip Fund) - Direct Plan - Growth,2026-04-02,111.56
ICICI Pru Large Cap Fund,120586,ICICI Prudential Large Cap Fund (erstwhile Bluechip Fund) - Direct Plan - Growth,2026-04-06,112.85
ICICI Pru Large Cap Fund,120586,ICICI Prudential Large Cap Fund (erstwhile Bluechip Fund) - Direct Plan - Growth,2026-04-07,113.46
ICICI Pru Large Cap Fund,120586,ICICI Prudential Large Cap Fund (erstwhile Bluechip Fund) - Direct Plan - Growth,2026-04-08,117.83
ICICI Pru Large Cap Fund,120586,ICICI Prudential Large Cap Fund (erstwhile Bluechip Fund) - Direct Plan - Growth,2026-04-09,116.82
ICICI Pru Large Cap Fund,120586,ICICI Prudential Large Cap Fund (erstwhile Bluechip Fund) - Direct Plan - Growth,2026-04-10,118.35
ICICI Pru Large Cap Fund,120586,ICICI Prudential Large Cap Fund (erstwhile Bluechip Fund) - Direct Plan - Growth,2026-04-13,117.54
ICICI Pru Large Cap Fund,120586,ICICI Prudential Large Cap Fund (erstwhile Bluechip Fund) - Direct Plan - Growth,2026-04-15,119.57
ICICI Pru Large Cap Fund,120586,ICICI Prudential Large Cap Fund (erstwhile Bluechip Fund) - Direct Plan - Growth,2026-04-16,119.47
ICICI Pru Large Cap Fund,120586,ICICI Prudential Large Cap Fund (erstwhile Bluechip Fund) - Direct Plan - Growth,2026-04-17,120.2
ICICI Pru Large Cap Fund,120586,ICICI Prudential Large Cap Fund (erstwhile Bluechip Fund) - Direct Plan - Growth,2026-04-20,120.22
ICICI Pru Large Cap Fund,120586,ICICI Prudential Large Cap Fund (erstwhile Bluechip Fund) - Direct Plan - Growth,2026-04-21,121.04
ICICI Pru Large Cap Fund,120586,ICICI Prudential Large Cap Fund (erstwhile Bluechip Fund) - Direct Plan - Growth,2026-04-22,120.32
ICICI Pru Large Cap Fund,120586,ICICI Prudential Large Cap Fund (erstwhile Bluechip Fund) - Direct Plan - Growth,2026-04-23,119.17
ICICI Pru Large Cap Fund,120586,ICICI Prudential Large Cap Fund (erstwhile Bluechip Fund) - Direct Plan - Growth,2026-04-24,117.64
ICICI Pru Large Cap Fund,120586,ICICI Prudential Large Cap Fund (erstwhile Bluechip Fund) - Direct Plan - Growth,2026-04-27,118.64
ICICI Pru Large Cap Fund,120586,ICICI Prudential Large Cap Fund (erstwhile Bluechip Fund) - Direct Plan - Growth,2026-04-28,117.92
ICICI Pru Large Cap Fund,120586,ICICI Prudential Large Cap Fund (erstwhile Bluechip Fund) - Direct Plan - Growth,2026-04-29,118.51
ICICI Pru Large Cap Fund,120586,ICICI Prudential Large Cap Fund (erstwhile Bluechip Fund) - Direct Plan - Growth,2026-04-30,117.64
ICICI Pru Large Cap Fund,120586,ICICI Prudential Large Cap Fund (erstwhile Bluechip Fund) - Direct Plan - Growth,2026-05-04,118.34
ICICI Pru Large Cap Fund,120586,ICICI Prudential Large Cap Fund (erstwhile Bluechip Fund) - Direct Plan - Growth,2026-05-05,117.94
ICICI Pru Large Cap Fund,120586,ICICI Prudential Large Cap Fund (erstwhile Bluechip Fund) - Direct Plan - Growth,2026-05-06,119.39
ICICI Pru Large Cap Fund,120586,ICICI Prudential Large Cap Fund (erstwhile Bluechip Fund) - Direct Plan - Growth,2026-05-07,119.66
ICICI Pru Large Cap Fund,120586,ICICI Prudential Large Cap Fund (erstwhile Bluechip Fund) - Direct Plan - Growth,2026-05-08,119.11
ICICI Pru Large Cap Fund,120586,ICICI Prudential Large Cap Fund (erstwhile Bluechip Fund) - Direct Plan - Growth,2026-05-11,117.55
ICICI Pru Large Cap Fund,120586,ICICI Prudential Large Cap Fund (erstwhile Bluechip Fund) - Direct Plan - Growth,2026-05-12,115.45
ICICI Pru Large Cap Fund,120586,ICICI Prudential Large Cap Fund (erstwhile Bluechip Fund) - Direct Plan - Growth,2026-05-13,115.52
ICICI Pru Large Cap Fund,120586,ICICI Prudential Large Cap Fund (erstwhile Bluechip Fund) - Direct Plan - Growth,2026-05-14,116.71
ICICI Pru Large Cap Fund,120586,ICICI Prudential Large Cap Fund (erstwhile Bluechip Fund) - Direct Plan - Growth,2026-05-15,116.51
ICICI Pru Large Cap Fund,120586,ICICI Prudential Large Cap Fund (erstwhile Bluechip Fund) - Direct Plan - Growth,2026-05-18,116.33
ICICI Pru Large Cap Fund,120586,ICICI Prudential Large Cap Fund (erstwhile Bluechip Fund) - Direct Plan - Growth,2026-05-19,116.35
ICICI Pru Large Cap Fund,120586,ICICI Prudential Large Cap Fund (erstwhile Bluechip Fund) - Direct Plan - Growth,2026-05-20,116.53
ICICI Pru Large Cap Fund,120586,ICICI Prudential Large Cap Fund (erstwhile Bluechip Fund) - Direct Plan - Growth,2026-05-21,116.62
ICICI Pru Large Cap Fund,120586,ICICI Prudential Large Cap Fund (erstwhile Bluechip Fund) - Direct Plan - Growth,2026-05-22,117.1
ICICI Pru Large Cap Fund,120586,ICICI Prudential Large Cap Fund (erstwhile Bluechip Fund) - Direct Plan - Growth,2026-05-25,118.45
ICICI Pru Large Cap Fund,120586,ICICI Prudential Large Cap Fund (erstwhile Bluechip Fund) - Direct Plan - Growth,2026-05-26,117.98
ICICI Pru Large Cap Fund,120586,ICICI Prudential Large Cap Fund (erstwhile Bluechip Fund) - Direct Plan - Growth,2026-05-27,118.19
ICICI Pru Large Cap Fund,120586,ICICI Prudential Large Cap Fund (erstwhile Bluechip Fund) - Direct Plan - Growth,2026-05-29,116.43
ICICI Pru Large Cap Fund,120586,ICICI Prudential Large Cap Fund (erstwhile Bluechip Fund) - Direct Plan - Growth,2026-06-01,115.36
ICICI Pru Large Cap Fund,120586,ICICI Prudential Large Cap Fund (erstwhile Bluechip Fund) - Direct Plan - Growth,2026-06-02,115.49
ICICI Pru Large Cap Fund,120586,ICICI Prudential Large Cap Fund (erstwhile Bluechip Fund) - Direct Plan - Growth,2026-06-03,115.33
ICICI Pru Large Cap Fund,120586,ICICI Prudential Large Cap Fund (erstwhile Bluechip Fund) - Direct Plan - Growth,2026-06-04,115.36
ICICI Pru Large Cap Fund,120586,ICICI Prudential Large Cap Fund (erstwhile Bluechip Fund) - Direct Plan - Growth,2026-06-05,115.23
ICICI Pru Large Cap Fund,120586,ICICI Prudential Large Cap Fund (erstwhile Bluechip Fund) - Direct Plan - Growth,2026-06-08,114.11
ICICI Pru Large Cap Fund,120586,ICICI Prudential Large Cap Fund (erstwhile Bluechip Fund) - Direct Plan - Growth,2026-06-09,114.77
ICICI Pru Large Cap Fund,120586,ICICI Prudential Large Cap Fund (erstwhile Bluechip Fund) - Direct Plan - Growth,2026-06-10,114.62
ICICI Pru Large Cap Fund,120586,ICICI Prudential Large Cap Fund (erstwhile Bluechip Fund) - Direct Plan - Growth,2026-06-11,114.42
ICICI Pru Large Cap Fund,120586,ICICI Prudential Large Cap Fund (erstwhile Bluechip Fund) - Direct Plan - Growth,2026-06-12,116.65
ICICI Pru Large Cap Fund,120586,ICICI Prudential Large Cap Fund (erstwhile Bluechip Fund) - Direct Plan - Growth,2026-06-15,118.23
ICICI Pru Large Cap Fund,120586,ICICI Prudential Large Cap Fund (erstwhile Bluechip Fund) - Direct Plan - Growth,2026-06-16,118.7
ICICI Pru Large Cap Fund,120586,ICICI Prudential Large Cap Fund (erstwhile Bluechip Fund) - Direct Plan - Growth,2026-06-17,119.14
ICICI Pru Large Cap Fund,120586,ICICI Prudential Large Cap Fund (erstwhile Bluechip Fund) - Direct Plan - Growth,2026-06-18,119.66
ICICI Pru Large Cap Fund,120586,ICICI Prudential Large Cap Fund (erstwhile Bluechip Fund) - Direct Plan - Growth,2026-06-19,119.13
ICICI Pru Large Cap Fund,120586,ICICI Prudential Large Cap Fund (erstwhile Bluechip Fund) - Direct Plan - Growth,2026-06-22,119.65
ICICI Pru Large Cap Fund,120586,ICICI Prudential Large Cap Fund (erstwhile Bluechip Fund) - Direct Plan - Growth,2026-06-23,118.76
ICICI Pru Large Cap Fund,120586,ICICI Prudential Large Cap Fund (erstwhile Bluechip Fund) - Direct Plan - Growth,2026-06-24,119.42
ICICI Pru Large Cap Fund,120586,ICICI Prudential Large Cap Fund (erstwhile Bluechip Fund) - Direct Plan - Growth,2026-06-25,119.69
ICICI Pru Large Cap Fund,120586,ICICI Prudential Large Cap Fund (erstwhile Bluechip Fund) - Direct Plan - Growth,2026-06-29,118.91
ICICI Pru Large Cap Fund,120586,ICICI Prudential Large Cap Fund (erstwhile Bluechip Fund) - Direct Plan - Growth,2026-06-30,118.73
ICICI Pru Large Cap Fund,120586,ICICI Prudential Large Cap Fund (erstwhile Bluechip Fund) - Direct Plan - Growth,2026-07-01,119.52
ICICI Pru Large Cap Fund,120586,ICICI Prudential Large Cap Fund (erstwhile Bluechip Fund) - Direct Plan - Growth,2026-07-02,120.2
ICICI Pru Large Cap Fund,120586,ICICI Prudential Large Cap Fund (erstwhile Bluechip Fund) - Direct Plan - Growth,2026-07-03,120.55
ICICI Pru Large Cap Fund,120586,ICICI Prudential Large Cap Fund (erstwhile Bluechip Fund) - Direct Plan - Growth,2026-07-06,121.35
ICICI Pru Large Cap Fund,120586,ICICI Prudential Large Cap Fund (erstwhile Bluechip Fund) - Direct Plan - Growth,2026-07-07,121.15
ICICI Pru Large Cap Fund,120586,ICICI Prudential Large Cap Fund (erstwhile Bluechip Fund) - Direct Plan - Growth,2026-07-08,118.77
ICICI Pru Large Cap Fund,120586,ICICI Prudential Large Cap Fund (erstwhile Bluechip Fund) - Direct Plan - Growth,2026-07-09,119.21
ICICI Pru Large Cap Fund,120586,ICICI Prudential Large Cap Fund (erstwhile Bluechip Fund) - Direct Plan - Growth,2026-07-10,120.45
ICICI Pru Large Cap Fund,120586,ICICI Prudential Large Cap Fund (erstwhile Bluechip Fund) - Direct Plan - Growth,2026-07-13,120.31
ICICI Pru Large Cap Fund,120586,ICICI Prudential Large Cap Fund (erstwhile Bluechip Fund) - Direct Plan - Growth,2026-07-14,119.55
ICICI Pru Large Cap Fund,120586,ICICI Prudential Large Cap Fund (erstwhile Bluechip Fund) - Direct Plan - Growth,2026-07-15,119.83
ICICI Pru Large Cap Fund,120586,ICICI Prudential Large Cap Fund (erstwhile Bluechip Fund) - Direct Plan - Growth,2026-07-16,119.7
ICICI Pru Large Cap Fund,120586,ICICI Prudential Large Cap Fund (erstwhile Bluechip Fund) - Direct Plan - Growth,2026-07-17,120.56
ICICI Pru Large Cap Fund,120586,ICICI Prudential Large Cap Fund (erstwhile Bluechip Fund) - Direct Plan - Growth,2026-07-20,120.14
ICICI Pru Large Cap Fund,120586,ICICI Prudential Large Cap Fund (erstwhile Bluechip Fund) - Direct Plan - Growth,2026-07-21,120.09
ICICI Pru Large Cap Fund,120586,ICICI Prudential Large Cap Fund (erstwhile Bluechip Fund) - Direct Plan - Growth,2026-07-22,119.04
ICICI Pru Large Cap Fund,120586,ICICI Prudential Large Cap Fund (erstwhile Bluechip Fund) - Direct Plan - Growth,2026-07-23,118.67
ICICI Pru Large Cap Fund,120586,ICICI Prudential Large Cap Fund (erstwhile Bluechip Fund) - Direct Plan - Growth,2026-07-24,118.38
ICICI Pru Large Cap Fund,120586,ICICI Prudential Large Cap Fund (erstwhile Bluechip Fund) - Direct Plan - Growth,2026-07-27,119.44
ICICI Pru Large Cap Fund,120586,ICICI Prudential Large Cap Fund (erstwhile Bluechip Fund) - Direct Plan - Growth,2026-07-28,119.38
ICICI Pru Large Cap Fund,120586,ICICI Prudential Large Cap Fund (erstwhile Bluechip Fund) - Direct Plan - Growth,2026-07-29,120.4
ICICI Pru Large Cap Fund,120586,ICICI Prudential Large Cap Fund (erstwhile Bluechip Fund) - Direct Plan - Growth,2026-07-30,120.83
ICICI Pru Large Cap Fund,120586,ICICI Prudential Large Cap Fund (erstwhile Bluechip Fund) - Direct Plan - Growth,2026-07-31,121.2
ICICI Pru Large Cap Fund,120586,ICICI Prudential Large Cap Fund (erstwhile Bluechip Fund) - Direct Plan - Growth,2026-08-03,122.92
ICICI Pru Large Cap Fund,120586,ICICI Prudential Large Cap Fund (erstwhile Bluechip Fund) - Direct Plan - Growth,2026-08-04,122.14
ICICI Pru Large Cap Fund,120586,ICICI Prudential Large Cap Fund (erstwhile Bluechip Fund) - Direct Plan - Growth,2026-08-05,122.27
ICICI Pru Large Cap Fund,120586,ICICI Prudential Large Cap Fund (erstwhile Bluechip Fund) - Direct Plan - Growth,2026-08-06,122.08
ICICI Pru Large Cap Fund,120586,ICICI Prudential Large Cap Fund (erstwhile Bluechip Fund) - Direct Plan - Growth,2026-08-07,121.83
ICICI Pru Large Cap Fund,120586,ICICI Prudential Large Cap Fund (erstwhile Bluechip Fund) - Direct Plan - Growth,2026-08-10,122.07
ICICI Pru Large Cap Fund,120586,ICICI Prudential Large Cap Fund (erstwhile Bluechip Fund) - Direct Plan - Growth,2026-08-11,121.67
ICICI Pru Large Cap Fund,120586,ICICI Prudential Large Cap Fund (erstwhile Bluechip Fund) - Direct Plan - Growth,2026-08-12,121.76
ICICI Pru Large Cap Fund,120586,ICICI Prudential Large Cap Fund (erstwhile Bluechip Fund) - Direct Plan - Growth,2026-08-13,121.43
ICICI Pru Large Cap Fund,120586,ICICI Prudential Large Cap Fund (erstwhile Bluechip Fund) - Direct Plan - Growth,2026-08-14,121.26
ICICI Pru Large Cap Fund,120586,ICICI Prudential Large Cap Fund (erstwhile Bluechip Fund) - Direct Plan - Growth,2026-08-17,121.03
ICICI Pru Large Cap Fund,120586,ICICI Prudential Large Cap Fund (erstwhile Bluechip Fund) - Direct Plan - Growth,2026-08-18,120.46
ICICI Pru Large Cap Fund,120586,ICICI Prudential Large Cap Fund (erstwhile Bluechip Fund) - Direct Plan - Growth,2026-08-19,120.05
ICICI Pru Large Cap Fund,120586,ICICI Prudential Large Cap Fund (erstwhile Bluechip Fund) - Direct Plan - Growth,2026-08-20,120.79
ICICI Pru Large Cap Fund,120586,ICICI Prudential Large Cap Fund (erstwhile Bluechip Fund) - Direct Plan - Growth,2026-08-21,120.83
ICICI Pru Large Cap Fund,120586,ICICI Prudential Large Cap Fund (erstwhile Bluechip Fund) - Direct Plan - Growth,2026-08-24,120.78
ICICI Pru Large Cap Fund,120586,ICICI Prudential Large Cap Fund (erstwhile Bluechip Fund) - Direct Plan - Growth,2026-08-25,121.21
ICICI Pru Large Cap Fund,120586,ICICI Prudential Large Cap Fund (erstwhile Bluechip Fund) - Direct Plan - Growth,2026-08-26,120.79
ICICI Pru Large Cap Fund,120586,ICICI Prudential Large Cap Fund (erstwhile Bluechip Fund) - Direct Plan - Growth,2026-08-27,120.26
ICICI Pru Large Cap Fund,120586,ICICI Prudential Large Cap Fund (erstwhile Bluechip Fund) - Direct Plan - Growth,2026-08-28,120.41
ICICI Pru Large Cap Fund,120586,ICICI Prudential Large Cap Fund (erstwhile Bluechip Fund) - Direct Plan - Growth,2026-08-31,120.05
ICICI Pru Large Cap Fund,120586,ICICI Prudential Large Cap Fund (erstwhile Bluechip Fund) - Direct Plan - Growth,2026-09-01,119.5
ICICI Pru Large Cap Fund,120586,ICICI Prudential Large Cap Fund (erstwhile Bluechip Fund) - Direct Plan - Growth,2026-09-02,118.78
ICICI Pru Large Cap Fund,120586,ICICI Prudential Large Cap Fund (erstwhile Bluechip Fund) - Direct Plan - Growth,2026-09-03,118.79
ICICI Pru Large Cap Fund,120586,ICICI Prudential Large Cap Fund (erstwhile Bluechip Fund) - Direct Plan - Growth,2026-09-04,118.9
ICICI Pru Large Cap Fund,120586,ICICI Prudential Large Cap Fund (erstwhile Bluechip Fund) - Direct Plan - Growth,2026-09-07,118.26
ICICI Pru Large Cap Fund,120586,ICICI Prudential Large Cap Fund (erstwhile Bluechip Fund) - Direct Plan - Growth,2026-09-08,117.56
ICICI Pru Large Cap Fund,120586,ICICI Prudential Large Cap Fund (erstwhile Bluechip Fund) - Direct Plan - Growth,2026-09-09,116.62
ICICI Pru Large Cap Fund,120586,ICICI Prudential Large Cap Fund (erstwhile Bluechip Fund) - Direct Plan - Growth,2026-09-10,116.74
ICICI Pru Large Cap Fund,120586,ICICI Prudential Large Cap Fund (erstwhile Bluechip Fund) - Direct Plan - Growth,2026-09-11,116.34
ICICI Pru Large Cap Fund,120586,ICICI Prudential Large Cap Fund (erstwhile Bluechip Fund) - Direct Plan - Growth,2026-09-15,114.75
ICICI Pru Large Cap Fund,120586,ICICI Prudential Large Cap Fund (erstwhile Bluechip Fund) - Direct Plan - Growth,2026-09-16,115.2
ICICI Pru Large Cap Fund,120586,ICICI Prudential Large Cap Fund (erstwhile Bluechip Fund) - Direct Plan - Growth,2026-09-17,115.79
ICICI Pru Large Cap Fund,120586,ICICI Prudential Large Cap Fund (erstwhile Bluechip Fund) - Direct Plan - Growth,2026-09-18,116.39
ICICI Pru Large Cap Fund,120586,ICICI Prudential Large Cap Fund (erstwhile Bluechip Fund) - Direct Plan - Growth,2026-09-21,116.61
ICICI Pru Large Cap Fund,120586,ICICI Prudential Large Cap Fund (erstwhile Bluechip Fund) - Direct Plan - Growth,2026-09-22,116.27
ICICI Pru Large Cap Fund,120586,ICICI Prudential Large Cap Fund (erstwhile Bluechip Fund) - Direct Plan - Growth,2026-09-23,116.82
ICICI Pru Large Cap Fund,120586,ICICI Prudential Large Cap Fund (erstwhile Bluechip Fund) - Direct Plan - Growth,2026-09-24,115.14
ICICI Pru Large Cap Fund,120586,ICICI Prudential Large Cap Fund (erstwhile Bluechip Fund) - Direct Plan - Growth,2026-09-25,115.57
ICICI Pru Large Cap Fund,120586,ICICI Prudential Large Cap Fund (erstwhile Bluechip Fund) - Direct Plan - Growth,2026-09-28,113.83
ICICI Pru Large Cap Fund,120586,ICICI Prudential Large Cap Fund (erstwhile Bluechip Fund) - Direct Plan - Growth,2026-09-29,113.24
ICICI Pru Large Cap Fund,120586,ICICI Prudential Large Cap Fund (erstwhile Bluechip Fund) - Direct Plan - Growth,2026-09-30,113.22
ICICI Pru Large Cap Fund,120586,ICICI Prudential Large Cap Fund (erstwhile Bluechip Fund) - Direct Plan - Growth,2026-10-01,112.29
Mirae Asset ELSS Tax Saver Fund,135781,Mirae Asset ELSS Tax Saver Fund - Direct Plan - Growth,2025-01-01,52.682
Mirae Asset ELSS Tax Saver Fund,135781,Mirae Asset ELSS Tax Saver Fund - Direct Plan - Growth,2025-01-02,53.308
Mirae Asset ELSS Tax Saver Fund,135781,Mirae Asset ELSS Tax Saver Fund - Direct Plan - Growth,2025-01-03,53.038
Mirae Asset ELSS Tax Saver Fund,135781,Mirae Asset ELSS Tax Saver Fund - Direct Plan - Growth,2025-01-06,51.966
Mirae Asset ELSS Tax Saver Fund,135781,Mirae Asset ELSS Tax Saver Fund - Direct Plan - Growth,2025-01-07,52.176
Mirae Asset ELSS Tax Saver Fund,135781,Mirae Asset ELSS Tax Saver Fund - Direct Plan - Growth,2025-01-08,51.928
Mirae Asset ELSS Tax Saver Fund,135781,Mirae Asset ELSS Tax Saver Fund - Direct Plan - Growth,2025-01-09,51.554
Mirae Asset ELSS Tax Saver Fund,135781,Mirae Asset ELSS Tax Saver Fund - Direct Plan - Growth,2025-01-10,50.927
Mirae Asset ELSS Tax Saver Fund,135781,Mirae Asset ELSS Tax Saver Fund - Direct Plan - Growth,2025-01-13,49.713
Mirae Asset ELSS Tax Saver Fund,135781,Mirae Asset ELSS Tax Saver Fund - Direct Plan - Growth,2025-01-14,50.355
Mirae Asset ELSS Tax Saver Fund,135781,Mirae Asset ELSS Tax Saver Fund - Direct Plan - Growth,2025-01-15,50.537
Mirae Asset ELSS Tax Saver Fund,135781,Mirae Asset ELSS Tax Saver Fund - Direct Plan - Growth,2025-01-16,51.015
Mirae Asset ELSS Tax Saver Fund,135781,Mirae Asset ELSS Tax Saver Fund - Direct Plan - Growth,2025-01-17,50.872
Mirae Asset ELSS Tax Saver Fund,135781,Mirae Asset ELSS Tax Saver Fund - Direct Plan - Growth,2025-01-20,51.184
Mirae Asset ELSS Tax Saver Fund,135781,Mirae Asset ELSS Tax Saver Fund - Direct Plan - Growth,2025-01-21,50.296
Mirae Asset ELSS Tax Saver Fund,135781,Mirae Asset ELSS Tax Saver Fund - Direct Plan - Growth,2025-01-22,50.115
Mirae Asset ELSS Tax Saver Fund,135781,Mirae Asset ELSS Tax Saver Fund - Direct Plan - Growth,2025-01-23,50.485
Mirae Asset ELSS Tax Saver Fund,135781,Mirae Asset ELSS Tax Saver Fund - Direct Plan - Growth,2025-01-24,49.806
Mirae Asset ELSS Tax Saver Fund,135781,Mirae Asset ELSS Tax Saver Fund - Direct Plan - Growth,2025-01-27,48.916
Mirae Asset ELSS Tax Saver Fund,135781,Mirae Asset ELSS Tax Saver Fund - Direct Plan - Growth,2025-01-28,48.994
Mirae Asset ELSS Tax Saver Fund,135781,Mirae Asset ELSS Tax Saver Fund - Direct Plan - Growth,2025-01-29,49.727
Mirae Asset ELSS Tax Saver Fund,135781,Mirae Asset ELSS Tax Saver Fund - Direct Plan - Growth,2025-01-30,49.709
Mirae Asset ELSS Tax Saver Fund,135781,Mirae Asset ELSS Tax Saver Fund - Direct Plan - Growth,2025-01-31,50.228
Mirae Asset ELSS Tax Saver Fund,135781,Mirae Asset ELSS Tax Saver Fund - Direct Plan - Growth,2025-02-03,50.094
Mirae Asset ELSS Tax Saver Fund,135781,Mirae Asset ELSS Tax Saver Fund - Direct Plan - Growth,2025-02-04,50.849
Mirae Asset ELSS Tax Saver Fund,135781,Mirae Asset ELSS Tax Saver Fund - Direct Plan - Growth,2025-02-05,51.02
Mirae Asset ELSS Tax Saver Fund,135781,Mirae Asset ELSS Tax Saver Fund - Direct Plan - Growth,2025-02-06,50.772
Mirae Asset ELSS Tax Saver Fund,135781,Mirae Asset ELSS Tax Saver Fund - Direct Plan - Growth,2025-02-07,50.703
Mirae Asset ELSS Tax Saver Fund,135781,Mirae Asset ELSS Tax Saver Fund - Direct Plan - Growth,2025-02-10,49.965
Mirae Asset ELSS Tax Saver Fund,135781,Mirae Asset ELSS Tax Saver Fund - Direct Plan - Growth,2025-02-11,48.986
Mirae Asset ELSS Tax Saver Fund,135781,Mirae Asset ELSS Tax Saver Fund - Direct Plan - Growth,2025-02-12,48.816
Mirae Asset ELSS Tax Saver Fund,135781,Mirae Asset ELSS Tax Saver Fund - Direct Plan - Growth,2025-02-13,48.916
Mirae Asset ELSS Tax Saver Fund,135781,Mirae Asset ELSS Tax Saver Fund - Direct Plan - Growth,2025-02-14,48.252
Mirae Asset ELSS Tax Saver Fund,135781,Mirae Asset ELSS Tax Saver Fund - Direct Plan - Growth,2025-02-17,48.332
Mirae Asset ELSS Tax Saver Fund,135781,Mirae Asset ELSS Tax Saver Fund - Direct Plan - Growth,2025-02-18,48.282
Mirae Asset ELSS Tax Saver Fund,135781,Mirae Asset ELSS Tax Saver Fund - Direct Plan - Growth,2025-02-19,48.632
Mirae Asset ELSS Tax Saver Fund,135781,Mirae Asset ELSS Tax Saver Fund - Direct Plan - Growth,2025-02-20,48.753
Mirae Asset ELSS Tax Saver Fund,135781,Mirae Asset ELSS Tax Saver Fund - Direct Plan - Growth,2025-02-21,48.476
Mirae Asset ELSS Tax Saver Fund,135781,Mirae Asset ELSS Tax Saver Fund - Direct Plan - Growth,2025-02-24,47.985
Mirae Asset ELSS Tax Saver Fund,135781,Mirae Asset ELSS Tax Saver Fund - Direct Plan - Growth,2025-02-25,47.848
Mirae Asset ELSS Tax Saver Fund,135781,Mirae Asset ELSS Tax Saver Fund - Direct Plan - Growth,2025-02-27,47.61
Mirae Asset ELSS Tax Saver Fund,135781,Mirae Asset ELSS Tax Saver Fund - Direct Plan - Growth,2025-02-28,46.792
Mirae Asset ELSS Tax Saver Fund,135781,Mirae Asset ELSS Tax Saver Fund - Direct Plan - Growth,2025-03-03,46.816
Mirae Asset ELSS Tax Saver Fund,135781,Mirae Asset ELSS Tax Saver Fund - Direct Plan - Growth,2025-03-04,46.906
Mirae Asset ELSS Tax Saver Fund,135781,Mirae Asset ELSS Tax Saver Fund - Direct Plan - Growth,2025-03-05,47.739
Mirae Asset ELSS Tax Saver Fund,135781,Mirae Asset ELSS Tax Saver Fund - Direct Plan - Growth,2025-03-06,48.195
Mirae Asset ELSS Tax Saver Fund,135781,Mirae Asset ELSS Tax Saver Fund - Direct Plan - Growth,2025-03-07,48.119
Mirae Asset ELSS Tax Saver Fund,135781,Mirae Asset ELSS Tax Saver Fund - Direct Plan - Growth,2025-03-10,47.758
Mirae Asset ELSS Tax Saver Fund,135781,Mirae Asset ELSS Tax Saver Fund - Direct Plan - Growth,2025-03-11,47.806
Mirae Asset ELSS Tax Saver Fund,135781,Mirae Asset ELSS Tax Saver Fund - Direct Plan - Growth,2025-03-12,47.699
Mirae Asset ELSS Tax Saver Fund,135781,Mirae Asset ELSS Tax Saver Fund - Direct Plan - Growth,2025-03-13,47.424
Mirae Asset ELSS Tax Saver Fund,135781,Mirae Asset ELSS Tax Saver Fund - Direct Plan - Growth,2025-03-17,47.681
Mirae Asset ELSS Tax Saver Fund,135781,Mirae Asset ELSS Tax Saver Fund - Direct Plan - Growth,2025-03-18,48.654
Mirae Asset ELSS Tax Saver Fund,135781,Mirae Asset ELSS Tax Saver Fund - Direct Plan - Growth,2025-03-19,49.155
Mirae Asset ELSS Tax Saver Fund,135781,Mirae Asset ELSS Tax Saver Fund - Direct Plan - Growth,2025-03-20,49.54
Mirae Asset ELSS Tax Saver Fund,135781,Mirae Asset ELSS Tax Saver Fund - Direct Plan - Growth,2025-03-21,50.078
Mirae Asset ELSS Tax Saver Fund,135781,Mirae Asset ELSS Tax Saver Fund - Direct Plan - Growth,2025-03-24,50.592
Mirae Asset ELSS Tax Saver Fund,135781,Mirae Asset ELSS Tax Saver Fund - Direct Plan - Growth,2025-03-25,50.314
Mirae Asset ELSS Tax Saver Fund,135781,Mirae Asset ELSS Tax Saver Fund - Direct Plan - Growth,2025-03-26,49.881
Mirae Asset ELSS Tax Saver Fund,135781,Mirae Asset ELSS Tax Saver Fund - Direct Plan - Growth,2025-03-27,50.195
Mirae Asset ELSS Tax Saver Fund,135781,Mirae Asset ELSS Tax Saver Fund - Direct Plan - Growth,2025-03-28,50.0
Mirae Asset ELSS Tax Saver Fund,135781,Mirae Asset ELSS Tax Saver Fund - Direct Plan - Growth,2025-03-31,49.997
Mirae Asset ELSS Tax Saver Fund,135781,Mirae Asset ELSS Tax Saver Fund - Direct Plan - Growth,2025-04-01,49.464
Mirae Asset ELSS Tax Saver Fund,135781,Mirae Asset ELSS Tax Saver Fund - Direct Plan - Growth,2025-04-02,49.901
Mirae Asset ELSS Tax Saver Fund,135781,Mirae Asset ELSS Tax Saver Fund - Direct Plan - Growth,2025-04-03,49.812
Mirae Asset ELSS Tax Saver Fund,135781,Mirae Asset ELSS Tax Saver Fund - Direct Plan - Growth,2025-04-04,48.738
Mirae Asset ELSS Tax Saver Fund,135781,Mirae Asset ELSS Tax Saver Fund - Direct Plan - Growth,2025-04-07,47.252
Mirae Asset ELSS Tax Saver Fund,135781,Mirae Asset ELSS Tax Saver Fund - Direct Plan - Growth,2025-04-08,48.078
Mirae Asset ELSS Tax Saver Fund,135781,Mirae Asset ELSS Tax Saver Fund - Direct Plan - Growth,2025-04-09,47.633
Mirae Asset ELSS Tax Saver Fund,135781,Mirae Asset ELSS Tax Saver Fund - Direct Plan - Growth,2025-04-11,48.573
Mirae Asset ELSS Tax Saver Fund,135781,Mirae Asset ELSS Tax Saver Fund - Direct Plan - Growth,2025-04-15,49.769
Mirae Asset ELSS Tax Saver Fund,135781,Mirae Asset ELSS Tax Saver Fund - Direct Plan - Growth,2025-04-16,50.153
Mirae Asset ELSS Tax Saver Fund,135781,Mirae Asset ELSS Tax Saver Fund - Direct Plan - Growth,2025-04-17,50.837
Mirae Asset ELSS Tax Saver Fund,135781,Mirae Asset ELSS Tax Saver Fund - Direct Plan - Growth,2025-04-21,51.654
Mirae Asset ELSS Tax Saver Fund,135781,Mirae Asset ELSS Tax Saver Fund - Direct Plan - Growth,2025-04-22,51.785
Mirae Asset ELSS Tax Saver Fund,135781,Mirae Asset ELSS Tax Saver Fund - Direct Plan - Growth,2025-04-23,52.146
Mirae Asset ELSS Tax Saver Fund,135781,Mirae Asset ELSS Tax Saver Fund - Direct Plan - Growth,2025-04-24,52.047
Mirae Asset ELSS Tax Saver Fund,135781,Mirae Asset ELSS Tax Saver Fund - Direct Plan - Growth,2025-04-25,51.325
Mirae Asset ELSS Tax Saver Fund,135781,Mirae Asset ELSS Tax Saver Fund - Direct Plan - Growth,2025-04-28,51.924
Mirae Asset ELSS Tax Saver Fund,135781,Mirae Asset ELSS Tax Saver Fund - Direct Plan - Growth,2025-04-29,51.955
Mirae Asset ELSS Tax Saver Fund,135781,Mirae Asset ELSS Tax Saver Fund - Direct Plan - Growth,2025-04-30,51.872
Mirae Asset ELSS Tax Saver Fund,135781,Mirae Asset ELSS Tax Saver Fund - Direct Plan - Growth,2025-05-02,51.872
Mirae Asset ELSS Tax Saver Fund,135781,Mirae Asset ELSS Tax Saver Fund - Direct Plan - Growth,2025-05-05,52.256
Mirae Asset ELSS Tax Saver Fund,135781,Mirae Asset ELSS Tax Saver Fund - Direct Plan - Growth,2025-05-06,51.719
Mirae Asset ELSS Tax Saver Fund,135781,Mirae Asset ELSS Tax Saver Fund - Direct Plan - Growth,2025-05-07,51.977
Mirae Asset ELSS Tax Saver Fund,135781,Mirae Asset ELSS Tax Saver Fund - Direct Plan - Growth,2025-05-08,51.477
Mirae Asset ELSS Tax Saver Fund,135781,Mirae Asset ELSS Tax Saver Fund - Direct Plan - Growth,2025-05-09,51.128
Mirae Asset ELSS Tax Saver Fund,135781,Mirae Asset ELSS Tax Saver Fund - Direct Plan - Growth,2025-05-12,52.998
Mirae Asset ELSS Tax Saver Fund,135781,Mirae Asset ELSS Tax Saver Fund - Direct Plan - Growth,2025-05-13,52.589
Mirae Asset ELSS Tax Saver Fund,135781,Mirae Asset ELSS Tax Saver Fund - Direct Plan - Growth,2025-05-14,53.001
Mirae Asset ELSS Tax Saver Fund,135781,Mirae Asset ELSS Tax Saver Fund - Direct Plan - Growth,2025-05-15,53.58
Mirae Asset ELSS Tax Saver Fund,135781,Mirae Asset ELSS Tax Saver Fund - Direct Plan - Growth,2025-05-16,53.731
Mirae Asset ELSS Tax Saver Fund,135781,Mirae Asset ELSS Tax Saver Fund - Direct Plan - Growth,2025-05-19,53.733
Mirae Asset ELSS Tax Saver Fund,135781,Mirae Asset ELSS Tax Saver Fund - Direct Plan - Growth,2025-05-20,53.201
Mirae Asset ELSS Tax Saver Fund,135781,Mirae Asset ELSS Tax Saver Fund - Direct Plan - Growth,2025-05-21,53.558
Mirae Asset ELSS Tax Saver Fund,135781,Mirae Asset ELSS Tax Saver Fund - Direct Plan - Growth,2025-05-22,53.241
Mirae Asset ELSS Tax Saver Fund,135781,Mirae Asset ELSS Tax Saver Fund - Direct Plan - Growth,2025-05-23,53.657
Mirae Asset ELSS Tax Saver Fund,135781,Mirae Asset ELSS Tax Saver Fund - Direct Plan - Growth,2025-05-26,53.871
Mirae Asset ELSS Tax Saver Fund,135781,Mirae Asset ELSS Tax Saver Fund - Direct Plan - Growth,2025-05-27,53.639
Mirae Asset ELSS Tax Saver Fund,135781,Mirae Asset ELSS Tax Saver Fund - Direct Plan - Growth,2025-05-28,53.512
Mirae Asset ELSS Tax Saver Fund,135781,Mirae Asset ELSS Tax Saver Fund - Direct Plan - Growth,2025-05-29,53.807
Mirae Asset ELSS Tax Saver Fund,135781,Mirae Asset ELSS Tax Saver Fund - Direct Plan - Growth,2025-05-30,53.755
Mirae Asset ELSS Tax Saver Fund,135781,Mirae Asset ELSS Tax Saver Fund - Direct Plan - Growth,2025-06-02,53.824
Mirae Asset ELSS Tax Saver Fund,135781,Mirae Asset ELSS Tax Saver Fund - Direct Plan - Growth,2025-06-03,53.56
Mirae Asset ELSS Tax Saver Fund,135781,Mirae Asset ELSS Tax Saver Fund - Direct Plan - Growth,2025-06-04,53.789
Mirae Asset ELSS Tax Saver Fund,135781,Mirae Asset ELSS Tax Saver Fund - Direct Plan - Growth,2025-06-05,54.092
Mirae Asset ELSS Tax Saver Fund,135781,Mirae Asset ELSS Tax Saver Fund - Direct Plan - Growth,2025-06-06,54.711
Mirae Asset ELSS Tax Saver Fund,135781,Mirae Asset ELSS Tax Saver Fund - Direct Plan - Growth,2025-06-09,55.107
Mirae Asset ELSS Tax Saver Fund,135781,Mirae Asset ELSS Tax Saver Fund - Direct Plan - Growth,2025-06-10,55.149
Mirae Asset ELSS Tax Saver Fund,135781,Mirae Asset ELSS Tax Saver Fund - Direct Plan - Growth,2025-06-11,55.211
Mirae Asset ELSS Tax Saver Fund,135781,Mirae Asset ELSS Tax Saver Fund - Direct Plan - Growth,2025-06-12,54.574
Mirae Asset ELSS Tax Saver Fund,135781,Mirae Asset ELSS Tax Saver Fund - Direct Plan - Growth,2025-06-13,54.263
Mirae Asset ELSS Tax Saver Fund,135781,Mirae Asset ELSS Tax Saver Fund - Direct Plan - Growth,2025-06-16,54.708
Mirae Asset ELSS Tax Saver Fund,135781,Mirae Asset ELSS Tax Saver Fund - Direct Plan - Growth,2025-06-17,54.427
Mirae Asset ELSS Tax Saver Fund,135781,Mirae Asset ELSS Tax Saver Fund - Direct Plan - Growth,2025-06-18,54.374
Mirae Asset ELSS Tax Saver Fund,135781,Mirae Asset ELSS Tax Saver Fund - Direct Plan - Growth,2025-06-19,54.03
Mirae Asset ELSS Tax Saver Fund,135781,Mirae Asset ELSS Tax Saver Fund - Direct Plan - Growth,2025-06-20,54.67
Mirae Asset ELSS Tax Saver Fund,135781,Mirae Asset ELSS Tax Saver Fund - Direct Plan - Growth,2025-06-23,54.521
Mirae Asset ELSS Tax Saver Fund,135781,Mirae Asset ELSS Tax Saver Fund - Direct Plan - Growth,2025-06-24,54.876
Mirae Asset ELSS Tax Saver Fund,135781,Mirae Asset ELSS Tax Saver Fund - Direct Plan - Growth,2025-06-25,55.322
Mirae Asset ELSS Tax Saver Fund,135781,Mirae Asset ELSS Tax Saver Fund - Direct Plan - Growth,2025-06-26,55.767
Mirae Asset ELSS Tax Saver Fund,135781,Mirae Asset ELSS Tax Saver Fund - Direct Plan - Growth,2025-06-27,55.962
Mirae Asset ELSS Tax Saver Fund,135781,Mirae Asset ELSS Tax Saver Fund - Direct Plan - Growth,2025-06-30,55.945
Mirae Asset ELSS Tax Saver Fund,135781,Mirae Asset ELSS Tax Saver Fund - Direct Plan - Growth,2025-07-01,55.934
Mirae Asset ELSS Tax Saver Fund,135781,Mirae Asset ELSS Tax Saver Fund - Direct Plan - Growth,2025-07-02,55.849
Mirae Asset ELSS Tax Saver Fund,135781,Mirae Asset ELSS Tax Saver Fund - Direct Plan - Growth,2025-07-03,55.814
Mirae Asset ELSS Tax Saver Fund,135781,Mirae Asset ELSS Tax Saver Fund - Direct Plan - Growth,2025-07-04,55.969
Mirae Asset ELSS Tax Saver Fund,135781,Mirae Asset ELSS Tax Saver Fund - Direct Plan - Growth,2025-07-07,55.895
Mirae Asset ELSS Tax Saver Fund,135781,Mirae Asset ELSS Tax Saver Fund - Direct Plan - Growth,2025-07-08,55.969
Mirae Asset ELSS Tax Saver Fund,135781,Mirae Asset ELSS Tax Saver Fund - Direct Plan - Growth,2025-07-09,55.894
Mirae Asset ELSS Tax Saver Fund,135781,Mirae Asset ELSS Tax Saver Fund - Direct Plan - Growth,2025-07-10,55.819
Mirae Asset ELSS Tax Saver Fund,135781,Mirae Asset ELSS Tax Saver Fund - Direct Plan - Growth,2025-07-11,55.573
Mirae Asset ELSS Tax Saver Fund,135781,Mirae Asset ELSS Tax Saver Fund - Direct Plan - Growth,2025-07-14,55.731
Mirae Asset ELSS Tax Saver Fund,135781,Mirae Asset ELSS Tax Saver Fund - Direct Plan - Growth,2025-07-15,56.049
Mirae Asset ELSS Tax Saver Fund,135781,Mirae Asset ELSS Tax Saver Fund - Direct Plan - Growth,2025-07-16,56.194
Mirae Asset ELSS Tax Saver Fund,135781,Mirae Asset ELSS Tax Saver Fund - Direct Plan - Growth,2025-07-17,56.096
Mirae Asset ELSS Tax Saver Fund,135781,Mirae Asset ELSS Tax Saver Fund - Direct Plan - Growth,2025-07-18,55.763
Mirae Asset ELSS Tax Saver Fund,135781,Mirae Asset ELSS Tax Saver Fund - Direct Plan - Growth,2025-07-21,55.955
Mirae Asset ELSS Tax Saver Fund,135781,Mirae Asset ELSS Tax Saver Fund - Direct Plan - Growth,2025-07-22,55.861
Mirae Asset ELSS Tax Saver Fund,135781,Mirae Asset ELSS Tax Saver Fund - Direct Plan - Growth,2025-07-23,56.226
Mirae Asset ELSS Tax Saver Fund,135781,Mirae Asset ELSS Tax Saver Fund - Direct Plan - Growth,2025-07-24,55.909
Mirae Asset ELSS Tax Saver Fund,135781,Mirae Asset ELSS Tax Saver Fund - Direct Plan - Growth,2025-07-25,55.354
Mirae Asset ELSS Tax Saver Fund,135781,Mirae Asset ELSS Tax Saver Fund - Direct Plan - Growth,2025-07-28,55.038
Mirae Asset ELSS Tax Saver Fund,135781,Mirae Asset ELSS Tax Saver Fund - Direct Plan - Growth,2025-07-29,55.379
Mirae Asset ELSS Tax Saver Fund,135781,Mirae Asset ELSS Tax Saver Fund - Direct Plan - Growth,2025-07-30,55.394
Mirae Asset ELSS Tax Saver Fund,135781,Mirae Asset ELSS Tax Saver Fund - Direct Plan - Growth,2025-07-31,55.098
Mirae Asset ELSS Tax Saver Fund,135781,Mirae Asset ELSS Tax Saver Fund - Direct Plan - Growth,2025-08-01,54.384
Mirae Asset ELSS Tax Saver Fund,135781,Mirae Asset ELSS Tax Saver Fund - Direct Plan - Growth,2025-08-04,54.83
Mirae Asset ELSS Tax Saver Fund,135781,Mirae Asset ELSS Tax Saver Fund - Direct Plan - Growth,2025-08-05,54.569
Mirae Asset ELSS Tax Saver Fund,135781,Mirae Asset ELSS Tax Saver Fund - Direct Plan - Growth,2025-08-06,54.289
Mirae Asset ELSS Tax Saver Fund,135781,Mirae Asset ELSS Tax Saver Fund - Direct Plan - Growth,2025-08-07,54.378
Mirae Asset ELSS Tax Saver Fund,135781,Mirae Asset ELSS Tax Saver Fund - Direct Plan - Growth,2025-08-08,53.829
Mirae Asset ELSS Tax Saver Fund,135781,Mirae Asset ELSS Tax Saver Fund - Direct Plan - Growth,2025-08-11,54.31
Mirae Asset ELSS Tax Saver Fund,135781,Mirae Asset ELSS Tax Saver Fund - Direct Plan - Growth,2025-08-12,54.225
Mirae Asset ELSS Tax Saver Fund,135781,Mirae Asset ELSS Tax Saver Fund - Direct Plan - Growth,2025-08-13,54.512
Mirae Asset ELSS Tax Saver Fund,135781,Mirae Asset ELSS Tax Saver Fund - Direct Plan - Growth,2025-08-14,54.461
Mirae Asset ELSS Tax Saver Fund,135781,Mirae Asset ELSS Tax Saver Fund - Direct Plan - Growth,2025-08-18,55.01
Mirae Asset ELSS Tax Saver Fund,135781,Mirae Asset ELSS Tax Saver Fund - Direct Plan - Growth,2025-08-19,55.342
Mirae Asset ELSS Tax Saver Fund,135781,Mirae Asset ELSS Tax Saver Fund - Direct Plan - Growth,2025-08-20,55.45
Mirae Asset ELSS Tax Saver Fund,135781,Mirae Asset ELSS Tax Saver Fund - Direct Plan - Growth,2025-08-21,55.496
Mirae Asset ELSS Tax Saver Fund,135781,Mirae Asset ELSS Tax Saver Fund - Direct Plan - Growth,2025-08-22,55.156
Mirae Asset ELSS Tax Saver Fund,135781,Mirae Asset ELSS Tax Saver Fund - Direct Plan - Growth,2025-08-25,55.387
Mirae Asset ELSS Tax Saver Fund,135781,Mirae Asset ELSS Tax Saver Fund - Direct Plan - Growth,2025-08-26,54.815
Mirae Asset ELSS Tax Saver Fund,135781,Mirae Asset ELSS Tax Saver Fund - Direct Plan - Growth,2025-08-28,54.242
Mirae Asset ELSS Tax Saver Fund,135781,Mirae Asset ELSS Tax Saver Fund - Direct Plan - Growth,2025-08-29,54.046
Mirae Asset ELSS Tax Saver Fund,135781,Mirae Asset ELSS Tax Saver Fund - Direct Plan - Growth,2025-09-01,54.65
Mirae Asset ELSS Tax Saver Fund,135781,Mirae Asset ELSS Tax Saver Fund - Direct Plan - Growth,2025-09-02,54.588
Mirae Asset ELSS Tax Saver Fund,135781,Mirae Asset ELSS Tax Saver Fund - Direct Plan - Growth,2025-09-03,54.993
Mirae Asset ELSS Tax Saver Fund,135781,Mirae Asset ELSS Tax Saver Fund - Direct Plan - Growth,2025-09-04,54.932
Mirae Asset ELSS Tax Saver Fund,135781,Mirae Asset ELSS Tax Saver Fund - Direct Plan - Growth,2025-09-05,54.995
Mirae Asset ELSS Tax Saver Fund,135781,Mirae Asset ELSS Tax Saver Fund - Direct Plan - Growth,2025-09-08,55.136
Mirae Asset ELSS Tax Saver Fund,135781,Mirae Asset ELSS Tax Saver Fund - Direct Plan - Growth,2025-09-09,55.301
Mirae Asset ELSS Tax Saver Fund,135781,Mirae Asset ELSS Tax Saver Fund - Direct Plan - Growth,2025-09-10,55.5
Mirae Asset ELSS Tax Saver Fund,135781,Mirae Asset ELSS Tax Saver Fund - Direct Plan - Growth,2025-09-11,55.635
Mirae Asset ELSS Tax Saver Fund,135781,Mirae Asset ELSS Tax Saver Fund - Direct Plan - Growth,2025-09-12,55.85
Mirae Asset ELSS Tax Saver Fund,135781,Mirae Asset ELSS Tax Saver Fund - Direct Plan - Growth,2025-09-15,55.909
Mirae Asset ELSS Tax Saver Fund,135781,Mirae Asset ELSS Tax Saver Fund - Direct Plan - Growth,2025-09-16,56.311
Mirae Asset ELSS Tax Saver Fund,135781,Mirae Asset ELSS Tax Saver Fund - Direct Plan - Growth,2025-09-17,56.492
Mirae Asset ELSS Tax Saver Fund,135781,Mirae Asset ELSS Tax Saver Fund - Direct Plan - Growth,2025-09-18,56.713
Mirae Asset ELSS Tax Saver Fund,135781,Mirae Asset ELSS Tax Saver Fund - Direct Plan - Growth,2025-09-19,56.654
Mirae Asset ELSS Tax Saver Fund,135781,Mirae Asset ELSS Tax Saver Fund - Direct Plan - Growth,2025-09-22,56.274
Mirae Asset ELSS Tax Saver Fund,135781,Mirae Asset ELSS Tax Saver Fund - Direct Plan - Growth,2025-09-23,56.311
Mirae Asset ELSS Tax Saver Fund,135781,Mirae Asset ELSS Tax Saver Fund - Direct Plan - Growth,2025-09-24,55.915
Mirae Asset ELSS Tax Saver Fund,135781,Mirae Asset ELSS Tax Saver Fund - Direct Plan - Growth,2025-09-25,55.585
Mirae Asset ELSS Tax Saver Fund,135781,Mirae Asset ELSS Tax Saver Fund - Direct Plan - Growth,2025-09-26,54.817
Mirae Asset ELSS Tax Saver Fund,135781,Mirae Asset ELSS Tax Saver Fund - Direct Plan - Growth,2025-09-30,54.899
Mirae Asset ELSS Tax Saver Fund,135781,Mirae Asset ELSS Tax Saver Fund - Direct Plan - Growth,2025-10-01,55.396
Mirae Asset ELSS Tax Saver Fund,135781,Mirae Asset ELSS Tax Saver Fund - Direct Plan - Growth,2025-10-03,55.604
Mirae Asset ELSS Tax Saver Fund,135781,Mirae Asset ELSS Tax Saver Fund - Direct Plan - Growth,2025-10-06,55.968
Mirae Asset ELSS Tax Saver Fund,135781,Mirae Asset ELSS Tax Saver Fund - Direct Plan - Growth,2025-10-07,56.007
Mirae Asset ELSS Tax Saver Fund,135781,Mirae Asset ELSS Tax Saver Fund - Direct Plan - Growth,2025-10-08,55.821
Mirae Asset ELSS Tax Saver Fund,135781,Mirae Asset ELSS Tax Saver Fund - Direct Plan - Growth,2025-10-09,56.178
Mirae Asset ELSS Tax Saver Fund,135781,Mirae Asset ELSS Tax Saver Fund - Direct Plan - Growth,2025-10-10,56.506
Mirae Asset ELSS Tax Saver Fund,135781,Mirae Asset ELSS Tax Saver Fund - Direct Plan - Growth,2025-10-13,56.371
Mirae Asset ELSS Tax Saver Fund,135781,Mirae Asset ELSS Tax Saver Fund - Direct Plan - Growth,2025-10-14,56.162
Mirae Asset ELSS Tax Saver Fund,135781,Mirae Asset ELSS Tax Saver Fund - Direct Plan - Growth,2025-10-15,56.497
Mirae Asset ELSS Tax Saver Fund,135781,Mirae Asset ELSS Tax Saver Fund - Direct Plan - Growth,2025-10-16,56.895
Mirae Asset ELSS Tax Saver Fund,135781,Mirae Asset ELSS Tax Saver Fund - Direct Plan - Growth,2025-10-17,56.995
Mirae Asset ELSS Tax Saver Fund,135781,Mirae Asset ELSS Tax Saver Fund - Direct Plan - Growth,2025-10-20,57.365
Mirae Asset ELSS Tax Saver Fund,135781,Mirae Asset ELSS Tax Saver Fund - Direct Plan - Growth,2025-10-23,57.672
Mirae Asset ELSS Tax Saver Fund,135781,Mirae Asset ELSS Tax Saver Fund - Direct Plan - Growth,2025-10-24,57.52
Mirae Asset ELSS Tax Saver Fund,135781,Mirae Asset ELSS Tax Saver Fund - Direct Plan - Growth,2025-10-27,57.935
Mirae Asset ELSS Tax Saver Fund,135781,Mirae Asset ELSS Tax Saver Fund - Direct Plan - Growth,2025-10-28,57.951
Mirae Asset ELSS Tax Saver Fund,135781,Mirae Asset ELSS Tax Saver Fund - Direct Plan - Growth,2025-10-29,58.18
Mirae Asset ELSS Tax Saver Fund,135781,Mirae Asset ELSS Tax Saver Fund - Direct Plan - Growth,2025-10-30,57.903
Mirae Asset ELSS Tax Saver Fund,135781,Mirae Asset ELSS Tax Saver Fund - Direct Plan - Growth,2025-10-31,57.548
Mirae Asset ELSS Tax Saver Fund,135781,Mirae Asset ELSS Tax Saver Fund - Direct Plan - Growth,2025-11-03,57.863
Mirae Asset ELSS Tax Saver Fund,135781,Mirae Asset ELSS Tax Saver Fund - Direct Plan - Growth,2025-11-04,57.533
Mirae Asset ELSS Tax Saver Fund,135781,Mirae Asset ELSS Tax Saver Fund - Direct Plan - Growth,2025-11-06,57.153
Mirae Asset ELSS Tax Saver Fund,135781,Mirae Asset ELSS Tax Saver Fund - Direct Plan - Growth,2025-11-07,57.126
Mirae Asset ELSS Tax Saver Fund,135781,Mirae Asset ELSS Tax Saver Fund - Direct Plan - Growth,2025-11-10,57.311
Mirae Asset ELSS Tax Saver Fund,135781,Mirae Asset ELSS Tax Saver Fund - Direct Plan - Growth,2025-11-11,57.561
Mirae Asset ELSS Tax Saver Fund,135781,Mirae Asset ELSS Tax Saver Fund - Direct Plan - Growth,2025-11-12,57.885
Mirae Asset ELSS Tax Saver Fund,135781,Mirae Asset ELSS Tax Saver Fund - Direct Plan - Growth,2025-11-13,57.825
Mirae Asset ELSS Tax Saver Fund,135781,Mirae Asset ELSS Tax Saver Fund - Direct Plan - Growth,2025-11-14,57.827
Mirae Asset ELSS Tax Saver Fund,135781,Mirae Asset ELSS Tax Saver Fund - Direct Plan - Growth,2025-11-17,58.118
Mirae Asset ELSS Tax Saver Fund,135781,Mirae Asset ELSS Tax Saver Fund - Direct Plan - Growth,2025-11-18,57.797
Mirae Asset ELSS Tax Saver Fund,135781,Mirae Asset ELSS Tax Saver Fund - Direct Plan - Growth,2025-11-19,58.031
Mirae Asset ELSS Tax Saver Fund,135781,Mirae Asset ELSS Tax Saver Fund - Direct Plan - Growth,2025-11-20,58.114
Mirae Asset ELSS Tax Saver Fund,135781,Mirae Asset ELSS Tax Saver Fund - Direct Plan - Growth,2025-11-21,57.772
Mirae Asset ELSS Tax Saver Fund,135781,Mirae Asset ELSS Tax Saver Fund - Direct Plan - Growth,2025-11-24,57.601
Mirae Asset ELSS Tax Saver Fund,135781,Mirae Asset ELSS Tax Saver Fund - Direct Plan - Growth,2025-11-25,57.565
Mirae Asset ELSS Tax Saver Fund,135781,Mirae Asset ELSS Tax Saver Fund - Direct Plan - Growth,2025-11-26,58.212
Mirae Asset ELSS Tax Saver Fund,135781,Mirae Asset ELSS Tax Saver Fund - Direct Plan - Growth,2025-11-27,58.224
Mirae Asset ELSS Tax Saver Fund,135781,Mirae Asset ELSS Tax Saver Fund - Direct Plan - Growth,2025-11-28,58.126
Mirae Asset ELSS Tax Saver Fund,135781,Mirae Asset ELSS Tax Saver Fund - Direct Plan - Growth,2025-12-01,57.992
Mirae Asset ELSS Tax Saver Fund,135781,Mirae Asset ELSS Tax Saver Fund - Direct Plan - Growth,2025-12-02,57.796
Mirae Asset ELSS Tax Saver Fund,135781,Mirae Asset ELSS Tax Saver Fund - Direct Plan - Growth,2025-12-03,57.751
Mirae Asset ELSS Tax Saver Fund,135781,Mirae Asset ELSS Tax Saver Fund - Direct Plan - Growth,2025-12-04,57.776
Mirae Asset ELSS Tax Saver Fund,135781,Mirae Asset ELSS Tax Saver Fund - Direct Plan - Growth,2025-12-05,58.034
Mirae Asset ELSS Tax Saver Fund,135781,Mirae Asset ELSS Tax Saver Fund - Direct Plan - Growth,2025-12-08,57.257
Mirae Asset ELSS Tax Saver Fund,135781,Mirae Asset ELSS Tax Saver Fund - Direct Plan - Growth,2025-12-09,57.359
Mirae Asset ELSS Tax Saver Fund,135781,Mirae Asset ELSS Tax Saver Fund - Direct Plan - Growth,2025-12-10,57.07
Mirae Asset ELSS Tax Saver Fund,135781,Mirae Asset ELSS Tax Saver Fund - Direct Plan - Growth,2025-12-11,57.396
Mirae Asset ELSS Tax Saver Fund,135781,Mirae Asset ELSS Tax Saver Fund - Direct Plan - Growth,2025-12-12,57.748
Mirae Asset ELSS Tax Saver Fund,135781,Mirae Asset ELSS Tax Saver Fund - Direct Plan - Growth,2025-12-15,57.747
Mirae Asset ELSS Tax Saver Fund,135781,Mirae Asset ELSS Tax Saver Fund - Direct Plan - Growth,2025-12-16,57.213
Mirae Asset ELSS Tax Saver Fund,135781,Mirae Asset ELSS Tax Saver Fund - Direct Plan - Growth,2025-12-17,57.01
Mirae Asset ELSS Tax Saver Fund,135781,Mirae Asset ELSS Tax Saver Fund - Direct Plan - Growth,2025-12-18,57.164
Mirae Asset ELSS Tax Saver Fund,135781,Mirae Asset ELSS Tax Saver Fund - Direct Plan - Growth,2025-12-19,57.597
Mirae Asset ELSS Tax Saver Fund,135781,Mirae Asset ELSS Tax Saver Fund - Direct Plan - Growth,2025-12-22,58.051
Mirae Asset ELSS Tax Saver Fund,135781,Mirae Asset ELSS Tax Saver Fund - Direct Plan - Growth,2025-12-23,58.196
Mirae Asset ELSS Tax Saver Fund,135781,Mirae Asset ELSS Tax Saver Fund - Direct Plan - Growth,2025-12-24,58.073
Mirae Asset ELSS Tax Saver Fund,135781,Mirae Asset ELSS Tax Saver Fund - Direct Plan - Growth,2025-12-26,57.94
Mirae Asset ELSS Tax Saver Fund,135781,Mirae Asset ELSS Tax Saver Fund - Direct Plan - Growth,2025-12-29,57.749
Mirae Asset ELSS Tax Saver Fund,135781,Mirae Asset ELSS Tax Saver Fund - Direct Plan - Growth,2025-12-30,57.691
Mirae Asset ELSS Tax Saver Fund,135781,Mirae Asset ELSS Tax Saver Fund - Direct Plan - Growth,2025-12-31,58.137
Mirae Asset ELSS Tax Saver Fund,135781,Mirae Asset ELSS Tax Saver Fund - Direct Plan - Growth,2026-01-01,58.094
Mirae Asset ELSS Tax Saver Fund,135781,Mirae Asset ELSS Tax Saver Fund - Direct Plan - Growth,2026-01-02,58.428
Mirae Asset ELSS Tax Saver Fund,135781,Mirae Asset ELSS Tax Saver Fund - Direct Plan - Growth,2026-01-05,58.318
Mirae Asset ELSS Tax Saver Fund,135781,Mirae Asset ELSS Tax Saver Fund - Direct Plan - Growth,2026-01-06,58.235
Mirae Asset ELSS Tax Saver Fund,135781,Mirae Asset ELSS Tax Saver Fund - Direct Plan - Growth,2026-01-07,58.216
Mirae Asset ELSS Tax Saver Fund,135781,Mirae Asset ELSS Tax Saver Fund - Direct Plan - Growth,2026-01-08,57.488
Mirae Asset ELSS Tax Saver Fund,135781,Mirae Asset ELSS Tax Saver Fund - Direct Plan - Growth,2026-01-09,56.978
Mirae Asset ELSS Tax Saver Fund,135781,Mirae Asset ELSS Tax Saver Fund - Direct Plan - Growth,2026-01-12,57.013
Mirae Asset ELSS Tax Saver Fund,135781,Mirae Asset ELSS Tax Saver Fund - Direct Plan - Growth,2026-01-13,57.127
Mirae Asset ELSS Tax Saver Fund,135781,Mirae Asset ELSS Tax Saver Fund - Direct Plan - Growth,2026-01-14,57.279
Mirae Asset ELSS Tax Saver Fund,135781,Mirae Asset ELSS Tax Saver Fund - Direct Plan - Growth,2026-01-16,57.254
Mirae Asset ELSS Tax Saver Fund,135781,Mirae Asset ELSS Tax Saver Fund - Direct Plan - Growth,2026-01-19,56.843
Mirae Asset ELSS Tax Saver Fund,135781,Mirae Asset ELSS Tax Saver Fund - Direct Plan - Growth,2026-01-20,55.812
Mirae Asset ELSS Tax Saver Fund,135781,Mirae Asset ELSS Tax Saver Fund - Direct Plan - Growth,2026-01-21,55.551
Mirae Asset ELSS Tax Saver Fund,135781,Mirae Asset ELSS Tax Saver Fund - Direct Plan - Growth,2026-01-22,55.906
Mirae Asset ELSS Tax Saver Fund,135781,Mirae Asset ELSS Tax Saver Fund - Direct Plan - Growth,2026-01-23,55.211
Mirae Asset ELSS Tax Saver Fund,135781,Mirae Asset ELSS Tax Saver Fund - Direct Plan - Growth,2026-01-27,55.434
Mirae Asset ELSS Tax Saver Fund,135781,Mirae Asset ELSS Tax Saver Fund - Direct Plan - Growth,2026-01-28,55.961
Mirae Asset ELSS Tax Saver Fund,135781,Mirae Asset ELSS Tax Saver Fund - Direct Plan - Growth,2026-01-29,56.222
Mirae Asset ELSS Tax Saver Fund,135781,Mirae Asset ELSS Tax Saver Fund - Direct Plan - Growth,2026-01-30,56.116
Mirae Asset ELSS Tax Saver Fund,135781,Mirae Asset ELSS Tax Saver Fund - Direct Plan - Growth,2026-02-02,55.8
Mirae Asset ELSS Tax Saver Fund,135781,Mirae Asset ELSS Tax Saver Fund - Direct Plan - Growth,2026-02-03,57.102
Mirae Asset ELSS Tax Saver Fund,135781,Mirae Asset ELSS Tax Saver Fund - Direct Plan - Growth,2026-02-04,57.209
Mirae Asset ELSS Tax Saver Fund,135781,Mirae Asset ELSS Tax Saver Fund - Direct Plan - Growth,2026-02-05,56.934
Mirae Asset ELSS Tax Saver Fund,135781,Mirae Asset ELSS Tax Saver Fund - Direct Plan - Growth,2026-02-06,56.925
Mirae Asset ELSS Tax Saver Fund,135781,Mirae Asset ELSS Tax Saver Fund - Direct Plan - Growth,2026-02-09,57.696
Mirae Asset ELSS Tax Saver Fund,135781,Mirae Asset ELSS Tax Saver Fund - Direct Plan - Growth,2026-02-10,58.018
Mirae Asset ELSS Tax Saver Fund,135781,Mirae Asset ELSS Tax Saver Fund - Direct Plan - Growth,2026-02-11,58.156
Mirae Asset ELSS Tax Saver Fund,135781,Mirae Asset ELSS Tax Saver Fund - Direct Plan - Growth,2026-02-12,57.8
Mirae Asset ELSS Tax Saver Fund,135781,Mirae Asset ELSS Tax Saver Fund - Direct Plan - Growth,2026-02-13,57.08
Mirae Asset ELSS Tax Saver Fund,135781,Mirae Asset ELSS Tax Saver Fund - Direct Plan - Growth,2026-02-16,57.4
Mirae Asset ELSS Tax Saver Fund,135781,Mirae Asset ELSS Tax Saver Fund - Direct Plan - Growth,2026-02-17,57.544
Mirae Asset ELSS Tax Saver Fund,135781,Mirae Asset ELSS Tax Saver Fund - Direct Plan - Growth,2026-02-18,57.748
Mirae Asset ELSS Tax Saver Fund,135781,Mirae Asset ELSS Tax Saver Fund - Direct Plan - Growth,2026-02-19,56.934
Mirae Asset ELSS Tax Saver Fund,135781,Mirae Asset ELSS Tax Saver Fund - Direct Plan - Growth,2026-02-20,57.119
Mirae Asset ELSS Tax Saver Fund,135781,Mirae Asset ELSS Tax Saver Fund - Direct Plan - Growth,2026-02-23,57.315
Mirae Asset ELSS Tax Saver Fund,135781,Mirae Asset ELSS Tax Saver Fund - Direct Plan - Growth,2026-02-24,56.809
Mirae Asset ELSS Tax Saver Fund,135781,Mirae Asset ELSS Tax Saver Fund - Direct Plan - Growth,2026-02-25,57.105
Mirae Asset ELSS Tax Saver Fund,135781,Mirae Asset ELSS Tax Saver Fund - Direct Plan - Growth,2026-02-26,57.162
Mirae Asset ELSS Tax Saver Fund,135781,Mirae Asset ELSS Tax Saver Fund - Direct Plan - Growth,2026-02-27,56.489
Mirae Asset ELSS Tax Saver Fund,135781,Mirae Asset ELSS Tax Saver Fund - Direct Plan - Growth,2026-03-02,55.608
Mirae Asset ELSS Tax Saver Fund,135781,Mirae Asset ELSS Tax Saver Fund - Direct Plan - Growth,2026-03-04,54.595
Mirae Asset ELSS Tax Saver Fund,135781,Mirae Asset ELSS Tax Saver Fund - Direct Plan - Growth,2026-03-05,55.073
Mirae Asset ELSS Tax Saver Fund,135781,Mirae Asset ELSS Tax Saver Fund - Direct Plan - Growth,2026-03-06,54.438
Mirae Asset ELSS Tax Saver Fund,135781,Mirae Asset ELSS Tax Saver Fund - Direct Plan - Growth,2026-03-09,53.447
Mirae Asset ELSS Tax Saver Fund,135781,Mirae Asset ELSS Tax Saver Fund - Direct Plan - Growth,2026-03-10,54.029
Mirae Asset ELSS Tax Saver Fund,135781,Mirae Asset ELSS Tax Saver Fund - Direct Plan - Growth,2026-03-11,53.437
Mirae Asset ELSS Tax Saver Fund,135781,Mirae Asset ELSS Tax Saver Fund - Direct Plan - Growth,2026-03-12,52.966
Mirae Asset ELSS Tax Saver Fund,135781,Mirae Asset ELSS Tax Saver Fund - Direct Plan - Growth,2026-03-13,51.781
Mirae Asset ELSS Tax Saver Fund,135781,Mirae Asset ELSS Tax Saver Fund - Direct Plan - Growth,2026-03-16,52.107
Mirae Asset ELSS Tax Saver Fund,135781,Mirae Asset ELSS Tax Saver Fund - Direct Plan - Growth,2026-03-17,52.506
Mirae Asset ELSS Tax Saver Fund,135781,Mirae Asset ELSS Tax Saver Fund - Direct Plan - Growth,2026-03-18,53.248
Mirae Asset ELSS Tax Saver Fund,135781,Mirae Asset ELSS Tax Saver Fund - Direct Plan - Growth,2026-03-19,51.516
Mirae Asset ELSS Tax Saver Fund,135781,Mirae Asset ELSS Tax Saver Fund - Direct Plan - Growth,2026-03-20,51.788
Mirae Asset ELSS Tax Saver Fund,135781,Mirae Asset ELSS Tax Saver Fund - Direct Plan - Growth,2026-03-23,50.092
Mirae Asset ELSS Tax Saver Fund,135781,Mirae Asset ELSS Tax Saver Fund - Direct Plan - Growth,2026-03-24,51.054
Mirae Asset ELSS Tax Saver Fund,135781,Mirae Asset ELSS Tax Saver Fund - Direct Plan - Growth,2026-03-25,52.005
Mirae Asset ELSS Tax Saver Fund,135781,Mirae Asset ELSS Tax Saver Fund - Direct Plan - Growth,2026-03-27,50.961
Mirae Asset ELSS Tax Saver Fund,135781,Mirae Asset ELSS Tax Saver Fund - Direct Plan - Growth,2026-03-30,49.631
Mirae Asset ELSS Tax Saver Fund,135781,Mirae Asset ELSS Tax Saver Fund - Direct Plan - Growth,2026-03-31,49.63
Mirae Asset ELSS Tax Saver Fund,135781,Mirae Asset ELSS Tax Saver Fund - Direct Plan - Growth,2026-04-01,50.804
Mirae Asset ELSS Tax Saver Fund,135781,Mirae Asset ELSS Tax Saver Fund - Direct Plan - Growth,2026-04-02,50.957
Mirae Asset ELSS Tax Saver Fund,135781,Mirae Asset ELSS Tax Saver Fund - Direct Plan - Growth,2026-04-06,51.583
Mirae Asset ELSS Tax Saver Fund,135781,Mirae Asset ELSS Tax Saver Fund - Direct Plan - Growth,2026-04-07,51.826
Mirae Asset ELSS Tax Saver Fund,135781,Mirae Asset ELSS Tax Saver Fund - Direct Plan - Growth,2026-04-08,53.894
Mirae Asset ELSS Tax Saver Fund,135781,Mirae Asset ELSS Tax Saver Fund - Direct Plan - Growth,2026-04-09,53.499
Mirae Asset ELSS Tax Saver Fund,135781,Mirae Asset ELSS Tax Saver Fund - Direct Plan - Growth,2026-04-10,54.259
Mirae Asset ELSS Tax Saver Fund,135781,Mirae Asset ELSS Tax Saver Fund - Direct Plan - Growth,2026-04-13,53.83
Mirae Asset ELSS Tax Saver Fund,135781,Mirae Asset ELSS Tax Saver Fund - Direct Plan - Growth,2026-04-15,54.783
Mirae Asset ELSS Tax Saver Fund,135781,Mirae Asset ELSS Tax Saver Fund - Direct Plan - Growth,2026-04-16,55.029
Mirae Asset ELSS Tax Saver Fund,135781,Mirae Asset ELSS Tax Saver Fund - Direct Plan - Growth,2026-04-17,55.477
Mirae Asset ELSS Tax Saver Fund,135781,Mirae Asset ELSS Tax Saver Fund - Direct Plan - Growth,2026-04-20,55.438
Mirae Asset ELSS Tax Saver Fund,135781,Mirae Asset ELSS Tax Saver Fund - Direct Plan - Growth,2026-04-21,55.785
Mirae Asset ELSS Tax Saver Fund,135781,Mirae Asset ELSS Tax Saver Fund - Direct Plan - Growth,2026-04-22,55.606
Mirae Asset ELSS Tax Saver Fund,135781,Mirae Asset ELSS Tax Saver Fund - Direct Plan - Growth,2026-04-23,55.147
Mirae Asset ELSS Tax Saver Fund,135781,Mirae Asset ELSS Tax Saver Fund - Direct Plan - Growth,2026-04-24,54.46
Mirae Asset ELSS Tax Saver Fund,135781,Mirae Asset ELSS Tax Saver Fund - Direct Plan - Growth,2026-04-27,55.178
Mirae Asset ELSS Tax Saver Fund,135781,Mirae Asset ELSS Tax Saver Fund - Direct Plan - Growth,2026-04-28,54.971
Mirae Asset ELSS Tax Saver Fund,135781,Mirae Asset ELSS Tax Saver Fund - Direct Plan - Growth,2026-04-29,55.346
Mirae Asset ELSS Tax Saver Fund,135781,Mirae Asset ELSS Tax Saver Fund - Direct Plan - Growth,2026-04-30,54.841
Mirae Asset ELSS Tax Saver Fund,135781,Mirae Asset ELSS Tax Saver Fund - Direct Plan - Growth,2026-05-04,55.216
Mirae Asset ELSS Tax Saver Fund,135781,Mirae Asset ELSS Tax Saver Fund - Direct Plan - Growth,2026-05-05,54.99
Mirae Asset ELSS Tax Saver Fund,135781,Mirae Asset ELSS Tax Saver Fund - Direct Plan - Growth,2026-05-06,55.952
Mirae Asset ELSS Tax Saver Fund,135781,Mirae Asset ELSS Tax Saver Fund - Direct Plan - Growth,2026-05-07,56.113
Mirae Asset ELSS Tax Saver Fund,135781,Mirae Asset ELSS Tax Saver Fund - Direct Plan - Growth,2026-05-08,55.884
Mirae Asset ELSS Tax Saver Fund,135781,Mirae Asset ELSS Tax Saver Fund - Direct Plan - Growth,2026-05-11,55.103
Mirae Asset ELSS Tax Saver Fund,135781,Mirae Asset ELSS Tax Saver Fund - Direct Plan - Growth,2026-05-12,53.945
Mirae Asset ELSS Tax Saver Fund,135781,Mirae Asset ELSS Tax Saver Fund - Direct Plan - Growth,2026-05-13,54.179
Mirae Asset ELSS Tax Saver Fund,135781,Mirae Asset ELSS Tax Saver Fund - Direct Plan - Growth,2026-05-14,54.825
Mirae Asset ELSS Tax Saver Fund,135781,Mirae Asset ELSS Tax Saver Fund - Direct Plan - Growth,2026-05-15,54.743
Mirae Asset ELSS Tax Saver Fund,135781,Mirae Asset ELSS Tax Saver Fund - Direct Plan - Growth,2026-05-18,54.708
Mirae Asset ELSS Tax Saver Fund,135781,Mirae Asset ELSS Tax Saver Fund - Direct Plan - Growth,2026-05-19,55.09
Mirae Asset ELSS Tax Saver Fund,135781,Mirae Asset ELSS Tax Saver Fund - Direct Plan - Growth,2026-05-20,55.225
Mirae Asset ELSS Tax Saver Fund,135781,Mirae Asset ELSS Tax Saver Fund - Direct Plan - Growth,2026-05-21,55.43
Mirae Asset ELSS Tax Saver Fund,135781,Mirae Asset ELSS Tax Saver Fund - Direct Plan - Growth,2026-05-22,55.581
Mirae Asset ELSS Tax Saver Fund,135781,Mirae Asset ELSS Tax Saver Fund - Direct Plan - Growth,2026-05-25,56.11
Mirae Asset ELSS Tax Saver Fund,135781,Mirae Asset ELSS Tax Saver Fund - Direct Plan - Growth,2026-05-26,56.07
Mirae Asset ELSS Tax Saver Fund,135781,Mirae Asset ELSS Tax Saver Fund - Direct Plan - Growth,2026-05-27,56.036
Mirae Asset ELSS Tax Saver Fund,135781,Mirae Asset ELSS Tax Saver Fund - Direct Plan - Growth,2026-05-29,55.284
Mirae Asset ELSS Tax Saver Fund,135781,Mirae Asset ELSS Tax Saver Fund - Direct Plan - Growth,2026-06-01,54.86
Mirae Asset ELSS Tax Saver Fund,135781,Mirae Asset ELSS Tax Saver Fund - Direct Plan - Growth,2026-06-02,55.062
Mirae Asset ELSS Tax Saver Fund,135781,Mirae Asset ELSS Tax Saver Fund - Direct Plan - Growth,2026-06-03,54.9
Mirae Asset ELSS Tax Saver Fund,135781,Mirae Asset ELSS Tax Saver Fund - Direct Plan - Growth,2026-06-04,55.041
Mirae Asset ELSS Tax Saver Fund,135781,Mirae Asset ELSS Tax Saver Fund - Direct Plan - Growth,2026-06-05,55.029
Mirae Asset ELSS Tax Saver Fund,135781,Mirae Asset ELSS Tax Saver Fund - Direct Plan - Growth,2026-06-08,54.329
Mirae Asset ELSS Tax Saver Fund,135781,Mirae Asset ELSS Tax Saver Fund - Direct Plan - Growth,2026-06-09,54.77
Mirae Asset ELSS Tax Saver Fund,135781,Mirae Asset ELSS Tax Saver Fund - Direct Plan - Growth,2026-06-10,54.452
Mirae Asset ELSS Tax Saver Fund,135781,Mirae Asset ELSS Tax Saver Fund - Direct Plan - Growth,2026-06-11,54.354
Mirae Asset ELSS Tax Saver Fund,135781,Mirae Asset ELSS Tax Saver Fund - Direct Plan - Growth,2026-06-12,55.418
Mirae Asset ELSS Tax Saver Fund,135781,Mirae Asset ELSS Tax Saver Fund - Direct Plan - Growth,2026-06-15,56.236
Mirae Asset ELSS Tax Saver Fund,135781,Mirae Asset ELSS Tax Saver Fund - Direct Plan - Growth,2026-06-16,56.333
Mirae Asset ELSS Tax Saver Fund,135781,Mirae Asset ELSS Tax Saver Fund - Direct Plan - Growth,2026-06-17,56.57
Mirae Asset ELSS Tax Saver Fund,135781,Mirae Asset ELSS Tax Saver Fund - Direct Plan - Growth,2026-06-18,56.915
Mirae Asset ELSS Tax Saver Fund,135781,Mirae Asset ELSS Tax Saver Fund - Direct Plan - Growth,2026-06-19,56.852
Mirae Asset ELSS Tax Saver Fund,135781,Mirae Asset ELSS Tax Saver Fund - Direct Plan - Growth,2026-06-22,57.328
Mirae Asset ELSS Tax Saver Fund,135781,Mirae Asset ELSS Tax Saver Fund - Direct Plan - Growth,2026-06-23,56.861
Mirae Asset ELSS Tax Saver Fund,135781,Mirae Asset ELSS Tax Saver Fund - Direct Plan - Growth,2026-06-24,57.206
Mirae Asset ELSS Tax Saver Fund,135781,Mirae Asset ELSS Tax Saver Fund - Direct Plan - Growth,2026-06-25,57.014
Mirae Asset ELSS Tax Saver Fund,135781,Mirae Asset ELSS Tax Saver Fund - Direct Plan - Growth,2026-06-29,56.882
Mirae Asset ELSS Tax Saver Fund,135781,Mirae Asset ELSS Tax Saver Fund - Direct Plan - Growth,2026-06-30,56.962
Mirae Asset ELSS Tax Saver Fund,135781,Mirae Asset ELSS Tax Saver Fund - Direct Plan - Growth,2026-07-01,57.361
Mirae Asset ELSS Tax Saver Fund,135781,Mirae Asset ELSS Tax Saver Fund - Direct Plan - Growth,2026-07-02,57.842
Mirae Asset ELSS Tax Saver Fund,135781,Mirae Asset ELSS Tax Saver Fund - Direct Plan - Growth,2026-07-03,57.847
Mirae Asset ELSS Tax Saver Fund,135781,Mirae Asset ELSS Tax Saver Fund - Direct Plan - Growth,2026-07-06,58.173
Mirae Asset ELSS Tax Saver Fund,135781,Mirae Asset ELSS Tax Saver Fund - Direct Plan - Growth,2026-07-07,58.154
Mirae Asset ELSS Tax Saver Fund,135781,Mirae Asset ELSS Tax Saver Fund - Direct Plan - Growth,2026-07-08,57.044
Mirae Asset ELSS Tax Saver Fund,135781,Mirae Asset ELSS Tax Saver Fund - Direct Plan - Growth,2026-07-09,57.451
Mirae Asset ELSS Tax Saver Fund,135781,Mirae Asset ELSS Tax Saver Fund - Direct Plan - Growth,2026-07-10,58.043
Mirae Asset ELSS Tax Saver Fund,135781,Mirae Asset ELSS Tax Saver Fund - Direct Plan - Growth,2026-07-13,58.015
Mirae Asset ELSS Tax Saver Fund,135781,Mirae Asset ELSS Tax Saver Fund - Direct Plan - Growth,2026-07-14,57.629
Mirae Asset ELSS Tax Saver Fund,135781,Mirae Asset ELSS Tax Saver Fund - Direct Plan - Growth,2026-07-15,57.835
Mirae Asset ELSS Tax Saver Fund,135781,Mirae Asset ELSS Tax Saver Fund - Direct Plan - Growth,2026-07-16,57.637
Mirae Asset ELSS Tax Saver Fund,135781,Mirae Asset ELSS Tax Saver Fund - Direct Plan - Growth,2026-07-17,57.791
Mirae Asset ELSS Tax Saver Fund,135781,Mirae Asset ELSS Tax Saver Fund - Direct Plan - Growth,2026-07-20,57.539
Mirae Asset ELSS Tax Saver Fund,135781,Mirae Asset ELSS Tax Saver Fund - Direct Plan - Growth,2026-07-21,57.587
Mirae Asset ELSS Tax Saver Fund,135781,Mirae Asset ELSS Tax Saver Fund - Direct Plan - Growth,2026-07-22,56.898
Mirae Asset ELSS Tax Saver Fund,135781,Mirae Asset ELSS Tax Saver Fund - Direct Plan - Growth,2026-07-23,56.571
Mirae Asset ELSS Tax Saver Fund,135781,Mirae Asset ELSS Tax Saver Fund - Direct Plan - Growth,2026-07-24,56.333
Mirae Asset ELSS Tax Saver Fund,135781,Mirae Asset ELSS Tax Saver Fund - Direct Plan - Growth,2026-07-27,56.988
Mirae Asset ELSS Tax Saver Fund,135781,Mirae Asset ELSS Tax Saver Fund - Direct Plan - Growth,2026-07-28,56.98
Mirae Asset ELSS Tax Saver Fund,135781,Mirae Asset ELSS Tax Saver Fund - Direct Plan - Growth,2026-07-29,57.751
Mirae Asset ELSS Tax Saver Fund,135781,Mirae Asset ELSS Tax Saver Fund - Direct Plan - Growth,2026-07-30,57.842
Mirae Asset ELSS Tax Saver Fund,135781,Mirae Asset ELSS Tax Saver Fund - Direct Plan - Growth,2026-07-31,57.95
Mirae Asset ELSS Tax Saver Fund,135781,Mirae Asset ELSS Tax Saver Fund - Direct Plan - Growth,2026-08-03,58.798
Mirae Asset ELSS Tax Saver Fund,135781,Mirae Asset ELSS Tax Saver Fund - Direct Plan - Growth,2026-08-04,58.722
Mirae Asset ELSS Tax Saver Fund,135781,Mirae Asset ELSS Tax Saver Fund - Direct Plan - Growth,2026-08-05,58.761
Mirae Asset ELSS Tax Saver Fund,135781,Mirae Asset ELSS Tax Saver Fund - Direct Plan - Growth,2026-08-06,58.753
Mirae Asset ELSS Tax Saver Fund,135781,Mirae Asset ELSS Tax Saver Fund - Direct Plan - Growth,2026-08-07,58.761
Mirae Asset ELSS Tax Saver Fund,135781,Mirae Asset ELSS Tax Saver Fund - Direct Plan - Growth,2026-08-10,58.623
Mirae Asset ELSS Tax Saver Fund,135781,Mirae Asset ELSS Tax Saver Fund - Direct Plan - Growth,2026-08-11,58.576
Mirae Asset ELSS Tax Saver Fund,135781,Mirae Asset ELSS Tax Saver Fund - Direct Plan - Growth,2026-08-12,58.544
Mirae Asset ELSS Tax Saver Fund,135781,Mirae Asset ELSS Tax Saver Fund - Direct Plan - Growth,2026-08-13,58.564
Mirae Asset ELSS Tax Saver Fund,135781,Mirae Asset ELSS Tax Saver Fund - Direct Plan - Growth,2026-08-14,58.327
Mirae Asset ELSS Tax Saver Fund,135781,Mirae Asset ELSS Tax Saver Fund - Direct Plan - Growth,2026-08-17,58.208
Mirae Asset ELSS Tax Saver Fund,135781,Mirae Asset ELSS Tax Saver Fund - Direct Plan - Growth,2026-08-18,57.965
Mirae Asset ELSS Tax Saver Fund,135781,Mirae Asset ELSS Tax Saver Fund - Direct Plan - Growth,2026-08-19,57.793
Mirae Asset ELSS Tax Saver Fund,135781,Mirae Asset ELSS Tax Saver Fund - Direct Plan - Growth,2026-08-20,58.135
Mirae Asset ELSS Tax Saver Fund,135781,Mirae Asset ELSS Tax Saver Fund - Direct Plan - Growth,2026-08-21,58.174
Mirae Asset ELSS Tax Saver Fund,135781,Mirae Asset ELSS Tax Saver Fund - Direct Plan - Growth,2026-08-24,58.088
Mirae Asset ELSS Tax Saver Fund,135781,Mirae Asset ELSS Tax Saver Fund - Direct Plan - Growth,2026-08-25,58.336
Mirae Asset ELSS Tax Saver Fund,135781,Mirae Asset ELSS Tax Saver Fund - Direct Plan - Growth,2026-08-26,58.434
Mirae Asset ELSS Tax Saver Fund,135781,Mirae Asset ELSS Tax Saver Fund - Direct Plan - Growth,2026-08-27,58.199
Mirae Asset ELSS Tax Saver Fund,135781,Mirae Asset ELSS Tax Saver Fund - Direct Plan - Growth,2026-08-28,58.329
Mirae Asset ELSS Tax Saver Fund,135781,Mirae Asset ELSS Tax Saver Fund - Direct Plan - Growth,2026-08-31,58.327
Mirae Asset ELSS Tax Saver Fund,135781,Mirae Asset ELSS Tax Saver Fund - Direct Plan - Growth,2026-09-01,57.916
Mirae Asset ELSS Tax Saver Fund,135781,Mirae Asset ELSS Tax Saver Fund - Direct Plan - Growth,2026-09-02,57.625
Mirae Asset ELSS Tax Saver Fund,135781,Mirae Asset ELSS Tax Saver Fund - Direct Plan - Growth,2026-09-03,57.697
Mirae Asset ELSS Tax Saver Fund,135781,Mirae Asset ELSS Tax Saver Fund - Direct Plan - Growth,2026-09-04,57.737
Mirae Asset ELSS Tax Saver Fund,135781,Mirae Asset ELSS Tax Saver Fund - Direct Plan - Growth,2026-09-07,57.482
Mirae Asset ELSS Tax Saver Fund,135781,Mirae Asset ELSS Tax Saver Fund - Direct Plan - Growth,2026-09-08,57.386
Mirae Asset ELSS Tax Saver Fund,135781,Mirae Asset ELSS Tax Saver Fund - Direct Plan - Growth,2026-09-09,57.038
Mirae Asset ELSS Tax Saver Fund,135781,Mirae Asset ELSS Tax Saver Fund - Direct Plan - Growth,2026-09-10,57.01
Mirae Asset ELSS Tax Saver Fund,135781,Mirae Asset ELSS Tax Saver Fund - Direct Plan - Growth,2026-09-11,56.742
Mirae Asset ELSS Tax Saver Fund,135781,Mirae Asset ELSS Tax Saver Fund - Direct Plan - Growth,2026-09-15,55.932
Mirae Asset ELSS Tax Saver Fund,135781,Mirae Asset ELSS Tax Saver Fund - Direct Plan - Growth,2026-09-16,56.215
Mirae Asset ELSS Tax Saver Fund,135781,Mirae Asset ELSS Tax Saver Fund - Direct Plan - Growth,2026-09-17,56.481
Mirae Asset ELSS Tax Saver Fund,135781,Mirae Asset ELSS Tax Saver Fund - Direct Plan - Growth,2026-09-18,56.753
Mirae Asset ELSS Tax Saver Fund,135781,Mirae Asset ELSS Tax Saver Fund - Direct Plan - Growth,2026-09-21,56.877
Mirae Asset ELSS Tax Saver Fund,135781,Mirae Asset ELSS Tax Saver Fund - Direct Plan - Growth,2026-09-22,56.736
Mirae Asset ELSS Tax Saver Fund,135781,Mirae Asset ELSS Tax Saver Fund - Direct Plan - Growth,2026-09-23,57.245
Mirae Asset ELSS Tax Saver Fund,135781,Mirae Asset ELSS Tax Saver Fund - Direct Plan - Growth,2026-09-24,55.77
Mirae Asset ELSS Tax Saver Fund,135781,Mirae Asset ELSS Tax Saver Fund - Direct Plan - Growth,2026-09-25,55.688
Mirae Asset ELSS Tax Saver Fund,135781,Mirae Asset ELSS Tax Saver Fund - Direct Plan - Growth,2026-09-28,54.938
Mirae Asset ELSS Tax Saver Fund,135781,Mirae Asset ELSS Tax Saver Fund - Direct Plan - Growth,2026-09-29,54.613
Mirae Asset ELSS Tax Saver Fund,135781,Mirae Asset ELSS Tax Saver Fund - Direct Plan - Growth,2026-09-30,54.541
Mirae Asset ELSS Tax Saver Fund,135781,Mirae Asset ELSS Tax Saver Fund - Direct Plan - Growth,2026-10-01,54.041
SBI Large Cap Fund,119598,SBI Large Cap Fund - Direct Plan - Growth,2025-01-01,97.2185
SBI Large Cap Fund,119598,SBI Large Cap Fund - Direct Plan - Growth,2025-01-02,98.9731
SBI Large Cap Fund,119598,SBI Large Cap Fund - Direct Plan - Growth,2025-01-03,98.4665
SBI Large Cap Fund,119598,SBI Large Cap Fund - Direct Plan - Growth,2025-01-06,96.8888
SBI Large Cap Fund,119598,SBI Large Cap Fund - Direct Plan - Growth,2025-01-07,97.1241
SBI Large Cap Fund,119598,SBI Large Cap Fund - Direct Plan - Growth,2025-01-08,96.8522
SBI Large Cap Fund,119598,SBI Large Cap Fund - Direct Plan - Growth,2025-01-09,96.2545
SBI Large Cap Fund,119598,SBI Large Cap Fund - Direct Plan - Growth,2025-01-10,95.5749
SBI Large Cap Fund,119598,SBI Large Cap Fund - Direct Plan - Growth,2025-01-13,93.8253
SBI Large Cap Fund,119598,SBI Large Cap Fund - Direct Plan - Growth,2025-01-14,94.6293
SBI Large Cap Fund,119598,SBI Large Cap Fund - Direct Plan - Growth,2025-01-15,94.831
SBI Large Cap Fund,119598,SBI Large Cap Fund - Direct Plan - Growth,2025-01-16,95.3127
SBI Large Cap Fund,119598,SBI Large Cap Fund - Direct Plan - Growth,2025-01-17,95.015
SBI Large Cap Fund,119598,SBI Large Cap Fund - Direct Plan - Growth,2025-01-20,95.5695
SBI Large Cap Fund,119598,SBI Large Cap Fund - Direct Plan - Growth,2025-01-21,94.3075
SBI Large Cap Fund,119598,SBI Large Cap Fund - Direct Plan - Growth,2025-01-22,94.4746
SBI Large Cap Fund,119598,SBI Large Cap Fund - Direct Plan - Growth,2025-01-23,94.8458
SBI Large Cap Fund,119598,SBI Large Cap Fund - Direct Plan - Growth,2025-01-24,94.2853
SBI Large Cap Fund,119598,SBI Large Cap Fund - Direct Plan - Growth,2025-01-27,93.1372
SBI Large Cap Fund,119598,SBI Large Cap Fund - Direct Plan - Growth,2025-01-28,93.4472
SBI Large Cap Fund,119598,SBI Large Cap Fund - Direct Plan - Growth,2025-01-29,94.4373
SBI Large Cap Fund,119598,SBI Large Cap Fund - Direct Plan - Growth,2025-01-30,94.7045
SBI Large Cap Fund,119598,SBI Large Cap Fund - Direct Plan - Growth,2025-01-31,95.5128
SBI Large Cap Fund,119598,SBI Large Cap Fund - Direct Plan - Growth,2025-02-03,95.4096
SBI Large Cap Fund,119598,SBI Large Cap Fund - Direct Plan - Growth,2025-02-04,96.7681
SBI Large Cap Fund,119598,SBI Large Cap Fund - Direct Plan - Growth,2025-02-05,96.3599
SBI Large Cap Fund,119598,SBI Large Cap Fund - Direct Plan - Growth,2025-02-06,95.99
SBI Large Cap Fund,119598,SBI Large Cap Fund - Direct Plan - Growth,2025-02-07,95.633
SBI Large Cap Fund,119598,SBI Large Cap Fund - Direct Plan - Growth,2025-02-10,94.9849
SBI Large Cap Fund,119598,SBI Large Cap Fund - Direct Plan - Growth,2025-02-11,93.3979
SBI Large Cap Fund,119598,SBI Large Cap Fund - Direct Plan - Growth,2025-02-12,93.3384
SBI Large Cap Fund,119598,SBI Large Cap Fund - Direct Plan - Growth,2025-02-13,93.2736
SBI Large Cap Fund,119598,SBI Large Cap Fund - Direct Plan - Growth,2025-02-14,92.6709
SBI Large Cap Fund,119598,SBI Large Cap Fund - Direct Plan - Growth,2025-02-17,92.4836
SBI Large Cap Fund,119598,SBI Large Cap Fund - Direct Plan - Growth,2025-02-18,92.475
SBI Large Cap Fund,119598,SBI Large Cap Fund - Direct Plan - Growth,2025-02-19,92.8073
SBI Large Cap Fund,119598,SBI Large Cap Fund - Direct Plan - Growth,2025-02-20,92.7728
SBI Large Cap Fund,119598,SBI Large Cap Fund - Direct Plan - Growth,2025-02-21,92.2747
SBI Large Cap Fund,119598,SBI Large Cap Fund - Direct Plan - Growth,2025-02-24,91.3892
SBI Large Cap Fund,119598,SBI Large Cap Fund - Direct Plan - Growth,2025-02-25,91.3119
SBI Large Cap Fund,119598,SBI Large Cap Fund - Direct Plan - Growth,2025-02-27,91.1182
SBI Large Cap Fund,119598,SBI Large Cap Fund - Direct Plan - Growth,2025-02-28,89.4588
SBI Large Cap Fund,119598,SBI Large Cap Fund - Direct Plan - Growth,2025-03-03,89.6964
SBI Large Cap Fund,119598,SBI Large Cap Fund - Direct Plan - Growth,2025-03-04,89.5754
SBI Large Cap Fund,119598,SBI Large Cap Fund - Direct Plan - Growth,2025-03-05,90.7129
SBI Large Cap Fund,119598,SBI Large Cap Fund - Direct Plan - Growth,2025-03-06,91.4271
SBI Large Cap Fund,119598,SBI Large Cap Fund - Direct Plan - Growth,2025-03-07,91.5438
SBI Large Cap Fund,119598,SBI Large Cap Fund - Direct Plan - Growth,2025-03-10,91.0034
SBI Large Cap Fund,119598,SBI Large Cap Fund - Direct Plan - Growth,2025-03-11,91.3463
SBI Large Cap Fund,119598,SBI Large Cap Fund - Direct Plan - Growth,2025-03-12,91.3634
SBI Large Cap Fund,119598,SBI Large Cap Fund - Direct Plan - Growth,2025-03-13,91.0915
SBI Large Cap Fund,119598,SBI Large Cap Fund - Direct Plan - Growth,2025-03-17,91.3493
SBI Large Cap Fund,119598,SBI Large Cap Fund - Direct Plan - Growth,2025-03-18,92.7877
SBI Large Cap Fund,119598,SBI Large Cap Fund - Direct Plan - Growth,2025-03-19,93.1446
SBI Large Cap Fund,119598,SBI Large Cap Fund - Direct Plan - Growth,2025-03-20,94.2351
SBI Large Cap Fund,119598,SBI Large Cap Fund - Direct Plan - Growth,2025-03-21,94.9517
SBI Large Cap Fund,119598,SBI Large Cap Fund - Direct Plan - Growth,2025-03-24,96.1721
SBI Large Cap Fund,119598,SBI Large Cap Fund - Direct Plan - Growth,2025-03-25,96.0672
SBI Large Cap Fund,119598,SBI Large Cap Fund - Direct Plan - Growth,2025-03-26,95.424
SBI Large Cap Fund,119598,SBI Large Cap Fund - Direct Plan - Growth,2025-03-27,95.9369
SBI Large Cap Fund,119598,SBI Large Cap Fund - Direct Plan - Growth,2025-03-28,95.6577
SBI Large Cap Fund,119598,SBI Large Cap Fund - Direct Plan - Growth,2025-03-31,95.6547
SBI Large Cap Fund,119598,SBI Large Cap Fund - Direct Plan - Growth,2025-04-01,94.1283
SBI Large Cap Fund,119598,SBI Large Cap Fund - Direct Plan - Growth,2025-04-02,94.8548
SBI Large Cap Fund,119598,SBI Large Cap Fund - Direct Plan - Growth,2025-04-03,94.5277
SBI Large Cap Fund,119598,SBI Large Cap Fund - Direct Plan - Growth,2025-04-04,92.9521
SBI Large Cap Fund,119598,SBI Large Cap Fund - Direct Plan - Growth,2025-04-07,89.9794
SBI Large Cap Fund,119598,SBI Large Cap Fund - Direct Plan - Growth,2025-04-08,91.4264
SBI Large Cap Fund,119598,SBI Large Cap Fund - Direct Plan - Growth,2025-04-09,90.9926
SBI Large Cap Fund,119598,SBI Large Cap Fund - Direct Plan - Growth,2025-04-11,92.5872
SBI Large Cap Fund,119598,SBI Large Cap Fund - Direct Plan - Growth,2025-04-15,94.8504
SBI Large Cap Fund,119598,SBI Large Cap Fund - Direct Plan - Growth,2025-04-16,95.3747
SBI Large Cap Fund,119598,SBI Large Cap Fund - Direct Plan - Growth,2025-04-17,96.7335
SBI Large Cap Fund,119598,SBI Large Cap Fund - Direct Plan - Growth,2025-04-21,97.9781
SBI Large Cap Fund,119598,SBI Large Cap Fund - Direct Plan - Growth,2025-04-22,98.0968
SBI Large Cap Fund,119598,SBI Large Cap Fund - Direct Plan - Growth,2025-04-23,98.4562
SBI Large Cap Fund,119598,SBI Large Cap Fund - Direct Plan - Growth,2025-04-24,98.1624
SBI Large Cap Fund,119598,SBI Large Cap Fund - Direct Plan - Growth,2025-04-25,97.2339
SBI Large Cap Fund,119598,SBI Large Cap Fund - Direct Plan - Growth,2025-04-28,98.3357
SBI Large Cap Fund,119598,SBI Large Cap Fund - Direct Plan - Growth,2025-04-29,98.4023
SBI Large Cap Fund,119598,SBI Large Cap Fund - Direct Plan - Growth,2025-04-30,98.5951
SBI Large Cap Fund,119598,SBI Large Cap Fund - Direct Plan - Growth,2025-05-02,98.3989
SBI Large Cap Fund,119598,SBI Large Cap Fund - Direct Plan - Growth,2025-05-05,98.7375
SBI Large Cap Fund,119598,SBI Large Cap Fund - Direct Plan - Growth,2025-05-06,98.2809
SBI Large Cap Fund,119598,SBI Large Cap Fund - Direct Plan - Growth,2025-05-07,98.5802
SBI Large Cap Fund,119598,SBI Large Cap Fund - Direct Plan - Growth,2025-05-08,97.9286
SBI Large Cap Fund,119598,SBI Large Cap Fund - Direct Plan - Growth,2025-05-09,97.1911
SBI Large Cap Fund,119598,SBI Large Cap Fund - Direct Plan - Growth,2025-05-12,100.505
SBI Large Cap Fund,119598,SBI Large Cap Fund - Direct Plan - Growth,2025-05-13,99.481
SBI Large Cap Fund,119598,SBI Large Cap Fund - Direct Plan - Growth,2025-05-14,99.8669
SBI Large Cap Fund,119598,SBI Large Cap Fund - Direct Plan - Growth,2025-05-15,100.9392
SBI Large Cap Fund,119598,SBI Large Cap Fund - Direct Plan - Growth,2025-05-16,101.2354
SBI Large Cap Fund,119598,SBI Large Cap Fund - Direct Plan - Growth,2025-05-19,101.3343
SBI Large Cap Fund,119598,SBI Large Cap Fund - Direct Plan - Growth,2025-05-20,100.2982
SBI Large Cap Fund,119598,SBI Large Cap Fund - Direct Plan - Growth,2025-05-21,100.9111
SBI Large Cap Fund,119598,SBI Large Cap Fund - Direct Plan - Growth,2025-05-22,100.31
SBI Large Cap Fund,119598,SBI Large Cap Fund - Direct Plan - Growth,2025-05-23,101.0597
SBI Large Cap Fund,119598,SBI Large Cap Fund - Direct Plan - Growth,2025-05-26,101.5595
SBI Large Cap Fund,119598,SBI Large Cap Fund - Direct Plan - Growth,2025-05-27,101.0329
SBI Large Cap Fund,119598,SBI Large Cap Fund - Direct Plan - Growth,2025-05-28,100.8008
SBI Large Cap Fund,119598,SBI Large Cap Fund - Direct Plan - Growth,2025-05-29,101.0965
SBI Large Cap Fund,119598,SBI Large Cap Fund - Direct Plan - Growth,2025-05-30,100.9978
SBI Large Cap Fund,119598,SBI Large Cap Fund - Direct Plan - Growth,2025-05-31,100.996
SBI Large Cap Fund,119598,SBI Large Cap Fund - Direct Plan - Growth,2025-06-02,100.7829
SBI Large Cap Fund,119598,SBI Large Cap Fund - Direct Plan - Growth,2025-06-03,100.2164
SBI Large Cap Fund,119598,SBI Large Cap Fund - Direct Plan - Growth,2025-06-04,100.5807
SBI Large Cap Fund,119598,SBI Large Cap Fund - Direct Plan - Growth,2025-06-05,101.1362
SBI Large Cap Fund,119598,SBI Large Cap Fund - Direct Plan - Growth,2025-06-06,101.9479
SBI Large Cap Fund,119598,SBI Large Cap Fund - Direct Plan - Growth,2025-06-09,102.4559
SBI Large Cap Fund,119598,SBI Large Cap Fund - Direct Plan - Growth,2025-06-10,102.3533
SBI Large Cap Fund,119598,SBI Large Cap Fund - Direct Plan - Growth,2025-06-11,102.4536
SBI Large Cap Fund,119598,SBI Large Cap Fund - Direct Plan - Growth,2025-06-12,101.5078
SBI Large Cap Fund,119598,SBI Large Cap Fund - Direct Plan - Growth,2025-06-13,100.856
SBI Large Cap Fund,119598,SBI Large Cap Fund - Direct Plan - Growth,2025-06-16,101.5726
SBI Large Cap Fund,119598,SBI Large Cap Fund - Direct Plan - Growth,2025-06-17,101.1807
SBI Large Cap Fund,119598,SBI Large Cap Fund - Direct Plan - Growth,2025-06-18,101.0793
SBI Large Cap Fund,119598,SBI Large Cap Fund - Direct Plan - Growth,2025-06-19,100.744
SBI Large Cap Fund,119598,SBI Large Cap Fund - Direct Plan - Growth,2025-06-20,101.8155
SBI Large Cap Fund,119598,SBI Large Cap Fund - Direct Plan - Growth,2025-06-23,101.4241
SBI Large Cap Fund,119598,SBI Large Cap Fund - Direct Plan - Growth,2025-06-24,101.8324
SBI Large Cap Fund,119598,SBI Large Cap Fund - Direct Plan - Growth,2025-06-25,102.4936
SBI Large Cap Fund,119598,SBI Large Cap Fund - Direct Plan - Growth,2025-06-26,103.7126
SBI Large Cap Fund,119598,SBI Large Cap Fund - Direct Plan - Growth,2025-06-27,104.4028
SBI Large Cap Fund,119598,SBI Large Cap Fund - Direct Plan - Growth,2025-06-30,104.1716
SBI Large Cap Fund,119598,SBI Large Cap Fund - Direct Plan - Growth,2025-07-01,104.1081
SBI Large Cap Fund,119598,SBI Large Cap Fund - Direct Plan - Growth,2025-07-02,103.8696
SBI Large Cap Fund,119598,SBI Large Cap Fund - Direct Plan - Growth,2025-07-03,103.7192
SBI Large Cap Fund,119598,SBI Large Cap Fund - Direct Plan - Growth,2025-07-04,104.002
SBI Large Cap Fund,119598,SBI Large Cap Fund - Direct Plan - Growth,2025-07-07,104.116
SBI Large Cap Fund,119598,SBI Large Cap Fund - Direct Plan - Growth,2025-07-08,104.5734
SBI Large Cap Fund,119598,SBI Large Cap Fund - Direct Plan - Growth,2025-07-09,104.5148
SBI Large Cap Fund,119598,SBI Large Cap Fund - Direct Plan - Growth,2025-07-10,103.8312
SBI Large Cap Fund,119598,SBI Large Cap Fund - Direct Plan - Growth,2025-07-11,103.2761
SBI Large Cap Fund,119598,SBI Large Cap Fund - Direct Plan - Growth,2025-07-14,103.1953
SBI Large Cap Fund,119598,SBI Large Cap Fund - Direct Plan - Growth,2025-07-15,103.5039
SBI Large Cap Fund,119598,SBI Large Cap Fund - Direct Plan - Growth,2025-07-16,103.4744
SBI Large Cap Fund,119598,SBI Large Cap Fund - Direct Plan - Growth,2025-07-17,103.2477
SBI Large Cap Fund,119598,SBI Large Cap Fund - Direct Plan - Growth,2025-07-18,102.5862
SBI Large Cap Fund,119598,SBI Large Cap Fund - Direct Plan - Growth,2025-07-21,103.0422
SBI Large Cap Fund,119598,SBI Large Cap Fund - Direct Plan - Growth,2025-07-22,102.9547
SBI Large Cap Fund,119598,SBI Large Cap Fund - Direct Plan - Growth,2025-07-23,103.3768
SBI Large Cap Fund,119598,SBI Large Cap Fund - Direct Plan - Growth,2025-07-24,102.9132
SBI Large Cap Fund,119598,SBI Large Cap Fund - Direct Plan - Growth,2025-07-25,101.9896
SBI Large Cap Fund,119598,SBI Large Cap Fund - Direct Plan - Growth,2025-07-28,101.4409
SBI Large Cap Fund,119598,SBI Large Cap Fund - Direct Plan - Growth,2025-07-29,102.0934
SBI Large Cap Fund,119598,SBI Large Cap Fund - Direct Plan - Growth,2025-07-30,102.5138
SBI Large Cap Fund,119598,SBI Large Cap Fund - Direct Plan - Growth,2025-07-31,102.1782
SBI Large Cap Fund,119598,SBI Large Cap Fund - Direct Plan - Growth,2025-08-01,101.4208
SBI Large Cap Fund,119598,SBI Large Cap Fund - Direct Plan - Growth,2025-08-04,101.9718
SBI Large Cap Fund,119598,SBI Large Cap Fund - Direct Plan - Growth,2025-08-05,101.5528
SBI Large Cap Fund,119598,SBI Large Cap Fund - Direct Plan - Growth,2025-08-06,101.139
SBI Large Cap Fund,119598,SBI Large Cap Fund - Direct Plan - Growth,2025-08-07,101.1904
SBI Large Cap Fund,119598,SBI Large Cap Fund - Direct Plan - Growth,2025-08-08,99.9825
SBI Large Cap Fund,119598,SBI Large Cap Fund - Direct Plan - Growth,2025-08-11,100.6503
SBI Large Cap Fund,119598,SBI Large Cap Fund - Direct Plan - Growth,2025-08-12,100.2548
SBI Large Cap Fund,119598,SBI Large Cap Fund - Direct Plan - Growth,2025-08-13,100.8756
SBI Large Cap Fund,119598,SBI Large Cap Fund - Direct Plan - Growth,2025-08-14,100.9683
SBI Large Cap Fund,119598,SBI Large Cap Fund - Direct Plan - Growth,2025-08-18,101.9538
SBI Large Cap Fund,119598,SBI Large Cap Fund - Direct Plan - Growth,2025-08-19,102.6222
SBI Large Cap Fund,119598,SBI Large Cap Fund - Direct Plan - Growth,2025-08-20,102.8622
SBI Large Cap Fund,119598,SBI Large Cap Fund - Direct Plan - Growth,2025-08-21,103.0328
SBI Large Cap Fund,119598,SBI Large Cap Fund - Direct Plan - Growth,2025-08-22,102.2005
SBI Large Cap Fund,119598,SBI Large Cap Fund - Direct Plan - Growth,2025-08-25,102.5201
SBI Large Cap Fund,119598,SBI Large Cap Fund - Direct Plan - Growth,2025-08-26,101.6911
SBI Large Cap Fund,119598,SBI Large Cap Fund - Direct Plan - Growth,2025-08-28,100.7659
SBI Large Cap Fund,119598,SBI Large Cap Fund - Direct Plan - Growth,2025-08-29,100.581
SBI Large Cap Fund,119598,SBI Large Cap Fund - Direct Plan - Growth,2025-08-31,100.577
SBI Large Cap Fund,119598,SBI Large Cap Fund - Direct Plan - Growth,2025-09-01,101.453
SBI Large Cap Fund,119598,SBI Large Cap Fund - Direct Plan - Growth,2025-09-02,101.3975
SBI Large Cap Fund,119598,SBI Large Cap Fund - Direct Plan - Growth,2025-09-03,101.9043
SBI Large Cap Fund,119598,SBI Large Cap Fund - Direct Plan - Growth,2025-09-04,101.8507
SBI Large Cap Fund,119598,SBI Large Cap Fund - Direct Plan - Growth,2025-09-05,101.8773
SBI Large Cap Fund,119598,SBI Large Cap Fund - Direct Plan - Growth,2025-09-08,102.0967
SBI Large Cap Fund,119598,SBI Large Cap Fund - Direct Plan - Growth,2025-09-09,102.4629
SBI Large Cap Fund,119598,SBI Large Cap Fund - Direct Plan - Growth,2025-09-10,102.8564
SBI Large Cap Fund,119598,SBI Large Cap Fund - Direct Plan - Growth,2025-09-11,102.8604
SBI Large Cap Fund,119598,SBI Large Cap Fund - Direct Plan - Growth,2025-09-12,103.2028
SBI Large Cap Fund,119598,SBI Large Cap Fund - Direct Plan - Growth,2025-09-15,103.1848
SBI Large Cap Fund,119598,SBI Large Cap Fund - Direct Plan - Growth,2025-09-16,103.936
SBI Large Cap Fund,119598,SBI Large Cap Fund - Direct Plan - Growth,2025-09-17,104.0495
SBI Large Cap Fund,119598,SBI Large Cap Fund - Direct Plan - Growth,2025-09-18,104.5126
SBI Large Cap Fund,119598,SBI Large Cap Fund - Direct Plan - Growth,2025-09-19,104.2415
SBI Large Cap Fund,119598,SBI Large Cap Fund - Direct Plan - Growth,2025-09-22,103.6804
SBI Large Cap Fund,119598,SBI Large Cap Fund - Direct Plan - Growth,2025-09-23,103.424
SBI Large Cap Fund,119598,SBI Large Cap Fund - Direct Plan - Growth,2025-09-24,102.909
SBI Large Cap Fund,119598,SBI Large Cap Fund - Direct Plan - Growth,2025-09-25,102.2711
SBI Large Cap Fund,119598,SBI Large Cap Fund - Direct Plan - Growth,2025-09-26,101.2759
SBI Large Cap Fund,119598,SBI Large Cap Fund - Direct Plan - Growth,2025-09-30,101.1985
SBI Large Cap Fund,119598,SBI Large Cap Fund - Direct Plan - Growth,2025-10-01,101.8592
SBI Large Cap Fund,119598,SBI Large Cap Fund - Direct Plan - Growth,2025-10-03,102.3071
SBI Large Cap Fund,119598,SBI Large Cap Fund - Direct Plan - Growth,2025-10-06,102.698
SBI Large Cap Fund,119598,SBI Large Cap Fund - Direct Plan - Growth,2025-10-07,102.851
SBI Large Cap Fund,119598,SBI Large Cap Fund - Direct Plan - Growth,2025-10-08,102.3824
SBI Large Cap Fund,119598,SBI Large Cap Fund - Direct Plan - Growth,2025-10-09,102.9945
SBI Large Cap Fund,119598,SBI Large Cap Fund - Direct Plan - Growth,2025-10-10,103.4407
SBI Large Cap Fund,119598,SBI Large Cap Fund - Direct Plan - Growth,2025-10-13,103.1421
SBI Large Cap Fund,119598,SBI Large Cap Fund - Direct Plan - Growth,2025-10-14,102.8748
SBI Large Cap Fund,119598,SBI Large Cap Fund - Direct Plan - Growth,2025-10-15,103.6486
SBI Large Cap Fund,119598,SBI Large Cap Fund - Direct Plan - Growth,2025-10-16,104.6085
SBI Large Cap Fund,119598,SBI Large Cap Fund - Direct Plan - Growth,2025-10-17,104.909
SBI Large Cap Fund,119598,SBI Large Cap Fund - Direct Plan - Growth,2025-10-20,105.2529
SBI Large Cap Fund,119598,SBI Large Cap Fund - Direct Plan - Growth,2025-10-23,105.3955
SBI Large Cap Fund,119598,SBI Large Cap Fund - Direct Plan - Growth,2025-10-24,105.1347
SBI Large Cap Fund,119598,SBI Large Cap Fund - Direct Plan - Growth,2025-10-27,105.6258
SBI Large Cap Fund,119598,SBI Large Cap Fund - Direct Plan - Growth,2025-10-28,105.6021
SBI Large Cap Fund,119598,SBI Large Cap Fund - Direct Plan - Growth,2025-10-29,106.2858
SBI Large Cap Fund,119598,SBI Large Cap Fund - Direct Plan - Growth,2025-10-30,105.6382
SBI Large Cap Fund,119598,SBI Large Cap Fund - Direct Plan - Growth,2025-10-31,104.9939
SBI Large Cap Fund,119598,SBI Large Cap Fund - Direct Plan - Growth,2025-11-03,105.3307
SBI Large Cap Fund,119598,SBI Large Cap Fund - Direct Plan - Growth,2025-11-04,104.7867
SBI Large Cap Fund,119598,SBI Large Cap Fund - Direct Plan - Growth,2025-11-06,104.4638
SBI Large Cap Fund,119598,SBI Large Cap Fund - Direct Plan - Growth,2025-11-07,104.3705
SBI Large Cap Fund,119598,SBI Large Cap Fund - Direct Plan - Growth,2025-11-10,104.6537
SBI Large Cap Fund,119598,SBI Large Cap Fund - Direct Plan - Growth,2025-11-11,104.9893
SBI Large Cap Fund,119598,SBI Large Cap Fund - Direct Plan - Growth,2025-11-12,105.4128
SBI Large Cap Fund,119598,SBI Large Cap Fund - Direct Plan - Growth,2025-11-13,105.61
SBI Large Cap Fund,119598,SBI Large Cap Fund - Direct Plan - Growth,2025-11-14,105.4512
SBI Large Cap Fund,119598,SBI Large Cap Fund - Direct Plan - Growth,2025-11-17,105.7972
SBI Large Cap Fund,119598,SBI Large Cap Fund - Direct Plan - Growth,2025-11-18,105.3602
SBI Large Cap Fund,119598,SBI Large Cap Fund - Direct Plan - Growth,2025-11-19,105.8057
SBI Large Cap Fund,119598,SBI Large Cap Fund - Direct Plan - Growth,2025-11-20,106.2282
SBI Large Cap Fund,119598,SBI Large Cap Fund - Direct Plan - Growth,2025-11-21,105.6011
SBI Large Cap Fund,119598,SBI Large Cap Fund - Direct Plan - Growth,2025-11-24,105.3874
SBI Large Cap Fund,119598,SBI Large Cap Fund - Direct Plan - Growth,2025-11-25,105.3628
SBI Large Cap Fund,119598,SBI Large Cap Fund - Direct Plan - Growth,2025-11-26,106.6403
SBI Large Cap Fund,119598,SBI Large Cap Fund - Direct Plan - Growth,2025-11-27,106.7421
SBI Large Cap Fund,119598,SBI Large Cap Fund - Direct Plan - Growth,2025-11-28,106.6855
SBI Large Cap Fund,119598,SBI Large Cap Fund - Direct Plan - Growth,2025-11-30,106.6818
SBI Large Cap Fund,119598,SBI Large Cap Fund - Direct Plan - Growth,2025-12-01,106.6529
SBI Large Cap Fund,119598,SBI Large Cap Fund - Direct Plan - Growth,2025-12-02,106.3743
SBI Large Cap Fund,119598,SBI Large Cap Fund - Direct Plan - Growth,2025-12-03,106.1084
SBI Large Cap Fund,119598,SBI Large Cap Fund - Direct Plan - Growth,2025-12-04,106.2403
SBI Large Cap Fund,119598,SBI Large Cap Fund - Direct Plan - Growth,2025-12-05,106.7188
SBI Large Cap Fund,119598,SBI Large Cap Fund - Direct Plan - Growth,2025-12-08,105.8002
SBI Large Cap Fund,119598,SBI Large Cap Fund - Direct Plan - Growth,2025-12-09,105.5228
SBI Large Cap Fund,119598,SBI Large Cap Fund - Direct Plan - Growth,2025-12-10,105.2807
SBI Large Cap Fund,119598,SBI Large Cap Fund - Direct Plan - Growth,2025-12-11,105.8725
SBI Large Cap Fund,119598,SBI Large Cap Fund - Direct Plan - Growth,2025-12-12,106.4796
SBI Large Cap Fund,119598,SBI Large Cap Fund - Direct Plan - Growth,2025-12-15,106.4473
SBI Large Cap Fund,119598,SBI Large Cap Fund - Direct Plan - Growth,2025-12-16,105.8885
SBI Large Cap Fund,119598,SBI Large Cap Fund - Direct Plan - Growth,2025-12-17,105.6759
SBI Large Cap Fund,119598,SBI Large Cap Fund - Direct Plan - Growth,2025-12-18,105.6702
SBI Large Cap Fund,119598,SBI Large Cap Fund - Direct Plan - Growth,2025-12-19,106.3037
SBI Large Cap Fund,119598,SBI Large Cap Fund - Direct Plan - Growth,2025-12-22,106.958
SBI Large Cap Fund,119598,SBI Large Cap Fund - Direct Plan - Growth,2025-12-23,107.0651
SBI Large Cap Fund,119598,SBI Large Cap Fund - Direct Plan - Growth,2025-12-24,106.7682
SBI Large Cap Fund,119598,SBI Large Cap Fund - Direct Plan - Growth,2025-12-26,106.4805
SBI Large Cap Fund,119598,SBI Large Cap Fund - Direct Plan - Growth,2025-12-29,106.3181
SBI Large Cap Fund,119598,SBI Large Cap Fund - Direct Plan - Growth,2025-12-30,106.23
SBI Large Cap Fund,119598,SBI Large Cap Fund - Direct Plan - Growth,2025-12-31,107.0032
SBI Large Cap Fund,119598,SBI Large Cap Fund - Direct Plan - Growth,2026-01-01,107.3311
SBI Large Cap Fund,119598,SBI Large Cap Fund - Direct Plan - Growth,2026-01-02,108.1466
SBI Large Cap Fund,119598,SBI Large Cap Fund - Direct Plan - Growth,2026-01-05,107.9636
SBI Large Cap Fund,119598,SBI Large Cap Fund - Direct Plan - Growth,2026-01-06,108.2085
SBI Large Cap Fund,119598,SBI Large Cap Fund - Direct Plan - Growth,2026-01-07,108.1992
SBI Large Cap Fund,119598,SBI Large Cap Fund - Direct Plan - Growth,2026-01-08,106.9765
SBI Large Cap Fund,119598,SBI Large Cap Fund - Direct Plan - Growth,2026-01-09,106.307
SBI Large Cap Fund,119598,SBI Large Cap Fund - Direct Plan - Growth,2026-01-12,106.5308
SBI Large Cap Fund,119598,SBI Large Cap Fund - Direct Plan - Growth,2026-01-13,106.4398
SBI Large Cap Fund,119598,SBI Large Cap Fund - Direct Plan - Growth,2026-01-14,106.3271
SBI Large Cap Fund,119598,SBI Large Cap Fund - Direct Plan - Growth,2026-01-16,106.4496
SBI Large Cap Fund,119598,SBI Large Cap Fund - Direct Plan - Growth,2026-01-19,105.9085
SBI Large Cap Fund,119598,SBI Large Cap Fund - Direct Plan - Growth,2026-01-20,104.4474
SBI Large Cap Fund,119598,SBI Large Cap Fund - Direct Plan - Growth,2026-01-21,104.1186
SBI Large Cap Fund,119598,SBI Large Cap Fund - Direct Plan - Growth,2026-01-22,104.7008
SBI Large Cap Fund,119598,SBI Large Cap Fund - Direct Plan - Growth,2026-01-23,103.7662
SBI Large Cap Fund,119598,SBI Large Cap Fund - Direct Plan - Growth,2026-01-27,104.0972
SBI Large Cap Fund,119598,SBI Large Cap Fund - Direct Plan - Growth,2026-01-28,104.9375
SBI Large Cap Fund,119598,SBI Large Cap Fund - Direct Plan - Growth,2026-01-29,105.2959
SBI Large Cap Fund,119598,SBI Large Cap Fund - Direct Plan - Growth,2026-01-30,104.835
SBI Large Cap Fund,119598,SBI Large Cap Fund - Direct Plan - Growth,2026-01-31,104.8332
SBI Large Cap Fund,119598,SBI Large Cap Fund - Direct Plan - Growth,2026-02-02,103.6419
SBI Large Cap Fund,119598,SBI Large Cap Fund - Direct Plan - Growth,2026-02-03,106.189
SBI Large Cap Fund,119598,SBI Large Cap Fund - Direct Plan - Growth,2026-02-04,106.3823
SBI Large Cap Fund,119598,SBI Large Cap Fund - Direct Plan - Growth,2026-02-05,105.798
SBI Large Cap Fund,119598,SBI Large Cap Fund - Direct Plan - Growth,2026-02-06,105.7159
SBI Large Cap Fund,119598,SBI Large Cap Fund - Direct Plan - Growth,2026-02-09,106.7058
SBI Large Cap Fund,119598,SBI Large Cap Fund - Direct Plan - Growth,2026-02-10,107.1928
SBI Large Cap Fund,119598,SBI Large Cap Fund - Direct Plan - Growth,2026-02-11,107.5233
SBI Large Cap Fund,119598,SBI Large Cap Fund - Direct Plan - Growth,2026-02-12,107.0767
SBI Large Cap Fund,119598,SBI Large Cap Fund - Direct Plan - Growth,2026-02-13,105.6923
SBI Large Cap Fund,119598,SBI Large Cap Fund - Direct Plan - Growth,2026-02-16,106.2249
SBI Large Cap Fund,119598,SBI Large Cap Fund - Direct Plan - Growth,2026-02-17,106.4515
SBI Large Cap Fund,119598,SBI Large Cap Fund - Direct Plan - Growth,2026-02-18,107.0054
SBI Large Cap Fund,119598,SBI Large Cap Fund - Direct Plan - Growth,2026-02-19,105.5988
SBI Large Cap Fund,119598,SBI Large Cap Fund - Direct Plan - Growth,2026-02-20,106.1366
SBI Large Cap Fund,119598,SBI Large Cap Fund - Direct Plan - Growth,2026-02-23,106.8215
SBI Large Cap Fund,119598,SBI Large Cap Fund - Direct Plan - Growth,2026-02-24,105.9555
SBI Large Cap Fund,119598,SBI Large Cap Fund - Direct Plan - Growth,2026-02-25,106.3702
SBI Large Cap Fund,119598,SBI Large Cap Fund - Direct Plan - Growth,2026-02-26,106.6708
SBI Large Cap Fund,119598,SBI Large Cap Fund - Direct Plan - Growth,2026-02-27,105.568
SBI Large Cap Fund,119598,SBI Large Cap Fund - Direct Plan - Growth,2026-02-28,105.5664
SBI Large Cap Fund,119598,SBI Large Cap Fund - Direct Plan - Growth,2026-03-02,104.2302
SBI Large Cap Fund,119598,SBI Large Cap Fund - Direct Plan - Growth,2026-03-04,102.2099
SBI Large Cap Fund,119598,SBI Large Cap Fund - Direct Plan - Growth,2026-03-05,103.2524
SBI Large Cap Fund,119598,SBI Large Cap Fund - Direct Plan - Growth,2026-03-06,102.1107
SBI Large Cap Fund,119598,SBI Large Cap Fund - Direct Plan - Growth,2026-03-09,100.1872
SBI Large Cap Fund,119598,SBI Large Cap Fund - Direct Plan - Growth,2026-03-10,101.3245
SBI Large Cap Fund,119598,SBI Large Cap Fund - Direct Plan - Growth,2026-03-11,99.9872
SBI Large Cap Fund,119598,SBI Large Cap Fund - Direct Plan - Growth,2026-03-12,98.955
SBI Large Cap Fund,119598,SBI Large Cap Fund - Direct Plan - Growth,2026-03-13,96.6557
SBI Large Cap Fund,119598,SBI Large Cap Fund - Direct Plan - Growth,2026-03-16,97.4498
SBI Large Cap Fund,119598,SBI Large Cap Fund - Direct Plan - Growth,2026-03-17,98.3092
SBI Large Cap Fund,119598,SBI Large Cap Fund - Direct Plan - Growth,2026-03-18,99.1708
SBI Large Cap Fund,119598,SBI Large Cap Fund - Direct Plan - Growth,2026-03-19,96.026
SBI Large Cap Fund,119598,SBI Large Cap Fund - Direct Plan - Growth,2026-03-20,96.4021
SBI Large Cap Fund,119598,SBI Large Cap Fund - Direct Plan - Growth,2026-03-23,93.4422
SBI Large Cap Fund,119598,SBI Large Cap Fund - Direct Plan - Growth,2026-03-24,95.5638
SBI Large Cap Fund,119598,SBI Large Cap Fund - Direct Plan - Growth,2026-03-25,97.3665
SBI Large Cap Fund,119598,SBI Large Cap Fund - Direct Plan - Growth,2026-03-27,95.3576
SBI Large Cap Fund,119598,SBI Large Cap Fund - Direct Plan - Growth,2026-03-30,93.2646
SBI Large Cap Fund,119598,SBI Large Cap Fund - Direct Plan - Growth,2026-03-31,93.263
SBI Large Cap Fund,119598,SBI Large Cap Fund - Direct Plan - Growth,2026-04-01,94.8935
SBI Large Cap Fund,119598,SBI Large Cap Fund - Direct Plan - Growth,2026-04-02,94.8629
SBI Large Cap Fund,119598,SBI Large Cap Fund - Direct Plan - Growth,2026-04-06,95.9376
SBI Large Cap Fund,119598,SBI Large Cap Fund - Direct Plan - Growth,2026-04-07,96.4835
SBI Large Cap Fund,119598,SBI Large Cap Fund - Direct Plan - Growth,2026-04-08,100.2213
SBI Large Cap Fund,119598,SBI Large Cap Fund - Direct Plan - Growth,2026-04-09,99.42
SBI Large Cap Fund,119598,SBI Large Cap Fund - Direct Plan - Growth,2026-04-10,101.1214
SBI Large Cap Fund,119598,SBI Large Cap Fund - Direct Plan - Growth,2026-04-13,100.6532
SBI Large Cap Fund,119598,SBI Large Cap Fund - Direct Plan - Growth,2026-04-15,102.5891
SBI Large Cap Fund,119598,SBI Large Cap Fund - Direct Plan - Growth,2026-04-16,102.777
SBI Large Cap Fund,119598,SBI Large Cap Fund - Direct Plan - Growth,2026-04-17,103.5104
SBI Large Cap Fund,119598,SBI Large Cap Fund - Direct Plan - Growth,2026-04-20,103.3969
SBI Large Cap Fund,119598,SBI Large Cap Fund - Direct Plan - Growth,2026-04-21,104.3172
SBI Large Cap Fund,119598,SBI Large Cap Fund - Direct Plan - Growth,2026-04-22,103.9677
SBI Large Cap Fund,119598,SBI Large Cap Fund - Direct Plan - Growth,2026-04-23,102.7833
SBI Large Cap Fund,119598,SBI Large Cap Fund - Direct Plan - Growth,2026-04-24,101.6031
SBI Large Cap Fund,119598,SBI Large Cap Fund - Direct Plan - Growth,2026-04-27,102.5823
SBI Large Cap Fund,119598,SBI Large Cap Fund - Direct Plan - Growth,2026-04-28,101.8764
SBI Large Cap Fund,119598,SBI Large Cap Fund - Direct Plan - Growth,2026-04-29,102.3271
SBI Large Cap Fund,119598,SBI Large Cap Fund - Direct Plan - Growth,2026-04-30,101.5677
SBI Large Cap Fund,119598,SBI Large Cap Fund - Direct Plan - Growth,2026-05-04,102.0764
SBI Large Cap Fund,119598,SBI Large Cap Fund - Direct Plan - Growth,2026-05-05,101.7547
SBI Large Cap Fund,119598,SBI Large Cap Fund - Direct Plan - Growth,2026-05-06,103.2935
SBI Large Cap Fund,119598,SBI Large Cap Fund - Direct Plan - Growth,2026-05-07,103.5675
SBI Large Cap Fund,119598,SBI Large Cap Fund - Direct Plan - Growth,2026-05-08,103.2733
SBI Large Cap Fund,119598,SBI Large Cap Fund - Direct Plan - Growth,2026-05-11,101.8725
SBI Large Cap Fund,119598,SBI Large Cap Fund - Direct Plan - Growth,2026-05-12,99.769
SBI Large Cap Fund,119598,SBI Large Cap Fund - Direct Plan - Growth,2026-05-13,100.3014
SBI Large Cap Fund,119598,SBI Large Cap Fund - Direct Plan - Growth,2026-05-14,101.1037
SBI Large Cap Fund,119598,SBI Large Cap Fund - Direct Plan - Growth,2026-05-15,100.8702
SBI Large Cap Fund,119598,SBI Large Cap Fund - Direct Plan - Growth,2026-05-18,100.7781
SBI Large Cap Fund,119598,SBI Large Cap Fund - Direct Plan - Growth,2026-05-19,100.8734
SBI Large Cap Fund,119598,SBI Large Cap Fund - Direct Plan - Growth,2026-05-20,100.8205
SBI Large Cap Fund,119598,SBI Large Cap Fund - Direct Plan - Growth,2026-05-21,101.0529
SBI Large Cap Fund,119598,SBI Large Cap Fund - Direct Plan - Growth,2026-05-22,101.6833
SBI Large Cap Fund,119598,SBI Large Cap Fund - Direct Plan - Growth,2026-05-25,102.7494
SBI Large Cap Fund,119598,SBI Large Cap Fund - Direct Plan - Growth,2026-05-26,102.3652
SBI Large Cap Fund,119598,SBI Large Cap Fund - Direct Plan - Growth,2026-05-27,102.4855
SBI Large Cap Fund,119598,SBI Large Cap Fund - Direct Plan - Growth,2026-05-29,101.6306
SBI Large Cap Fund,119598,SBI Large Cap Fund - Direct Plan - Growth,2026-05-31,101.6271
SBI Large Cap Fund,119598,SBI Large Cap Fund - Direct Plan - Growth,2026-06-01,100.7621
SBI Large Cap Fund,119598,SBI Large Cap Fund - Direct Plan - Growth,2026-06-02,101.0521
SBI Large Cap Fund,119598,SBI Large Cap Fund - Direct Plan - Growth,2026-06-03,100.8823
SBI Large Cap Fund,119598,SBI Large Cap Fund - Direct Plan - Growth,2026-06-04,100.8953
SBI Large Cap Fund,119598,SBI Large Cap Fund - Direct Plan - Growth,2026-06-05,100.841
SBI Large Cap Fund,119598,SBI Large Cap Fund - Direct Plan - Growth,2026-06-08,99.6668
SBI Large Cap Fund,119598,SBI Large Cap Fund - Direct Plan - Growth,2026-06-09,100.565
SBI Large Cap Fund,119598,SBI Large Cap Fund - Direct Plan - Growth,2026-06-10,100.3451
SBI Large Cap Fund,119598,SBI Large Cap Fund - Direct Plan - Growth,2026-06-11,99.8201
SBI Large Cap Fund,119598,SBI Large Cap Fund - Direct Plan - Growth,2026-06-12,102.1121
SBI Large Cap Fund,119598,SBI Large Cap Fund - Direct Plan - Growth,2026-06-15,103.6105
SBI Large Cap Fund,119598,SBI Large Cap Fund - Direct Plan - Growth,2026-06-16,104.0073
SBI Large Cap Fund,119598,SBI Large Cap Fund - Direct Plan - Growth,2026-06-17,104.3069
SBI Large Cap Fund,119598,SBI Large Cap Fund - Direct Plan - Growth,2026-06-18,104.802
SBI Large Cap Fund,119598,SBI Large Cap Fund - Direct Plan - Growth,2026-06-19,104.3182
SBI Large Cap Fund,119598,SBI Large Cap Fund - Direct Plan - Growth,2026-06-22,104.9403
SBI Large Cap Fund,119598,SBI Large Cap Fund - Direct Plan - Growth,2026-06-23,103.9386
SBI Large Cap Fund,119598,SBI Large Cap Fund - Direct Plan - Growth,2026-06-24,104.9902
SBI Large Cap Fund,119598,SBI Large Cap Fund - Direct Plan - Growth,2026-06-25,105.2202
SBI Large Cap Fund,119598,SBI Large Cap Fund - Direct Plan - Growth,2026-06-29,104.6039
SBI Large Cap Fund,119598,SBI Large Cap Fund - Direct Plan - Growth,2026-06-30,104.3504
SBI Large Cap Fund,119598,SBI Large Cap Fund - Direct Plan - Growth,2026-07-01,105.0513
SBI Large Cap Fund,119598,SBI Large Cap Fund - Direct Plan - Growth,2026-07-02,105.5186
SBI Large Cap Fund,119598,SBI Large Cap Fund - Direct Plan - Growth,2026-07-03,105.3811
SBI Large Cap Fund,119598,SBI Large Cap Fund - Direct Plan - Growth,2026-07-06,105.9054
SBI Large Cap Fund,119598,SBI Large Cap Fund - Direct Plan - Growth,2026-07-07,105.4907
SBI Large Cap Fund,119598,SBI Large Cap Fund - Direct Plan - Growth,2026-07-08,103.4528
SBI Large Cap Fund,119598,SBI Large Cap Fund - Direct Plan - Growth,2026-07-09,103.9998
SBI Large Cap Fund,119598,SBI Large Cap Fund - Direct Plan - Growth,2026-07-10,104.9543
SBI Large Cap Fund,119598,SBI Large Cap Fund - Direct Plan - Growth,2026-07-13,104.8913
SBI Large Cap Fund,119598,SBI Large Cap Fund - Direct Plan - Growth,2026-07-14,104.1665
SBI Large Cap Fund,119598,SBI Large Cap Fund - Direct Plan - Growth,2026-07-15,104.6294
SBI Large Cap Fund,119598,SBI Large Cap Fund - Direct Plan - Growth,2026-07-16,104.4385
SBI Large Cap Fund,119598,SBI Large Cap Fund - Direct Plan - Growth,2026-07-17,105.185
SBI Large Cap Fund,119598,SBI Large Cap Fund - Direct Plan - Growth,2026-07-20,104.8367
SBI Large Cap Fund,119598,SBI Large Cap Fund - Direct Plan - Growth,2026-07-21,104.7801
SBI Large Cap Fund,119598,SBI Large Cap Fund - Direct Plan - Growth,2026-07-22,103.6592
SBI Large Cap Fund,119598,SBI Large Cap Fund - Direct Plan - Growth,2026-07-23,103.1913
SBI Large Cap Fund,119598,SBI Large Cap Fund - Direct Plan - Growth,2026-07-24,102.9535
SBI Large Cap Fund,119598,SBI Large Cap Fund - Direct Plan - Growth,2026-07-27,103.9177
SBI Large Cap Fund,119598,SBI Large Cap Fund - Direct Plan - Growth,2026-07-28,103.5855
SBI Large Cap Fund,119598,SBI Large Cap Fund - Direct Plan - Growth,2026-07-29,104.6369
SBI Large Cap Fund,119598,SBI Large Cap Fund - Direct Plan - Growth,2026-07-30,104.8043
SBI Large Cap Fund,119598,SBI Large Cap Fund - Direct Plan - Growth,2026-07-31,105.0078
SBI Large Cap Fund,119598,SBI Large Cap Fund - Direct Plan - Growth,2026-08-03,106.7776
SBI Large Cap Fund,119598,SBI Large Cap Fund - Direct Plan - Growth,2026-08-04,105.7861
SBI Large Cap Fund,119598,SBI Large Cap Fund - Direct Plan - Growth,2026-08-05,106.0806
SBI Large Cap Fund,119598,SBI Large Cap Fund - Direct Plan - Growth,2026-08-06,106.1525
SBI Large Cap Fund,119598,SBI Large Cap Fund - Direct Plan - Growth,2026-08-07,106.0581
SBI Large Cap Fund,119598,SBI Large Cap Fund - Direct Plan - Growth,2026-08-10,106.1478
SBI Large Cap Fund,119598,SBI Large Cap Fund - Direct Plan - Growth,2026-08-11,105.8471
SBI Large Cap Fund,119598,SBI Large Cap Fund - Direct Plan - Growth,2026-08-12,105.8985
SBI Large Cap Fund,119598,SBI Large Cap Fund - Direct Plan - Growth,2026-08-13,105.6003
SBI Large Cap Fund,119598,SBI Large Cap Fund - Direct Plan - Growth,2026-08-14,105.3576
SBI Large Cap Fund,119598,SBI Large Cap Fund - Direct Plan - Growth,2026-08-17,105.1793
SBI Large Cap Fund,119598,SBI Large Cap Fund - Direct Plan - Growth,2026-08-18,104.7451
SBI Large Cap Fund,119598,SBI Large Cap Fund - Direct Plan - Growth,2026-08-19,104.4382
SBI Large Cap Fund,119598,SBI Large Cap Fund - Direct Plan - Growth,2026-08-20,104.9023
SBI Large Cap Fund,119598,SBI Large Cap Fund - Direct Plan - Growth,2026-08-21,104.9232
SBI Large Cap Fund,119598,SBI Large Cap Fund - Direct Plan - Growth,2026-08-24,104.766
SBI Large Cap Fund,119598,SBI Large Cap Fund - Direct Plan - Growth,2026-08-25,105.2258
SBI Large Cap Fund,119598,SBI Large Cap Fund - Direct Plan - Growth,2026-08-26,105.1341
SBI Large Cap Fund,119598,SBI Large Cap Fund - Direct Plan - Growth,2026-08-27,104.9022
SBI Large Cap Fund,119598,SBI Large Cap Fund - Direct Plan - Growth,2026-08-28,104.9735
SBI Large Cap Fund,119598,SBI Large Cap Fund - Direct Plan - Growth,2026-08-31,104.7043
SBI Large Cap Fund,119598,SBI Large Cap Fund - Direct Plan - Growth,2026-09-01,103.9545
SBI Large Cap Fund,119598,SBI Large Cap Fund - Direct Plan - Growth,2026-09-02,103.2825
SBI Large Cap Fund,119598,SBI Large Cap Fund - Direct Plan - Growth,2026-09-03,103.368
SBI Large Cap Fund,119598,SBI Large Cap Fund - Direct Plan - Growth,2026-09-04,103.333
SBI Large Cap Fund,119598,SBI Large Cap Fund - Direct Plan - Growth,2026-09-07,102.8497
SBI Large Cap Fund,119598,SBI Large Cap Fund - Direct Plan - Growth,2026-09-08,102.3806
SBI Large Cap Fund,119598,SBI Large Cap Fund - Direct Plan - Growth,2026-09-09,101.4878
SBI Large Cap Fund,119598,SBI Large Cap Fund - Direct Plan - Growth,2026-09-10,101.6248
SBI Large Cap Fund,119598,SBI Large Cap Fund - Direct Plan - Growth,2026-09-11,101.4013
SBI Large Cap Fund,119598,SBI Large Cap Fund - Direct Plan - Growth,2026-09-15,99.947
SBI Large Cap Fund,119598,SBI Large Cap Fund - Direct Plan - Growth,2026-09-16,100.1797
SBI Large Cap Fund,119598,SBI Large Cap Fund - Direct Plan - Growth,2026-09-17,100.886
SBI Large Cap Fund,119598,SBI Large Cap Fund - Direct Plan - Growth,2026-09-18,101.7674
SBI Large Cap Fund,119598,SBI Large Cap Fund - Direct Plan - Growth,2026-09-21,101.9719
SBI Large Cap Fund,119598,SBI Large Cap Fund - Direct Plan - Growth,2026-09-22,101.7834
SBI Large Cap Fund,119598,SBI Large Cap Fund - Direct Plan - Growth,2026-09-23,102.5116
SBI Large Cap Fund,119598,SBI Large Cap Fund - Direct Plan - Growth,2026-09-24,100.8949
SBI Large Cap Fund,119598,SBI Large Cap Fund - Direct Plan - Growth,2026-09-25,101.2912
SBI Large Cap Fund,119598,SBI Large Cap Fund - Direct Plan - Growth,2026-09-28,99.8149
SBI Large Cap Fund,119598,SBI Large Cap Fund - Direct Plan - Growth,2026-09-29,99.5618
SBI Large Cap Fund,119598,SBI Large Cap Fund - Direct Plan - Growth,2026-09-30,99.5479
SBI Large Cap Fund,119598,SBI Large Cap Fund - Direct Plan - Growth,2026-10-01,98.9141
Nippon India ELSS Tax Saver Fund,103196,Nippon India ELSS Tax Saver Fund - Regular Plan - Growth Option,2025-01-01,123.2334
Nippon India ELSS Tax Saver Fund,103196,Nippon India ELSS Tax Saver Fund - Regular Plan - Growth Option,2025-01-02,124.8865
Nippon India ELSS Tax Saver Fund,103196,Nippon India ELSS Tax Saver Fund - Regular Plan - Growth Option,2025-01-03,124.5796
Nippon India ELSS Tax Saver Fund,103196,Nippon India ELSS Tax Saver Fund - Regular Plan - Growth Option,2025-01-06,122.0102
Nippon India ELSS Tax Saver Fund,103196,Nippon India ELSS Tax Saver Fund - Regular Plan - Growth Option,2025-01-07,122.5921
Nippon India ELSS Tax Saver Fund,103196,Nippon India ELSS Tax Saver Fund - Regular Plan - Growth Option,2025-01-08,121.5793
Nippon India ELSS Tax Saver Fund,103196,Nippon India ELSS Tax Saver Fund - Regular Plan - Growth Option,2025-01-09,120.5822
Nippon India ELSS Tax Saver Fund,103196,Nippon India ELSS Tax Saver Fund - Regular Plan - Growth Option,2025-01-10,118.7378
Nippon India ELSS Tax Saver Fund,103196,Nippon India ELSS Tax Saver Fund - Regular Plan - Growth Option,2025-01-13,115.8804
Nippon India ELSS Tax Saver Fund,103196,Nippon India ELSS Tax Saver Fund - Regular Plan - Growth Option,2025-01-14,117.3113
Nippon India ELSS Tax Saver Fund,103196,Nippon India ELSS Tax Saver Fund - Regular Plan - Growth Option,2025-01-15,118.2162
Nippon India ELSS Tax Saver Fund,103196,Nippon India ELSS Tax Saver Fund - Regular Plan - Growth Option,2025-01-16,119.0096
Nippon India ELSS Tax Saver Fund,103196,Nippon India ELSS Tax Saver Fund - Regular Plan - Growth Option,2025-01-17,118.7771
Nippon India ELSS Tax Saver Fund,103196,Nippon India ELSS Tax Saver Fund - Regular Plan - Growth Option,2025-01-20,119.294
Nippon India ELSS Tax Saver Fund,103196,Nippon India ELSS Tax Saver Fund - Regular Plan - Growth Option,2025-01-21,116.9577
Nippon India ELSS Tax Saver Fund,103196,Nippon India ELSS Tax Saver Fund - Regular Plan - Growth Option,2025-01-22,116.5756
Nippon India ELSS Tax Saver Fund,103196,Nippon India ELSS Tax Saver Fund - Regular Plan - Growth Option,2025-01-23,117.339
Nippon India ELSS Tax Saver Fund,103196,Nippon India ELSS Tax Saver Fund - Regular Plan - Growth Option,2025-01-24,116.1626
Nippon India ELSS Tax Saver Fund,103196,Nippon India ELSS Tax Saver Fund - Regular Plan - Growth Option,2025-01-27,113.8732
Nippon India ELSS Tax Saver Fund,103196,Nippon India ELSS Tax Saver Fund - Regular Plan - Growth Option,2025-01-28,114.0219
Nippon India ELSS Tax Saver Fund,103196,Nippon India ELSS Tax Saver Fund - Regular Plan - Growth Option,2025-01-29,115.9791
Nippon India ELSS Tax Saver Fund,103196,Nippon India ELSS Tax Saver Fund - Regular Plan - Growth Option,2025-01-30,116.0812
Nippon India ELSS Tax Saver Fund,103196,Nippon India ELSS Tax Saver Fund - Regular Plan - Growth Option,2025-01-31,117.3857
Nippon India ELSS Tax Saver Fund,103196,Nippon India ELSS Tax Saver Fund - Regular Plan - Growth Option,2025-02-03,116.3477
Nippon India ELSS Tax Saver Fund,103196,Nippon India ELSS Tax Saver Fund - Regular Plan - Growth Option,2025-02-04,118.1186
Nippon India ELSS Tax Saver Fund,103196,Nippon India ELSS Tax Saver Fund - Regular Plan - Growth Option,2025-02-05,118.3517
Nippon India ELSS Tax Saver Fund,103196,Nippon India ELSS Tax Saver Fund - Regular Plan - Growth Option,2025-02-06,117.5955
Nippon India ELSS Tax Saver Fund,103196,Nippon India ELSS Tax Saver Fund - Regular Plan - Growth Option,2025-02-07,117.4097
Nippon India ELSS Tax Saver Fund,103196,Nippon India ELSS Tax Saver Fund - Regular Plan - Growth Option,2025-02-10,115.9349
Nippon India ELSS Tax Saver Fund,103196,Nippon India ELSS Tax Saver Fund - Regular Plan - Growth Option,2025-02-11,113.8187
Nippon India ELSS Tax Saver Fund,103196,Nippon India ELSS Tax Saver Fund - Regular Plan - Growth Option,2025-02-12,113.8356
Nippon India ELSS Tax Saver Fund,103196,Nippon India ELSS Tax Saver Fund - Regular Plan - Growth Option,2025-02-13,113.6363
Nippon India ELSS Tax Saver Fund,103196,Nippon India ELSS Tax Saver Fund - Regular Plan - Growth Option,2025-02-14,112.1814
Nippon India ELSS Tax Saver Fund,103196,Nippon India ELSS Tax Saver Fund - Regular Plan - Growth Option,2025-02-17,112.1088
Nippon India ELSS Tax Saver Fund,103196,Nippon India ELSS Tax Saver Fund - Regular Plan - Growth Option,2025-02-18,112.1162
Nippon India ELSS Tax Saver Fund,103196,Nippon India ELSS Tax Saver Fund - Regular Plan - Growth Option,2025-02-19,113.065
Nippon India ELSS Tax Saver Fund,103196,Nippon India ELSS Tax Saver Fund - Regular Plan - Growth Option,2025-02-20,113.9731
Nippon India ELSS Tax Saver Fund,103196,Nippon India ELSS Tax Saver Fund - Regular Plan - Growth Option,2025-02-21,113.2116
Nippon India ELSS Tax Saver Fund,103196,Nippon India ELSS Tax Saver Fund - Regular Plan - Growth Option,2025-02-24,111.8096
Nippon India ELSS Tax Saver Fund,103196,Nippon India ELSS Tax Saver Fund - Regular Plan - Growth Option,2025-02-25,111.6525
Nippon India ELSS Tax Saver Fund,103196,Nippon India ELSS Tax Saver Fund - Regular Plan - Growth Option,2025-02-27,110.8562
Nippon India ELSS Tax Saver Fund,103196,Nippon India ELSS Tax Saver Fund - Regular Plan - Growth Option,2025-02-28,108.7322
Nippon India ELSS Tax Saver Fund,103196,Nippon India ELSS Tax Saver Fund - Regular Plan - Growth Option,2025-03-03,108.5906
Nippon India ELSS Tax Saver Fund,103196,Nippon India ELSS Tax Saver Fund - Regular Plan - Growth Option,2025-03-04,109.1281
Nippon India ELSS Tax Saver Fund,103196,Nippon India ELSS Tax Saver Fund - Regular Plan - Growth Option,2025-03-05,111.0666
Nippon India ELSS Tax Saver Fund,103196,Nippon India ELSS Tax Saver Fund - Regular Plan - Growth Option,2025-03-06,112.2607
Nippon India ELSS Tax Saver Fund,103196,Nippon India ELSS Tax Saver Fund - Regular Plan - Growth Option,2025-03-07,112.005
Nippon India ELSS Tax Saver Fund,103196,Nippon India ELSS Tax Saver Fund - Regular Plan - Growth Option,2025-03-10,111.2301
Nippon India ELSS Tax Saver Fund,103196,Nippon India ELSS Tax Saver Fund - Regular Plan - Growth Option,2025-03-11,111.4993
Nippon India ELSS Tax Saver Fund,103196,Nippon India ELSS Tax Saver Fund - Regular Plan - Growth Option,2025-03-12,111.3883
Nippon India ELSS Tax Saver Fund,103196,Nippon India ELSS Tax Saver Fund - Regular Plan - Growth Option,2025-03-13,110.9293
Nippon India ELSS Tax Saver Fund,103196,Nippon India ELSS Tax Saver Fund - Regular Plan - Growth Option,2025-03-17,111.4391
Nippon India ELSS Tax Saver Fund,103196,Nippon India ELSS Tax Saver Fund - Regular Plan - Growth Option,2025-03-18,113.7165
Nippon India ELSS Tax Saver Fund,103196,Nippon India ELSS Tax Saver Fund - Regular Plan - Growth Option,2025-03-19,114.9755
Nippon India ELSS Tax Saver Fund,103196,Nippon India ELSS Tax Saver Fund - Regular Plan - Growth Option,2025-03-20,115.8558
Nippon India ELSS Tax Saver Fund,103196,Nippon India ELSS Tax Saver Fund - Regular Plan - Growth Option,2025-03-21,117.393
Nippon India ELSS Tax Saver Fund,103196,Nippon India ELSS Tax Saver Fund - Regular Plan - Growth Option,2025-03-24,119.0379
Nippon India ELSS Tax Saver Fund,103196,Nippon India ELSS Tax Saver Fund - Regular Plan - Growth Option,2025-03-25,118.5694
Nippon India ELSS Tax Saver Fund,103196,Nippon India ELSS Tax Saver Fund - Regular Plan - Growth Option,2025-03-26,117.2604
Nippon India ELSS Tax Saver Fund,103196,Nippon India ELSS Tax Saver Fund - Regular Plan - Growth Option,2025-03-27,118.1179
Nippon India ELSS Tax Saver Fund,103196,Nippon India ELSS Tax Saver Fund - Regular Plan - Growth Option,2025-03-28,118.24
Nippon India ELSS Tax Saver Fund,103196,Nippon India ELSS Tax Saver Fund - Regular Plan - Growth Option,2025-03-31,118.2239
Nippon India ELSS Tax Saver Fund,103196,Nippon India ELSS Tax Saver Fund - Regular Plan - Growth Option,2025-04-01,116.7502
Nippon India ELSS Tax Saver Fund,103196,Nippon India ELSS Tax Saver Fund - Regular Plan - Growth Option,2025-04-02,117.9812
Nippon India ELSS Tax Saver Fund,103196,Nippon India ELSS Tax Saver Fund - Regular Plan - Growth Option,2025-04-03,117.9417
Nippon India ELSS Tax Saver Fund,103196,Nippon India ELSS Tax Saver Fund - Regular Plan - Growth Option,2025-04-04,115.6403
Nippon India ELSS Tax Saver Fund,103196,Nippon India ELSS Tax Saver Fund - Regular Plan - Growth Option,2025-04-07,111.828
Nippon India ELSS Tax Saver Fund,103196,Nippon India ELSS Tax Saver Fund - Regular Plan - Growth Option,2025-04-08,113.9207
Nippon India ELSS Tax Saver Fund,103196,Nippon India ELSS Tax Saver Fund - Regular Plan - Growth Option,2025-04-09,113.135
Nippon India ELSS Tax Saver Fund,103196,Nippon India ELSS Tax Saver Fund - Regular Plan - Growth Option,2025-04-11,115.3813
Nippon India ELSS Tax Saver Fund,103196,Nippon India ELSS Tax Saver Fund - Regular Plan - Growth Option,2025-04-15,118.7213
Nippon India ELSS Tax Saver Fund,103196,Nippon India ELSS Tax Saver Fund - Regular Plan - Growth Option,2025-04-16,119.5336
Nippon India ELSS Tax Saver Fund,103196,Nippon India ELSS Tax Saver Fund - Regular Plan - Growth Option,2025-04-17,121.272
Nippon India ELSS Tax Saver Fund,103196,Nippon India ELSS Tax Saver Fund - Regular Plan - Growth Option,2025-04-21,122.8555
Nippon India ELSS Tax Saver Fund,103196,Nippon India ELSS Tax Saver Fund - Regular Plan - Growth Option,2025-04-22,123.2953
Nippon India ELSS Tax Saver Fund,103196,Nippon India ELSS Tax Saver Fund - Regular Plan - Growth Option,2025-04-23,123.8311
Nippon India ELSS Tax Saver Fund,103196,Nippon India ELSS Tax Saver Fund - Regular Plan - Growth Option,2025-04-24,123.45
Nippon India ELSS Tax Saver Fund,103196,Nippon India ELSS Tax Saver Fund - Regular Plan - Growth Option,2025-04-25,121.6678
Nippon India ELSS Tax Saver Fund,103196,Nippon India ELSS Tax Saver Fund - Regular Plan - Growth Option,2025-04-28,122.7523
Nippon India ELSS Tax Saver Fund,103196,Nippon India ELSS Tax Saver Fund - Regular Plan - Growth Option,2025-04-29,122.6639
Nippon India ELSS Tax Saver Fund,103196,Nippon India ELSS Tax Saver Fund - Regular Plan - Growth Option,2025-04-30,121.8482
Nippon India ELSS Tax Saver Fund,103196,Nippon India ELSS Tax Saver Fund - Regular Plan - Growth Option,2025-05-02,121.5768
Nippon India ELSS Tax Saver Fund,103196,Nippon India ELSS Tax Saver Fund - Regular Plan - Growth Option,2025-05-05,122.4471
Nippon India ELSS Tax Saver Fund,103196,Nippon India ELSS Tax Saver Fund - Regular Plan - Growth Option,2025-05-06,120.9212
Nippon India ELSS Tax Saver Fund,103196,Nippon India ELSS Tax Saver Fund - Regular Plan - Growth Option,2025-05-07,121.6942
Nippon India ELSS Tax Saver Fund,103196,Nippon India ELSS Tax Saver Fund - Regular Plan - Growth Option,2025-05-08,120.6496
Nippon India ELSS Tax Saver Fund,103196,Nippon India ELSS Tax Saver Fund - Regular Plan - Growth Option,2025-05-09,119.4691
Nippon India ELSS Tax Saver Fund,103196,Nippon India ELSS Tax Saver Fund - Regular Plan - Growth Option,2025-05-12,124.1354
Nippon India ELSS Tax Saver Fund,103196,Nippon India ELSS Tax Saver Fund - Regular Plan - Growth Option,2025-05-13,123.2569
Nippon India ELSS Tax Saver Fund,103196,Nippon India ELSS Tax Saver Fund - Regular Plan - Growth Option,2025-05-14,124.2077
Nippon India ELSS Tax Saver Fund,103196,Nippon India ELSS Tax Saver Fund - Regular Plan - Growth Option,2025-05-15,125.5207
Nippon India ELSS Tax Saver Fund,103196,Nippon India ELSS Tax Saver Fund - Regular Plan - Growth Option,2025-05-16,126.1552
Nippon India ELSS Tax Saver Fund,103196,Nippon India ELSS Tax Saver Fund - Regular Plan - Growth Option,2025-05-19,126.4599
Nippon India ELSS Tax Saver Fund,103196,Nippon India ELSS Tax Saver Fund - Regular Plan - Growth Option,2025-05-20,125.1915
Nippon India ELSS Tax Saver Fund,103196,Nippon India ELSS Tax Saver Fund - Regular Plan - Growth Option,2025-05-21,125.9895
Nippon India ELSS Tax Saver Fund,103196,Nippon India ELSS Tax Saver Fund - Regular Plan - Growth Option,2025-05-22,125.2279
Nippon India ELSS Tax Saver Fund,103196,Nippon India ELSS Tax Saver Fund - Regular Plan - Growth Option,2025-05-23,126.2727
Nippon India ELSS Tax Saver Fund,103196,Nippon India ELSS Tax Saver Fund - Regular Plan - Growth Option,2025-05-26,126.7836
Nippon India ELSS Tax Saver Fund,103196,Nippon India ELSS Tax Saver Fund - Regular Plan - Growth Option,2025-05-27,126.362
Nippon India ELSS Tax Saver Fund,103196,Nippon India ELSS Tax Saver Fund - Regular Plan - Growth Option,2025-05-28,126.4467
Nippon India ELSS Tax Saver Fund,103196,Nippon India ELSS Tax Saver Fund - Regular Plan - Growth Option,2025-05-29,126.7685
Nippon India ELSS Tax Saver Fund,103196,Nippon India ELSS Tax Saver Fund - Regular Plan - Growth Option,2025-05-30,126.7554
Nippon India ELSS Tax Saver Fund,103196,Nippon India ELSS Tax Saver Fund - Regular Plan - Growth Option,2025-06-02,126.9565
Nippon India ELSS Tax Saver Fund,103196,Nippon India ELSS Tax Saver Fund - Regular Plan - Growth Option,2025-06-03,126.3675
Nippon India ELSS Tax Saver Fund,103196,Nippon India ELSS Tax Saver Fund - Regular Plan - Growth Option,2025-06-04,126.85
Nippon India ELSS Tax Saver Fund,103196,Nippon India ELSS Tax Saver Fund - Regular Plan - Growth Option,2025-06-05,127.4515
Nippon India ELSS Tax Saver Fund,103196,Nippon India ELSS Tax Saver Fund - Regular Plan - Growth Option,2025-06-06,128.6133
Nippon India ELSS Tax Saver Fund,103196,Nippon India ELSS Tax Saver Fund - Regular Plan - Growth Option,2025-06-09,129.5248
Nippon India ELSS Tax Saver Fund,103196,Nippon India ELSS Tax Saver Fund - Regular Plan - Growth Option,2025-06-10,129.2253
Nippon India ELSS Tax Saver Fund,103196,Nippon India ELSS Tax Saver Fund - Regular Plan - Growth Option,2025-06-11,128.9963
Nippon India ELSS Tax Saver Fund,103196,Nippon India ELSS Tax Saver Fund - Regular Plan - Growth Option,2025-06-12,127.178
Nippon India ELSS Tax Saver Fund,103196,Nippon India ELSS Tax Saver Fund - Regular Plan - Growth Option,2025-06-13,126.3074
Nippon India ELSS Tax Saver Fund,103196,Nippon India ELSS Tax Saver Fund - Regular Plan - Growth Option,2025-06-16,127.1999
Nippon India ELSS Tax Saver Fund,103196,Nippon India ELSS Tax Saver Fund - Regular Plan - Growth Option,2025-06-17,126.65
Nippon India ELSS Tax Saver Fund,103196,Nippon India ELSS Tax Saver Fund - Regular Plan - Growth Option,2025-06-18,126.4253
Nippon India ELSS Tax Saver Fund,103196,Nippon India ELSS Tax Saver Fund - Regular Plan - Growth Option,2025-06-19,125.4767
Nippon India ELSS Tax Saver Fund,103196,Nippon India ELSS Tax Saver Fund - Regular Plan - Growth Option,2025-06-20,127.2335
Nippon India ELSS Tax Saver Fund,103196,Nippon India ELSS Tax Saver Fund - Regular Plan - Growth Option,2025-06-23,126.7912
Nippon India ELSS Tax Saver Fund,103196,Nippon India ELSS Tax Saver Fund - Regular Plan - Growth Option,2025-06-24,127.6478
Nippon India ELSS Tax Saver Fund,103196,Nippon India ELSS Tax Saver Fund - Regular Plan - Growth Option,2025-06-25,128.4486
Nippon India ELSS Tax Saver Fund,103196,Nippon India ELSS Tax Saver Fund - Regular Plan - Growth Option,2025-06-26,129.5625
Nippon India ELSS Tax Saver Fund,103196,Nippon India ELSS Tax Saver Fund - Regular Plan - Growth Option,2025-06-27,129.9989
Nippon India ELSS Tax Saver Fund,103196,Nippon India ELSS Tax Saver Fund - Regular Plan - Growth Option,2025-06-30,130.1128
Nippon India ELSS Tax Saver Fund,103196,Nippon India ELSS Tax Saver Fund - Regular Plan - Growth Option,2025-07-01,129.8778
Nippon India ELSS Tax Saver Fund,103196,Nippon India ELSS Tax Saver Fund - Regular Plan - Growth Option,2025-07-02,129.3975
Nippon India ELSS Tax Saver Fund,103196,Nippon India ELSS Tax Saver Fund - Regular Plan - Growth Option,2025-07-03,129.0915
Nippon India ELSS Tax Saver Fund,103196,Nippon India ELSS Tax Saver Fund - Regular Plan - Growth Option,2025-07-04,129.3609
Nippon India ELSS Tax Saver Fund,103196,Nippon India ELSS Tax Saver Fund - Regular Plan - Growth Option,2025-07-07,129.046
Nippon India ELSS Tax Saver Fund,103196,Nippon India ELSS Tax Saver Fund - Regular Plan - Growth Option,2025-07-08,129.2925
Nippon India ELSS Tax Saver Fund,103196,Nippon India ELSS Tax Saver Fund - Regular Plan - Growth Option,2025-07-09,129.3333
Nippon India ELSS Tax Saver Fund,103196,Nippon India ELSS Tax Saver Fund - Regular Plan - Growth Option,2025-07-10,129.0943
Nippon India ELSS Tax Saver Fund,103196,Nippon India ELSS Tax Saver Fund - Regular Plan - Growth Option,2025-07-11,128.5777
Nippon India ELSS Tax Saver Fund,103196,Nippon India ELSS Tax Saver Fund - Regular Plan - Growth Option,2025-07-14,128.6732
Nippon India ELSS Tax Saver Fund,103196,Nippon India ELSS Tax Saver Fund - Regular Plan - Growth Option,2025-07-15,129.4648
Nippon India ELSS Tax Saver Fund,103196,Nippon India ELSS Tax Saver Fund - Regular Plan - Growth Option,2025-07-16,129.7341
Nippon India ELSS Tax Saver Fund,103196,Nippon India ELSS Tax Saver Fund - Regular Plan - Growth Option,2025-07-17,129.4365
Nippon India ELSS Tax Saver Fund,103196,Nippon India ELSS Tax Saver Fund - Regular Plan - Growth Option,2025-07-18,128.7369
Nippon India ELSS Tax Saver Fund,103196,Nippon India ELSS Tax Saver Fund - Regular Plan - Growth Option,2025-07-21,129.4233
Nippon India ELSS Tax Saver Fund,103196,Nippon India ELSS Tax Saver Fund - Regular Plan - Growth Option,2025-07-22,129.4625
Nippon India ELSS Tax Saver Fund,103196,Nippon India ELSS Tax Saver Fund - Regular Plan - Growth Option,2025-07-23,130.1435
Nippon India ELSS Tax Saver Fund,103196,Nippon India ELSS Tax Saver Fund - Regular Plan - Growth Option,2025-07-24,129.7545
Nippon India ELSS Tax Saver Fund,103196,Nippon India ELSS Tax Saver Fund - Regular Plan - Growth Option,2025-07-25,128.4008
Nippon India ELSS Tax Saver Fund,103196,Nippon India ELSS Tax Saver Fund - Regular Plan - Growth Option,2025-07-28,127.6984
Nippon India ELSS Tax Saver Fund,103196,Nippon India ELSS Tax Saver Fund - Regular Plan - Growth Option,2025-07-29,128.3758
Nippon India ELSS Tax Saver Fund,103196,Nippon India ELSS Tax Saver Fund - Regular Plan - Growth Option,2025-07-30,128.9495
Nippon India ELSS Tax Saver Fund,103196,Nippon India ELSS Tax Saver Fund - Regular Plan - Growth Option,2025-07-31,128.4536
Nippon India ELSS Tax Saver Fund,103196,Nippon India ELSS Tax Saver Fund - Regular Plan - Growth Option,2025-08-01,127.2558
Nippon India ELSS Tax Saver Fund,103196,Nippon India ELSS Tax Saver Fund - Regular Plan - Growth Option,2025-08-04,127.9571
Nippon India ELSS Tax Saver Fund,103196,Nippon India ELSS Tax Saver Fund - Regular Plan - Growth Option,2025-08-05,127.5773
Nippon India ELSS Tax Saver Fund,103196,Nippon India ELSS Tax Saver Fund - Regular Plan - Growth Option,2025-08-06,126.8288
Nippon India ELSS Tax Saver Fund,103196,Nippon India ELSS Tax Saver Fund - Regular Plan - Growth Option,2025-08-07,126.9755
Nippon India ELSS Tax Saver Fund,103196,Nippon India ELSS Tax Saver Fund - Regular Plan - Growth Option,2025-08-08,125.8762
Nippon India ELSS Tax Saver Fund,103196,Nippon India ELSS Tax Saver Fund - Regular Plan - Growth Option,2025-08-11,126.8415
Nippon India ELSS Tax Saver Fund,103196,Nippon India ELSS Tax Saver Fund - Regular Plan - Growth Option,2025-08-12,126.8205
Nippon India ELSS Tax Saver Fund,103196,Nippon India ELSS Tax Saver Fund - Regular Plan - Growth Option,2025-08-13,127.5725
Nippon India ELSS Tax Saver Fund,103196,Nippon India ELSS Tax Saver Fund - Regular Plan - Growth Option,2025-08-14,127.6263
Nippon India ELSS Tax Saver Fund,103196,Nippon India ELSS Tax Saver Fund - Regular Plan - Growth Option,2025-08-18,128.7208
Nippon India ELSS Tax Saver Fund,103196,Nippon India ELSS Tax Saver Fund - Regular Plan - Growth Option,2025-08-19,129.3368
Nippon India ELSS Tax Saver Fund,103196,Nippon India ELSS Tax Saver Fund - Regular Plan - Growth Option,2025-08-20,129.8548
Nippon India ELSS Tax Saver Fund,103196,Nippon India ELSS Tax Saver Fund - Regular Plan - Growth Option,2025-08-21,129.6405
Nippon India ELSS Tax Saver Fund,103196,Nippon India ELSS Tax Saver Fund - Regular Plan - Growth Option,2025-08-22,128.7504
Nippon India ELSS Tax Saver Fund,103196,Nippon India ELSS Tax Saver Fund - Regular Plan - Growth Option,2025-08-25,128.7715
Nippon India ELSS Tax Saver Fund,103196,Nippon India ELSS Tax Saver Fund - Regular Plan - Growth Option,2025-08-26,127.3014
Nippon India ELSS Tax Saver Fund,103196,Nippon India ELSS Tax Saver Fund - Regular Plan - Growth Option,2025-08-28,125.7918
Nippon India ELSS Tax Saver Fund,103196,Nippon India ELSS Tax Saver Fund - Regular Plan - Growth Option,2025-08-29,125.5071
Nippon India ELSS Tax Saver Fund,103196,Nippon India ELSS Tax Saver Fund - Regular Plan - Growth Option,2025-09-01,126.7959
Nippon India ELSS Tax Saver Fund,103196,Nippon India ELSS Tax Saver Fund - Regular Plan - Growth Option,2025-09-02,126.8609
Nippon India ELSS Tax Saver Fund,103196,Nippon India ELSS Tax Saver Fund - Regular Plan - Growth Option,2025-09-03,127.3627
Nippon India ELSS Tax Saver Fund,103196,Nippon India ELSS Tax Saver Fund - Regular Plan - Growth Option,2025-09-04,126.729
Nippon India ELSS Tax Saver Fund,103196,Nippon India ELSS Tax Saver Fund - Regular Plan - Growth Option,2025-09-05,126.6048
Nippon India ELSS Tax Saver Fund,103196,Nippon India ELSS Tax Saver Fund - Regular Plan - Growth Option,2025-09-08,126.8248
Nippon India ELSS Tax Saver Fund,103196,Nippon India ELSS Tax Saver Fund - Regular Plan - Growth Option,2025-09-09,127.1578
Nippon India ELSS Tax Saver Fund,103196,Nippon India ELSS Tax Saver Fund - Regular Plan - Growth Option,2025-09-10,127.8886
Nippon India ELSS Tax Saver Fund,103196,Nippon India ELSS Tax Saver Fund - Regular Plan - Growth Option,2025-09-11,128.2136
Nippon India ELSS Tax Saver Fund,103196,Nippon India ELSS Tax Saver Fund - Regular Plan - Growth Option,2025-09-12,128.7973
Nippon India ELSS Tax Saver Fund,103196,Nippon India ELSS Tax Saver Fund - Regular Plan - Growth Option,2025-09-15,129.3465
Nippon India ELSS Tax Saver Fund,103196,Nippon India ELSS Tax Saver Fund - Regular Plan - Growth Option,2025-09-16,130.1079
Nippon India ELSS Tax Saver Fund,103196,Nippon India ELSS Tax Saver Fund - Regular Plan - Growth Option,2025-09-17,130.41
Nippon India ELSS Tax Saver Fund,103196,Nippon India ELSS Tax Saver Fund - Regular Plan - Growth Option,2025-09-18,130.7138
Nippon India ELSS Tax Saver Fund,103196,Nippon India ELSS Tax Saver Fund - Regular Plan - Growth Option,2025-09-19,130.687
Nippon India ELSS Tax Saver Fund,103196,Nippon India ELSS Tax Saver Fund - Regular Plan - Growth Option,2025-09-22,130.2823
Nippon India ELSS Tax Saver Fund,103196,Nippon India ELSS Tax Saver Fund - Regular Plan - Growth Option,2025-09-23,130.1654
Nippon India ELSS Tax Saver Fund,103196,Nippon India ELSS Tax Saver Fund - Regular Plan - Growth Option,2025-09-24,129.3671
Nippon India ELSS Tax Saver Fund,103196,Nippon India ELSS Tax Saver Fund - Regular Plan - Growth Option,2025-09-25,128.464
Nippon India ELSS Tax Saver Fund,103196,Nippon India ELSS Tax Saver Fund - Regular Plan - Growth Option,2025-09-26,126.858
Nippon India ELSS Tax Saver Fund,103196,Nippon India ELSS Tax Saver Fund - Regular Plan - Growth Option,2025-09-30,127.0712
Nippon India ELSS Tax Saver Fund,103196,Nippon India ELSS Tax Saver Fund - Regular Plan - Growth Option,2025-10-01,127.9189
Nippon India ELSS Tax Saver Fund,103196,Nippon India ELSS Tax Saver Fund - Regular Plan - Growth Option,2025-10-03,128.3112
Nippon India ELSS Tax Saver Fund,103196,Nippon India ELSS Tax Saver Fund - Regular Plan - Growth Option,2025-10-06,128.6036
Nippon India ELSS Tax Saver Fund,103196,Nippon India ELSS Tax Saver Fund - Regular Plan - Growth Option,2025-10-07,128.6262
Nippon India ELSS Tax Saver Fund,103196,Nippon India ELSS Tax Saver Fund - Regular Plan - Growth Option,2025-10-08,127.9555
Nippon India ELSS Tax Saver Fund,103196,Nippon India ELSS Tax Saver Fund - Regular Plan - Growth Option,2025-10-09,128.6114
Nippon India ELSS Tax Saver Fund,103196,Nippon India ELSS Tax Saver Fund - Regular Plan - Growth Option,2025-10-10,129.2155
Nippon India ELSS Tax Saver Fund,103196,Nippon India ELSS Tax Saver Fund - Regular Plan - Growth Option,2025-10-13,129.0233
Nippon India ELSS Tax Saver Fund,103196,Nippon India ELSS Tax Saver Fund - Regular Plan - Growth Option,2025-10-14,128.5251
Nippon India ELSS Tax Saver Fund,103196,Nippon India ELSS Tax Saver Fund - Regular Plan - Growth Option,2025-10-15,129.7708
Nippon India ELSS Tax Saver Fund,103196,Nippon India ELSS Tax Saver Fund - Regular Plan - Growth Option,2025-10-16,130.6083
Nippon India ELSS Tax Saver Fund,103196,Nippon India ELSS Tax Saver Fund - Regular Plan - Growth Option,2025-10-17,131.0442
Nippon India ELSS Tax Saver Fund,103196,Nippon India ELSS Tax Saver Fund - Regular Plan - Growth Option,2025-10-20,131.5879
Nippon India ELSS Tax Saver Fund,103196,Nippon India ELSS Tax Saver Fund - Regular Plan - Growth Option,2025-10-23,131.7382
Nippon India ELSS Tax Saver Fund,103196,Nippon India ELSS Tax Saver Fund - Regular Plan - Growth Option,2025-10-24,131.5639
Nippon India ELSS Tax Saver Fund,103196,Nippon India ELSS Tax Saver Fund - Regular Plan - Growth Option,2025-10-27,132.143
Nippon India ELSS Tax Saver Fund,103196,Nippon India ELSS Tax Saver Fund - Regular Plan - Growth Option,2025-10-28,131.8916
Nippon India ELSS Tax Saver Fund,103196,Nippon India ELSS Tax Saver Fund - Regular Plan - Growth Option,2025-10-29,133.0197
Nippon India ELSS Tax Saver Fund,103196,Nippon India ELSS Tax Saver Fund - Regular Plan - Growth Option,2025-10-30,132.3414
Nippon India ELSS Tax Saver Fund,103196,Nippon India ELSS Tax Saver Fund - Regular Plan - Growth Option,2025-10-31,131.5101
Nippon India ELSS Tax Saver Fund,103196,Nippon India ELSS Tax Saver Fund - Regular Plan - Growth Option,2025-11-03,132.3022
Nippon India ELSS Tax Saver Fund,103196,Nippon India ELSS Tax Saver Fund - Regular Plan - Growth Option,2025-11-04,131.8574
Nippon India ELSS Tax Saver Fund,103196,Nippon India ELSS Tax Saver Fund - Regular Plan - Growth Option,2025-11-06,130.6993
Nippon India ELSS Tax Saver Fund,103196,Nippon India ELSS Tax Saver Fund - Regular Plan - Growth Option,2025-11-07,130.6797
Nippon India ELSS Tax Saver Fund,103196,Nippon India ELSS Tax Saver Fund - Regular Plan - Growth Option,2025-11-10,130.8125
Nippon India ELSS Tax Saver Fund,103196,Nippon India ELSS Tax Saver Fund - Regular Plan - Growth Option,2025-11-11,131.3165
Nippon India ELSS Tax Saver Fund,103196,Nippon India ELSS Tax Saver Fund - Regular Plan - Growth Option,2025-11-12,132.0042
Nippon India ELSS Tax Saver Fund,103196,Nippon India ELSS Tax Saver Fund - Regular Plan - Growth Option,2025-11-13,131.9813
Nippon India ELSS Tax Saver Fund,103196,Nippon India ELSS Tax Saver Fund - Regular Plan - Growth Option,2025-11-14,132.1552
Nippon India ELSS Tax Saver Fund,103196,Nippon India ELSS Tax Saver Fund - Regular Plan - Growth Option,2025-11-17,132.7247
Nippon India ELSS Tax Saver Fund,103196,Nippon India ELSS Tax Saver Fund - Regular Plan - Growth Option,2025-11-18,131.9073
Nippon India ELSS Tax Saver Fund,103196,Nippon India ELSS Tax Saver Fund - Regular Plan - Growth Option,2025-11-19,132.1745
Nippon India ELSS Tax Saver Fund,103196,Nippon India ELSS Tax Saver Fund - Regular Plan - Growth Option,2025-11-20,132.6793
Nippon India ELSS Tax Saver Fund,103196,Nippon India ELSS Tax Saver Fund - Regular Plan - Growth Option,2025-11-21,131.4634
Nippon India ELSS Tax Saver Fund,103196,Nippon India ELSS Tax Saver Fund - Regular Plan - Growth Option,2025-11-24,130.8539
Nippon India ELSS Tax Saver Fund,103196,Nippon India ELSS Tax Saver Fund - Regular Plan - Growth Option,2025-11-25,130.7935
Nippon India ELSS Tax Saver Fund,103196,Nippon India ELSS Tax Saver Fund - Regular Plan - Growth Option,2025-11-26,132.3829
Nippon India ELSS Tax Saver Fund,103196,Nippon India ELSS Tax Saver Fund - Regular Plan - Growth Option,2025-11-27,132.2748
Nippon India ELSS Tax Saver Fund,103196,Nippon India ELSS Tax Saver Fund - Regular Plan - Growth Option,2025-11-28,132.2234
Nippon India ELSS Tax Saver Fund,103196,Nippon India ELSS Tax Saver Fund - Regular Plan - Growth Option,2025-12-01,132.2255
Nippon India ELSS Tax Saver Fund,103196,Nippon India ELSS Tax Saver Fund - Regular Plan - Growth Option,2025-12-02,131.8017
Nippon India ELSS Tax Saver Fund,103196,Nippon India ELSS Tax Saver Fund - Regular Plan - Growth Option,2025-12-03,131.1927
Nippon India ELSS Tax Saver Fund,103196,Nippon India ELSS Tax Saver Fund - Regular Plan - Growth Option,2025-12-04,131.2066
Nippon India ELSS Tax Saver Fund,103196,Nippon India ELSS Tax Saver Fund - Regular Plan - Growth Option,2025-12-05,131.5984
Nippon India ELSS Tax Saver Fund,103196,Nippon India ELSS Tax Saver Fund - Regular Plan - Growth Option,2025-12-08,129.9589
Nippon India ELSS Tax Saver Fund,103196,Nippon India ELSS Tax Saver Fund - Regular Plan - Growth Option,2025-12-09,130.2661
Nippon India ELSS Tax Saver Fund,103196,Nippon India ELSS Tax Saver Fund - Regular Plan - Growth Option,2025-12-10,129.5936
Nippon India ELSS Tax Saver Fund,103196,Nippon India ELSS Tax Saver Fund - Regular Plan - Growth Option,2025-12-11,130.3669
Nippon India ELSS Tax Saver Fund,103196,Nippon India ELSS Tax Saver Fund - Regular Plan - Growth Option,2025-12-12,131.1925
Nippon India ELSS Tax Saver Fund,103196,Nippon India ELSS Tax Saver Fund - Regular Plan - Growth Option,2025-12-15,131.0028
Nippon India ELSS Tax Saver Fund,103196,Nippon India ELSS Tax Saver Fund - Regular Plan - Growth Option,2025-12-16,129.8072
Nippon India ELSS Tax Saver Fund,103196,Nippon India ELSS Tax Saver Fund - Regular Plan - Growth Option,2025-12-17,129.2032
Nippon India ELSS Tax Saver Fund,103196,Nippon India ELSS Tax Saver Fund - Regular Plan - Growth Option,2025-12-18,129.145
Nippon India ELSS Tax Saver Fund,103196,Nippon India ELSS Tax Saver Fund - Regular Plan - Growth Option,2025-12-19,130.3333
Nippon India ELSS Tax Saver Fund,103196,Nippon India ELSS Tax Saver Fund - Regular Plan - Growth Option,2025-12-22,131.1112
Nippon India ELSS Tax Saver Fund,103196,Nippon India ELSS Tax Saver Fund - Regular Plan - Growth Option,2025-12-23,131.3129
Nippon India ELSS Tax Saver Fund,103196,Nippon India ELSS Tax Saver Fund - Regular Plan - Growth Option,2025-12-24,130.942
Nippon India ELSS Tax Saver Fund,103196,Nippon India ELSS Tax Saver Fund - Regular Plan - Growth Option,2025-12-26,130.4912
Nippon India ELSS Tax Saver Fund,103196,Nippon India ELSS Tax Saver Fund - Regular Plan - Growth Option,2025-12-29,129.957
Nippon India ELSS Tax Saver Fund,103196,Nippon India ELSS Tax Saver Fund - Regular Plan - Growth Option,2025-12-30,129.6487
Nippon India ELSS Tax Saver Fund,103196,Nippon India ELSS Tax Saver Fund - Regular Plan - Growth Option,2025-12-31,130.5616
Nippon India ELSS Tax Saver Fund,103196,Nippon India ELSS Tax Saver Fund - Regular Plan - Growth Option,2026-01-01,130.8556
Nippon India ELSS Tax Saver Fund,103196,Nippon India ELSS Tax Saver Fund - Regular Plan - Growth Option,2026-01-02,132.12
Nippon India ELSS Tax Saver Fund,103196,Nippon India ELSS Tax Saver Fund - Regular Plan - Growth Option,2026-01-05,132.093
Nippon India ELSS Tax Saver Fund,103196,Nippon India ELSS Tax Saver Fund - Regular Plan - Growth Option,2026-01-06,132.2353
Nippon India ELSS Tax Saver Fund,103196,Nippon India ELSS Tax Saver Fund - Regular Plan - Growth Option,2026-01-07,132.5315
Nippon India ELSS Tax Saver Fund,103196,Nippon India ELSS Tax Saver Fund - Regular Plan - Growth Option,2026-01-08,130.8038
Nippon India ELSS Tax Saver Fund,103196,Nippon India ELSS Tax Saver Fund - Regular Plan - Growth Option,2026-01-09,129.1204
Nippon India ELSS Tax Saver Fund,103196,Nippon India ELSS Tax Saver Fund - Regular Plan - Growth Option,2026-01-12,129.306
Nippon India ELSS Tax Saver Fund,103196,Nippon India ELSS Tax Saver Fund - Regular Plan - Growth Option,2026-01-13,129.4446
Nippon India ELSS Tax Saver Fund,103196,Nippon India ELSS Tax Saver Fund - Regular Plan - Growth Option,2026-01-14,129.6713
Nippon India ELSS Tax Saver Fund,103196,Nippon India ELSS Tax Saver Fund - Regular Plan - Growth Option,2026-01-16,129.6895
Nippon India ELSS Tax Saver Fund,103196,Nippon India ELSS Tax Saver Fund - Regular Plan - Growth Option,2026-01-19,128.6977
Nippon India ELSS Tax Saver Fund,103196,Nippon India ELSS Tax Saver Fund - Regular Plan - Growth Option,2026-01-20,126.3536
Nippon India ELSS Tax Saver Fund,103196,Nippon India ELSS Tax Saver Fund - Regular Plan - Growth Option,2026-01-21,125.7681
Nippon India ELSS Tax Saver Fund,103196,Nippon India ELSS Tax Saver Fund - Regular Plan - Growth Option,2026-01-22,126.6885
Nippon India ELSS Tax Saver Fund,103196,Nippon India ELSS Tax Saver Fund - Regular Plan - Growth Option,2026-01-23,124.7718
Nippon India ELSS Tax Saver Fund,103196,Nippon India ELSS Tax Saver Fund - Regular Plan - Growth Option,2026-01-27,125.4749
Nippon India ELSS Tax Saver Fund,103196,Nippon India ELSS Tax Saver Fund - Regular Plan - Growth Option,2026-01-28,126.8957
Nippon India ELSS Tax Saver Fund,103196,Nippon India ELSS Tax Saver Fund - Regular Plan - Growth Option,2026-01-29,127.705
Nippon India ELSS Tax Saver Fund,103196,Nippon India ELSS Tax Saver Fund - Regular Plan - Growth Option,2026-01-30,127.8483
Nippon India ELSS Tax Saver Fund,103196,Nippon India ELSS Tax Saver Fund - Regular Plan - Growth Option,2026-02-02,126.6672
Nippon India ELSS Tax Saver Fund,103196,Nippon India ELSS Tax Saver Fund - Regular Plan - Growth Option,2026-02-03,130.0552
Nippon India ELSS Tax Saver Fund,103196,Nippon India ELSS Tax Saver Fund - Regular Plan - Growth Option,2026-02-04,130.9408
Nippon India ELSS Tax Saver Fund,103196,Nippon India ELSS Tax Saver Fund - Regular Plan - Growth Option,2026-02-05,130.0601
Nippon India ELSS Tax Saver Fund,103196,Nippon India ELSS Tax Saver Fund - Regular Plan - Growth Option,2026-02-06,129.8262
Nippon India ELSS Tax Saver Fund,103196,Nippon India ELSS Tax Saver Fund - Regular Plan - Growth Option,2026-02-09,131.5392
Nippon India ELSS Tax Saver Fund,103196,Nippon India ELSS Tax Saver Fund - Regular Plan - Growth Option,2026-02-10,132.181
Nippon India ELSS Tax Saver Fund,103196,Nippon India ELSS Tax Saver Fund - Regular Plan - Growth Option,2026-02-11,132.6821
Nippon India ELSS Tax Saver Fund,103196,Nippon India ELSS Tax Saver Fund - Regular Plan - Growth Option,2026-02-12,132.1068
Nippon India ELSS Tax Saver Fund,103196,Nippon India ELSS Tax Saver Fund - Regular Plan - Growth Option,2026-02-13,130.5084
Nippon India ELSS Tax Saver Fund,103196,Nippon India ELSS Tax Saver Fund - Regular Plan - Growth Option,2026-02-16,131.3749
Nippon India ELSS Tax Saver Fund,103196,Nippon India ELSS Tax Saver Fund - Regular Plan - Growth Option,2026-02-17,131.7955
Nippon India ELSS Tax Saver Fund,103196,Nippon India ELSS Tax Saver Fund - Regular Plan - Growth Option,2026-02-18,132.4066
Nippon India ELSS Tax Saver Fund,103196,Nippon India ELSS Tax Saver Fund - Regular Plan - Growth Option,2026-02-19,130.3345
Nippon India ELSS Tax Saver Fund,103196,Nippon India ELSS Tax Saver Fund - Regular Plan - Growth Option,2026-02-20,130.5846
Nippon India ELSS Tax Saver Fund,103196,Nippon India ELSS Tax Saver Fund - Regular Plan - Growth Option,2026-02-23,131.264
Nippon India ELSS Tax Saver Fund,103196,Nippon India ELSS Tax Saver Fund - Regular Plan - Growth Option,2026-02-24,130.3326
Nippon India ELSS Tax Saver Fund,103196,Nippon India ELSS Tax Saver Fund - Regular Plan - Growth Option,2026-02-25,131.0021
Nippon India ELSS Tax Saver Fund,103196,Nippon India ELSS Tax Saver Fund - Regular Plan - Growth Option,2026-02-26,131.2937
Nippon India ELSS Tax Saver Fund,103196,Nippon India ELSS Tax Saver Fund - Regular Plan - Growth Option,2026-02-27,129.745
Nippon India ELSS Tax Saver Fund,103196,Nippon India ELSS Tax Saver Fund - Regular Plan - Growth Option,2026-03-02,127.6554
Nippon India ELSS Tax Saver Fund,103196,Nippon India ELSS Tax Saver Fund - Regular Plan - Growth Option,2026-03-04,125.5912
Nippon India ELSS Tax Saver Fund,103196,Nippon India ELSS Tax Saver Fund - Regular Plan - Growth Option,2026-03-05,127.1419
Nippon India ELSS Tax Saver Fund,103196,Nippon India ELSS Tax Saver Fund - Regular Plan - Growth Option,2026-03-06,126.0604
Nippon India ELSS Tax Saver Fund,103196,Nippon India ELSS Tax Saver Fund - Regular Plan - Growth Option,2026-03-09,123.94
Nippon India ELSS Tax Saver Fund,103196,Nippon India ELSS Tax Saver Fund - Regular Plan - Growth Option,2026-03-10,125.8936
Nippon India ELSS Tax Saver Fund,103196,Nippon India ELSS Tax Saver Fund - Regular Plan - Growth Option,2026-03-11,124.7736
Nippon India ELSS Tax Saver Fund,103196,Nippon India ELSS Tax Saver Fund - Regular Plan - Growth Option,2026-03-12,124.3985
Nippon India ELSS Tax Saver Fund,103196,Nippon India ELSS Tax Saver Fund - Regular Plan - Growth Option,2026-03-13,121.7225
Nippon India ELSS Tax Saver Fund,103196,Nippon India ELSS Tax Saver Fund - Regular Plan - Growth Option,2026-03-16,122.3615
Nippon India ELSS Tax Saver Fund,103196,Nippon India ELSS Tax Saver Fund - Regular Plan - Growth Option,2026-03-17,123.2073
Nippon India ELSS Tax Saver Fund,103196,Nippon India ELSS Tax Saver Fund - Regular Plan - Growth Option,2026-03-18,124.5787
Nippon India ELSS Tax Saver Fund,103196,Nippon India ELSS Tax Saver Fund - Regular Plan - Growth Option,2026-03-19,120.896
Nippon India ELSS Tax Saver Fund,103196,Nippon India ELSS Tax Saver Fund - Regular Plan - Growth Option,2026-03-20,121.2738
Nippon India ELSS Tax Saver Fund,103196,Nippon India ELSS Tax Saver Fund - Regular Plan - Growth Option,2026-03-23,117.6466
Nippon India ELSS Tax Saver Fund,103196,Nippon India ELSS Tax Saver Fund - Regular Plan - Growth Option,2026-03-24,119.8144
Nippon India ELSS Tax Saver Fund,103196,Nippon India ELSS Tax Saver Fund - Regular Plan - Growth Option,2026-03-25,122.0761
Nippon India ELSS Tax Saver Fund,103196,Nippon India ELSS Tax Saver Fund - Regular Plan - Growth Option,2026-03-27,119.6399
Nippon India ELSS Tax Saver Fund,103196,Nippon India ELSS Tax Saver Fund - Regular Plan - Growth Option,2026-03-30,116.7905
Nippon India ELSS Tax Saver Fund,103196,Nippon India ELSS Tax Saver Fund - Regular Plan - Growth Option,2026-03-31,116.7852
Nippon India ELSS Tax Saver Fund,103196,Nippon India ELSS Tax Saver Fund - Regular Plan - Growth Option,2026-04-01,119.1289
Nippon India ELSS Tax Saver Fund,103196,Nippon India ELSS Tax Saver Fund - Regular Plan - Growth Option,2026-04-02,119.1494
Nippon India ELSS Tax Saver Fund,103196,Nippon India ELSS Tax Saver Fund - Regular Plan - Growth Option,2026-04-06,120.3922
Nippon India ELSS Tax Saver Fund,103196,Nippon India ELSS Tax Saver Fund - Regular Plan - Growth Option,2026-04-07,120.6233
Nippon India ELSS Tax Saver Fund,103196,Nippon India ELSS Tax Saver Fund - Regular Plan - Growth Option,2026-04-08,125.0248
Nippon India ELSS Tax Saver Fund,103196,Nippon India ELSS Tax Saver Fund - Regular Plan - Growth Option,2026-04-09,124.4787
Nippon India ELSS Tax Saver Fund,103196,Nippon India ELSS Tax Saver Fund - Regular Plan - Growth Option,2026-04-10,126.2848
Nippon India ELSS Tax Saver Fund,103196,Nippon India ELSS Tax Saver Fund - Regular Plan - Growth Option,2026-04-13,125.8586
Nippon India ELSS Tax Saver Fund,103196,Nippon India ELSS Tax Saver Fund - Regular Plan - Growth Option,2026-04-15,128.1276
Nippon India ELSS Tax Saver Fund,103196,Nippon India ELSS Tax Saver Fund - Regular Plan - Growth Option,2026-04-16,128.6355
Nippon India ELSS Tax Saver Fund,103196,Nippon India ELSS Tax Saver Fund - Regular Plan - Growth Option,2026-04-17,130.2002
Nippon India ELSS Tax Saver Fund,103196,Nippon India ELSS Tax Saver Fund - Regular Plan - Growth Option,2026-04-20,130.4932
Nippon India ELSS Tax Saver Fund,103196,Nippon India ELSS Tax Saver Fund - Regular Plan - Growth Option,2026-04-21,131.191
Nippon India ELSS Tax Saver Fund,103196,Nippon India ELSS Tax Saver Fund - Regular Plan - Growth Option,2026-04-22,131.3597
Nippon India ELSS Tax Saver Fund,103196,Nippon India ELSS Tax Saver Fund - Regular Plan - Growth Option,2026-04-23,130.0154
Nippon India ELSS Tax Saver Fund,103196,Nippon India ELSS Tax Saver Fund - Regular Plan - Growth Option,2026-04-24,128.8035
Nippon India ELSS Tax Saver Fund,103196,Nippon India ELSS Tax Saver Fund - Regular Plan - Growth Option,2026-04-27,130.2564
Nippon India ELSS Tax Saver Fund,103196,Nippon India ELSS Tax Saver Fund - Regular Plan - Growth Option,2026-04-28,129.8086
Nippon India ELSS Tax Saver Fund,103196,Nippon India ELSS Tax Saver Fund - Regular Plan - Growth Option,2026-04-29,129.9035
Nippon India ELSS Tax Saver Fund,103196,Nippon India ELSS Tax Saver Fund - Regular Plan - Growth Option,2026-04-30,128.6298
Nippon India ELSS Tax Saver Fund,103196,Nippon India ELSS Tax Saver Fund - Regular Plan - Growth Option,2026-05-04,129.006
Nippon India ELSS Tax Saver Fund,103196,Nippon India ELSS Tax Saver Fund - Regular Plan - Growth Option,2026-05-05,128.488
Nippon India ELSS Tax Saver Fund,103196,Nippon India ELSS Tax Saver Fund - Regular Plan - Growth Option,2026-05-06,130.2384
Nippon India ELSS Tax Saver Fund,103196,Nippon India ELSS Tax Saver Fund - Regular Plan - Growth Option,2026-05-07,130.8526
Nippon India ELSS Tax Saver Fund,103196,Nippon India ELSS Tax Saver Fund - Regular Plan - Growth Option,2026-05-08,130.2135
Nippon India ELSS Tax Saver Fund,103196,Nippon India ELSS Tax Saver Fund - Regular Plan - Growth Option,2026-05-11,128.8504
Nippon India ELSS Tax Saver Fund,103196,Nippon India ELSS Tax Saver Fund - Regular Plan - Growth Option,2026-05-12,126.0836
Nippon India ELSS Tax Saver Fund,103196,Nippon India ELSS Tax Saver Fund - Regular Plan - Growth Option,2026-05-13,126.2763
Nippon India ELSS Tax Saver Fund,103196,Nippon India ELSS Tax Saver Fund - Regular Plan - Growth Option,2026-05-14,127.8446
Nippon India ELSS Tax Saver Fund,103196,Nippon India ELSS Tax Saver Fund - Regular Plan - Growth Option,2026-05-15,127.9342
Nippon India ELSS Tax Saver Fund,103196,Nippon India ELSS Tax Saver Fund - Regular Plan - Growth Option,2026-05-18,127.6578
Nippon India ELSS Tax Saver Fund,103196,Nippon India ELSS Tax Saver Fund - Regular Plan - Growth Option,2026-05-19,128.4039
Nippon India ELSS Tax Saver Fund,103196,Nippon India ELSS Tax Saver Fund - Regular Plan - Growth Option,2026-05-20,128.524
Nippon India ELSS Tax Saver Fund,103196,Nippon India ELSS Tax Saver Fund - Regular Plan - Growth Option,2026-05-21,128.7503
Nippon India ELSS Tax Saver Fund,103196,Nippon India ELSS Tax Saver Fund - Regular Plan - Growth Option,2026-05-22,129.2549
Nippon India ELSS Tax Saver Fund,103196,Nippon India ELSS Tax Saver Fund - Regular Plan - Growth Option,2026-05-25,130.384
Nippon India ELSS Tax Saver Fund,103196,Nippon India ELSS Tax Saver Fund - Regular Plan - Growth Option,2026-05-26,130.0385
Nippon India ELSS Tax Saver Fund,103196,Nippon India ELSS Tax Saver Fund - Regular Plan - Growth Option,2026-05-27,130.3481
Nippon India ELSS Tax Saver Fund,103196,Nippon India ELSS Tax Saver Fund - Regular Plan - Growth Option,2026-05-29,128.7359
Nippon India ELSS Tax Saver Fund,103196,Nippon India ELSS Tax Saver Fund - Regular Plan - Growth Option,2026-06-01,127.2999
Nippon India ELSS Tax Saver Fund,103196,Nippon India ELSS Tax Saver Fund - Regular Plan - Growth Option,2026-06-02,127.4882
Nippon India ELSS Tax Saver Fund,103196,Nippon India ELSS Tax Saver Fund - Regular Plan - Growth Option,2026-06-03,127.3425
Nippon India ELSS Tax Saver Fund,103196,Nippon India ELSS Tax Saver Fund - Regular Plan - Growth Option,2026-06-04,127.6733
Nippon India ELSS Tax Saver Fund,103196,Nippon India ELSS Tax Saver Fund - Regular Plan - Growth Option,2026-06-05,127.5362
Nippon India ELSS Tax Saver Fund,103196,Nippon India ELSS Tax Saver Fund - Regular Plan - Growth Option,2026-06-08,126.0193
Nippon India ELSS Tax Saver Fund,103196,Nippon India ELSS Tax Saver Fund - Regular Plan - Growth Option,2026-06-09,127.2304
Nippon India ELSS Tax Saver Fund,103196,Nippon India ELSS Tax Saver Fund - Regular Plan - Growth Option,2026-06-10,126.412
Nippon India ELSS Tax Saver Fund,103196,Nippon India ELSS Tax Saver Fund - Regular Plan - Growth Option,2026-06-11,125.6
Nippon India ELSS Tax Saver Fund,103196,Nippon India ELSS Tax Saver Fund - Regular Plan - Growth Option,2026-06-12,128.0319
Nippon India ELSS Tax Saver Fund,103196,Nippon India ELSS Tax Saver Fund - Regular Plan - Growth Option,2026-06-15,129.2091
Nippon India ELSS Tax Saver Fund,103196,Nippon India ELSS Tax Saver Fund - Regular Plan - Growth Option,2026-06-16,129.9289
Nippon India ELSS Tax Saver Fund,103196,Nippon India ELSS Tax Saver Fund - Regular Plan - Growth Option,2026-06-17,130.5128
Nippon India ELSS Tax Saver Fund,103196,Nippon India ELSS Tax Saver Fund - Regular Plan - Growth Option,2026-06-18,131.2539
Nippon India ELSS Tax Saver Fund,103196,Nippon India ELSS Tax Saver Fund - Regular Plan - Growth Option,2026-06-19,131.2253
Nippon India ELSS Tax Saver Fund,103196,Nippon India ELSS Tax Saver Fund - Regular Plan - Growth Option,2026-06-22,132.1179
Nippon India ELSS Tax Saver Fund,103196,Nippon India ELSS Tax Saver Fund - Regular Plan - Growth Option,2026-06-23,130.7107
Nippon India ELSS Tax Saver Fund,103196,Nippon India ELSS Tax Saver Fund - Regular Plan - Growth Option,2026-06-24,131.2578
Nippon India ELSS Tax Saver Fund,103196,Nippon India ELSS Tax Saver Fund - Regular Plan - Growth Option,2026-06-25,131.2407
Nippon India ELSS Tax Saver Fund,103196,Nippon India ELSS Tax Saver Fund - Regular Plan - Growth Option,2026-06-29,130.7916
Nippon India ELSS Tax Saver Fund,103196,Nippon India ELSS Tax Saver Fund - Regular Plan - Growth Option,2026-06-30,130.7897
Nippon India ELSS Tax Saver Fund,103196,Nippon India ELSS Tax Saver Fund - Regular Plan - Growth Option,2026-07-01,131.275
Nippon India ELSS Tax Saver Fund,103196,Nippon India ELSS Tax Saver Fund - Regular Plan - Growth Option,2026-07-02,131.9243
Nippon India ELSS Tax Saver Fund,103196,Nippon India ELSS Tax Saver Fund - Regular Plan - Growth Option,2026-07-03,131.5825
Nippon India ELSS Tax Saver Fund,103196,Nippon India ELSS Tax Saver Fund - Regular Plan - Growth Option,2026-07-06,132.3079
Nippon India ELSS Tax Saver Fund,103196,Nippon India ELSS Tax Saver Fund - Regular Plan - Growth Option,2026-07-07,132.0242
Nippon India ELSS Tax Saver Fund,103196,Nippon India ELSS Tax Saver Fund - Regular Plan - Growth Option,2026-07-08,129.6879
Nippon India ELSS Tax Saver Fund,103196,Nippon India ELSS Tax Saver Fund - Regular Plan - Growth Option,2026-07-09,130.4831
Nippon India ELSS Tax Saver Fund,103196,Nippon India ELSS Tax Saver Fund - Regular Plan - Growth Option,2026-07-10,131.8201
Nippon India ELSS Tax Saver Fund,103196,Nippon India ELSS Tax Saver Fund - Regular Plan - Growth Option,2026-07-13,131.6861
Nippon India ELSS Tax Saver Fund,103196,Nippon India ELSS Tax Saver Fund - Regular Plan - Growth Option,2026-07-14,131.1792
Nippon India ELSS Tax Saver Fund,103196,Nippon India ELSS Tax Saver Fund - Regular Plan - Growth Option,2026-07-15,131.3268
Nippon India ELSS Tax Saver Fund,103196,Nippon India ELSS Tax Saver Fund - Regular Plan - Growth Option,2026-07-16,130.8973
Nippon India ELSS Tax Saver Fund,103196,Nippon India ELSS Tax Saver Fund - Regular Plan - Growth Option,2026-07-17,131.1033
Nippon India ELSS Tax Saver Fund,103196,Nippon India ELSS Tax Saver Fund - Regular Plan - Growth Option,2026-07-20,131.1681
Nippon India ELSS Tax Saver Fund,103196,Nippon India ELSS Tax Saver Fund - Regular Plan - Growth Option,2026-07-21,131.0916
Nippon India ELSS Tax Saver Fund,103196,Nippon India ELSS Tax Saver Fund - Regular Plan - Growth Option,2026-07-22,130.0625
Nippon India ELSS Tax Saver Fund,103196,Nippon India ELSS Tax Saver Fund - Regular Plan - Growth Option,2026-07-23,129.3985
Nippon India ELSS Tax Saver Fund,103196,Nippon India ELSS Tax Saver Fund - Regular Plan - Growth Option,2026-07-24,129.2642
Nippon India ELSS Tax Saver Fund,103196,Nippon India ELSS Tax Saver Fund - Regular Plan - Growth Option,2026-07-27,130.5846
Nippon India ELSS Tax Saver Fund,103196,Nippon India ELSS Tax Saver Fund - Regular Plan - Growth Option,2026-07-28,130.0468
Nippon India ELSS Tax Saver Fund,103196,Nippon India ELSS Tax Saver Fund - Regular Plan - Growth Option,2026-07-29,131.3176
Nippon India ELSS Tax Saver Fund,103196,Nippon India ELSS Tax Saver Fund - Regular Plan - Growth Option,2026-07-30,131.3721
Nippon India ELSS Tax Saver Fund,103196,Nippon India ELSS Tax Saver Fund - Regular Plan - Growth Option,2026-07-31,131.672
Nippon India ELSS Tax Saver Fund,103196,Nippon India ELSS Tax Saver Fund - Regular Plan - Growth Option,2026-08-03,133.9126
Nippon India ELSS Tax Saver Fund,103196,Nippon India ELSS Tax Saver Fund - Regular Plan - Growth Option,2026-08-04,133.0537
Nippon India ELSS Tax Saver Fund,103196,Nippon India ELSS Tax Saver Fund - Regular Plan - Growth Option,2026-08-05,133.0316
Nippon India ELSS Tax Saver Fund,103196,Nippon India ELSS Tax Saver Fund - Regular Plan - Growth Option,2026-08-06,133.1817
Nippon India ELSS Tax Saver Fund,103196,Nippon India ELSS Tax Saver Fund - Regular Plan - Growth Option,2026-08-07,133.1596
Nippon India ELSS Tax Saver Fund,103196,Nippon India ELSS Tax Saver Fund - Regular Plan - Growth Option,2026-08-10,132.9366
Nippon India ELSS Tax Saver Fund,103196,Nippon India ELSS Tax Saver Fund - Regular Plan - Growth Option,2026-08-11,133.176
Nippon India ELSS Tax Saver Fund,103196,Nippon India ELSS Tax Saver Fund - Regular Plan - Growth Option,2026-08-12,132.7979
Nippon India ELSS Tax Saver Fund,103196,Nippon India ELSS Tax Saver Fund - Regular Plan - Growth Option,2026-08-13,132.7099
Nippon India ELSS Tax Saver Fund,103196,Nippon India ELSS Tax Saver Fund - Regular Plan - Growth Option,2026-08-14,132.5567
Nippon India ELSS Tax Saver Fund,103196,Nippon India ELSS Tax Saver Fund - Regular Plan - Growth Option,2026-08-17,132.1344
Nippon India ELSS Tax Saver Fund,103196,Nippon India ELSS Tax Saver Fund - Regular Plan - Growth Option,2026-08-18,131.7602
Nippon India ELSS Tax Saver Fund,103196,Nippon India ELSS Tax Saver Fund - Regular Plan - Growth Option,2026-08-19,131.3237
Nippon India ELSS Tax Saver Fund,103196,Nippon India ELSS Tax Saver Fund - Regular Plan - Growth Option,2026-08-20,131.597
Nippon India ELSS Tax Saver Fund,103196,Nippon India ELSS Tax Saver Fund - Regular Plan - Growth Option,2026-08-21,131.4796
Nippon India ELSS Tax Saver Fund,103196,Nippon India ELSS Tax Saver Fund - Regular Plan - Growth Option,2026-08-24,131.1101
Nippon India ELSS Tax Saver Fund,103196,Nippon India ELSS Tax Saver Fund - Regular Plan - Growth Option,2026-08-25,131.6391
Nippon India ELSS Tax Saver Fund,103196,Nippon India ELSS Tax Saver Fund - Regular Plan - Growth Option,2026-08-26,131.2429
Nippon India ELSS Tax Saver Fund,103196,Nippon India ELSS Tax Saver Fund - Regular Plan - Growth Option,2026-08-27,130.6513
Nippon India ELSS Tax Saver Fund,103196,Nippon India ELSS Tax Saver Fund - Regular Plan - Growth Option,2026-08-28,130.7415
Nippon India ELSS Tax Saver Fund,103196,Nippon India ELSS Tax Saver Fund - Regular Plan - Growth Option,2026-08-31,130.6422
Nippon India ELSS Tax Saver Fund,103196,Nippon India ELSS Tax Saver Fund - Regular Plan - Growth Option,2026-09-01,129.944
Nippon India ELSS Tax Saver Fund,103196,Nippon India ELSS Tax Saver Fund - Regular Plan - Growth Option,2026-09-02,129.4079
Nippon India ELSS Tax Saver Fund,103196,Nippon India ELSS Tax Saver Fund - Regular Plan - Growth Option,2026-09-03,129.7305
Nippon India ELSS Tax Saver Fund,103196,Nippon India ELSS Tax Saver Fund - Regular Plan - Growth Option,2026-09-04,129.9754
Nippon India ELSS Tax Saver Fund,103196,Nippon India ELSS Tax Saver Fund - Regular Plan - Growth Option,2026-09-07,129.5509
Nippon India ELSS Tax Saver Fund,103196,Nippon India ELSS Tax Saver Fund - Regular Plan - Growth Option,2026-09-08,129.465
Nippon India ELSS Tax Saver Fund,103196,Nippon India ELSS Tax Saver Fund - Regular Plan - Growth Option,2026-09-09,128.6829
Nippon India ELSS Tax Saver Fund,103196,Nippon India ELSS Tax Saver Fund - Regular Plan - Growth Option,2026-09-10,128.5654
Nippon India ELSS Tax Saver Fund,103196,Nippon India ELSS Tax Saver Fund - Regular Plan - Growth Option,2026-09-11,128.4111
Nippon India ELSS Tax Saver Fund,103196,Nippon India ELSS Tax Saver Fund - Regular Plan - Growth Option,2026-09-15,126.3858
Nippon India ELSS Tax Saver Fund,103196,Nippon India ELSS Tax Saver Fund - Regular Plan - Growth Option,2026-09-16,126.8604
Nippon India ELSS Tax Saver Fund,103196,Nippon India ELSS Tax Saver Fund - Regular Plan - Growth Option,2026-09-17,127.5863
Nippon India ELSS Tax Saver Fund,103196,Nippon India ELSS Tax Saver Fund - Regular Plan - Growth Option,2026-09-18,128.486
Nippon India ELSS Tax Saver Fund,103196,Nippon India ELSS Tax Saver Fund - Regular Plan - Growth Option,2026-09-21,128.793
Nippon India ELSS Tax Saver Fund,103196,Nippon India ELSS Tax Saver Fund - Regular Plan - Growth Option,2026-09-22,128.6516
Nippon India ELSS Tax Saver Fund,103196,Nippon India ELSS Tax Saver Fund - Regular Plan - Growth Option,2026-09-23,129.4095
Nippon India ELSS Tax Saver Fund,103196,Nippon India ELSS Tax Saver Fund - Regular Plan - Growth Option,2026-09-24,127.5925
Nippon India ELSS Tax Saver Fund,103196,Nippon India ELSS Tax Saver Fund - Regular Plan - Growth Option,2026-09-25,128.1098
Nippon India ELSS Tax Saver Fund,103196,Nippon India ELSS Tax Saver Fund - Regular Plan - Growth Option,2026-09-28,126.123
Nippon India ELSS Tax Saver Fund,103196,Nippon India ELSS Tax Saver Fund - Regular Plan - Growth Option,2026-09-29,125.5221
Nippon India ELSS Tax Saver Fund,103196,Nippon India ELSS Tax Saver Fund - Regular Plan - Growth Option,2026-09-30,125.6013
Nippon India ELSS Tax Saver Fund,103196,Nippon India ELSS Tax Saver Fund - Regular Plan - Growth Option,2026-10-01,124.4087
Kotak Flexicap Fund,120166,Kotak Flexi Cap Fund - Direct Plan - Growth,2025-01-01,89.499
Kotak Flexicap Fund,120166,Kotak Flexi Cap Fund - Direct Plan - Growth,2025-01-02,90.628
Kotak Flexicap Fund,120166,Kotak Flexi Cap Fund - Direct Plan - Growth,2025-01-03,89.983
Kotak Flexicap Fund,120166,Kotak Flexi Cap Fund - Direct Plan - Growth,2025-01-06,88.296
Kotak Flexicap Fund,120166,Kotak Flexi Cap Fund - Direct Plan - Growth,2025-01-07,88.578
Kotak Flexicap Fund,120166,Kotak Flexi Cap Fund - Direct Plan - Growth,2025-01-08,88.025
Kotak Flexicap Fund,120166,Kotak Flexi Cap Fund - Direct Plan - Growth,2025-01-09,87.835
Kotak Flexicap Fund,120166,Kotak Flexi Cap Fund - Direct Plan - Growth,2025-01-10,86.911
Kotak Flexicap Fund,120166,Kotak Flexi Cap Fund - Direct Plan - Growth,2025-01-13,84.8
Kotak Flexicap Fund,120166,Kotak Flexi Cap Fund - Direct Plan - Growth,2025-01-14,85.636
Kotak Flexicap Fund,120166,Kotak Flexi Cap Fund - Direct Plan - Growth,2025-01-15,86.092
Kotak Flexicap Fund,120166,Kotak Flexi Cap Fund - Direct Plan - Growth,2025-01-16,86.911
Kotak Flexicap Fund,120166,Kotak Flexi Cap Fund - Direct Plan - Growth,2025-01-17,86.65
Kotak Flexicap Fund,120166,Kotak Flexi Cap Fund - Direct Plan - Growth,2025-01-20,87.086
Kotak Flexicap Fund,120166,Kotak Flexi Cap Fund - Direct Plan - Growth,2025-01-21,85.684
Kotak Flexicap Fund,120166,Kotak Flexi Cap Fund - Direct Plan - Growth,2025-01-22,85.373
Kotak Flexicap Fund,120166,Kotak Flexi Cap Fund - Direct Plan - Growth,2025-01-23,86.02
Kotak Flexicap Fund,120166,Kotak Flexi Cap Fund - Direct Plan - Growth,2025-01-24,85.317
Kotak Flexicap Fund,120166,Kotak Flexi Cap Fund - Direct Plan - Growth,2025-01-27,83.879
Kotak Flexicap Fund,120166,Kotak Flexi Cap Fund - Direct Plan - Growth,2025-01-28,84.09
Kotak Flexicap Fund,120166,Kotak Flexi Cap Fund - Direct Plan - Growth,2025-01-29,85.306
Kotak Flexicap Fund,120166,Kotak Flexi Cap Fund - Direct Plan - Growth,2025-01-30,85.852
Kotak Flexicap Fund,120166,Kotak Flexi Cap Fund - Direct Plan - Growth,2025-01-31,86.909
Kotak Flexicap Fund,120166,Kotak Flexi Cap Fund - Direct Plan - Growth,2025-02-03,85.569
Kotak Flexicap Fund,120166,Kotak Flexi Cap Fund - Direct Plan - Growth,2025-02-04,86.816
Kotak Flexicap Fund,120166,Kotak Flexi Cap Fund - Direct Plan - Growth,2025-02-05,86.935
Kotak Flexicap Fund,120166,Kotak Flexi Cap Fund - Direct Plan - Growth,2025-02-06,86.258
Kotak Flexicap Fund,120166,Kotak Flexi Cap Fund - Direct Plan - Growth,2025-02-07,86.279
Kotak Flexicap Fund,120166,Kotak Flexi Cap Fund - Direct Plan - Growth,2025-02-10,85.543
Kotak Flexicap Fund,120166,Kotak Flexi Cap Fund - Direct Plan - Growth,2025-02-11,84.009
Kotak Flexicap Fund,120166,Kotak Flexi Cap Fund - Direct Plan - Growth,2025-02-12,83.946
Kotak Flexicap Fund,120166,Kotak Flexi Cap Fund - Direct Plan - Growth,2025-02-13,83.894
Kotak Flexicap Fund,120166,Kotak Flexi Cap Fund - Direct Plan - Growth,2025-02-14,82.856
Kotak Flexicap Fund,120166,Kotak Flexi Cap Fund - Direct Plan - Growth,2025-02-17,82.896
Kotak Flexicap Fund,120166,Kotak Flexi Cap Fund - Direct Plan - Growth,2025-02-18,82.811
Kotak Flexicap Fund,120166,Kotak Flexi Cap Fund - Direct Plan - Growth,2025-02-19,83.47
Kotak Flexicap Fund,120166,Kotak Flexi Cap Fund - Direct Plan - Growth,2025-02-20,83.932
Kotak Flexicap Fund,120166,Kotak Flexi Cap Fund - Direct Plan - Growth,2025-02-21,83.382
Kotak Flexicap Fund,120166,Kotak Flexi Cap Fund - Direct Plan - Growth,2025-02-24,82.573
Kotak Flexicap Fund,120166,Kotak Flexi Cap Fund - Direct Plan - Growth,2025-02-25,82.293
Kotak Flexicap Fund,120166,Kotak Flexi Cap Fund - Direct Plan - Growth,2025-02-27,81.997
Kotak Flexicap Fund,120166,Kotak Flexi Cap Fund - Direct Plan - Growth,2025-02-28,80.386
Kotak Flexicap Fund,120166,Kotak Flexi Cap Fund - Direct Plan - Growth,2025-03-03,80.596
Kotak Flexicap Fund,120166,Kotak Flexi Cap Fund - Direct Plan - Growth,2025-03-04,80.943
Kotak Flexicap Fund,120166,Kotak Flexi Cap Fund - Direct Plan - Growth,2025-03-05,82.06
Kotak Flexicap Fund,120166,Kotak Flexi Cap Fund - Direct Plan - Growth,2025-03-06,82.78
Kotak Flexicap Fund,120166,Kotak Flexi Cap Fund - Direct Plan - Growth,2025-03-07,82.811
Kotak Flexicap Fund,120166,Kotak Flexi Cap Fund - Direct Plan - Growth,2025-03-10,82.262
Kotak Flexicap Fund,120166,Kotak Flexi Cap Fund - Direct Plan - Growth,2025-03-11,82.353
Kotak Flexicap Fund,120166,Kotak Flexi Cap Fund - Direct Plan - Growth,2025-03-12,82.189
Kotak Flexicap Fund,120166,Kotak Flexi Cap Fund - Direct Plan - Growth,2025-03-13,81.906
Kotak Flexicap Fund,120166,Kotak Flexi Cap Fund - Direct Plan - Growth,2025-03-17,82.395
Kotak Flexicap Fund,120166,Kotak Flexi Cap Fund - Direct Plan - Growth,2025-03-18,83.748
Kotak Flexicap Fund,120166,Kotak Flexi Cap Fund - Direct Plan - Growth,2025-03-19,84.637
Kotak Flexicap Fund,120166,Kotak Flexi Cap Fund - Direct Plan - Growth,2025-03-20,85.662
Kotak Flexicap Fund,120166,Kotak Flexi Cap Fund - Direct Plan - Growth,2025-03-21,86.227
Kotak Flexicap Fund,120166,Kotak Flexi Cap Fund - Direct Plan - Growth,2025-03-24,87.191
Kotak Flexicap Fund,120166,Kotak Flexi Cap Fund - Direct Plan - Growth,2025-03-25,86.957
Kotak Flexicap Fund,120166,Kotak Flexi Cap Fund - Direct Plan - Growth,2025-03-26,86.262
Kotak Flexicap Fund,120166,Kotak Flexi Cap Fund - Direct Plan - Growth,2025-03-27,87.032
Kotak Flexicap Fund,120166,Kotak Flexi Cap Fund - Direct Plan - Growth,2025-03-28,86.942
Kotak Flexicap Fund,120166,Kotak Flexi Cap Fund - Direct Plan - Growth,2025-03-31,86.939
Kotak Flexicap Fund,120166,Kotak Flexi Cap Fund - Direct Plan - Growth,2025-04-01,85.744
Kotak Flexicap Fund,120166,Kotak Flexi Cap Fund - Direct Plan - Growth,2025-04-02,86.267
Kotak Flexicap Fund,120166,Kotak Flexi Cap Fund - Direct Plan - Growth,2025-04-03,86.163
Kotak Flexicap Fund,120166,Kotak Flexi Cap Fund - Direct Plan - Growth,2025-04-04,84.495
Kotak Flexicap Fund,120166,Kotak Flexi Cap Fund - Direct Plan - Growth,2025-04-07,81.692
Kotak Flexicap Fund,120166,Kotak Flexi Cap Fund - Direct Plan - Growth,2025-04-08,83.21
Kotak Flexicap Fund,120166,Kotak Flexi Cap Fund - Direct Plan - Growth,2025-04-09,82.725
Kotak Flexicap Fund,120166,Kotak Flexi Cap Fund - Direct Plan - Growth,2025-04-11,84.179
Kotak Flexicap Fund,120166,Kotak Flexi Cap Fund - Direct Plan - Growth,2025-04-15,86.482
Kotak Flexicap Fund,120166,Kotak Flexi Cap Fund - Direct Plan - Growth,2025-04-16,86.765
Kotak Flexicap Fund,120166,Kotak Flexi Cap Fund - Direct Plan - Growth,2025-04-17,88.009
Kotak Flexicap Fund,120166,Kotak Flexi Cap Fund - Direct Plan - Growth,2025-04-21,89.361
Kotak Flexicap Fund,120166,Kotak Flexi Cap Fund - Direct Plan - Growth,2025-04-22,89.626
Kotak Flexicap Fund,120166,Kotak Flexi Cap Fund - Direct Plan - Growth,2025-04-23,90.293
Kotak Flexicap Fund,120166,Kotak Flexi Cap Fund - Direct Plan - Growth,2025-04-24,90.2
Kotak Flexicap Fund,120166,Kotak Flexi Cap Fund - Direct Plan - Growth,2025-04-25,88.828
Kotak Flexicap Fund,120166,Kotak Flexi Cap Fund - Direct Plan - Growth,2025-04-28,89.958
Kotak Flexicap Fund,120166,Kotak Flexi Cap Fund - Direct Plan - Growth,2025-04-29,90.149
Kotak Flexicap Fund,120166,Kotak Flexi Cap Fund - Direct Plan - Growth,2025-04-30,89.937
Kotak Flexicap Fund,120166,Kotak Flexi Cap Fund - Direct Plan - Growth,2025-05-02,89.843
Kotak Flexicap Fund,120166,Kotak Flexi Cap Fund - Direct Plan - Growth,2025-05-05,90.337
Kotak Flexicap Fund,120166,Kotak Flexi Cap Fund - Direct Plan - Growth,2025-05-06,89.574
Kotak Flexicap Fund,120166,Kotak Flexi Cap Fund - Direct Plan - Growth,2025-05-07,90.14
Kotak Flexicap Fund,120166,Kotak Flexi Cap Fund - Direct Plan - Growth,2025-05-08,89.186
Kotak Flexicap Fund,120166,Kotak Flexi Cap Fund - Direct Plan - Growth,2025-05-09,88.986
Kotak Flexicap Fund,120166,Kotak Flexi Cap Fund - Direct Plan - Growth,2025-05-12,91.951
Kotak Flexicap Fund,120166,Kotak Flexi Cap Fund - Direct Plan - Growth,2025-05-13,91.447
Kotak Flexicap Fund,120166,Kotak Flexi Cap Fund - Direct Plan - Growth,2025-05-14,92.075
Kotak Flexicap Fund,120166,Kotak Flexi Cap Fund - Direct Plan - Growth,2025-05-15,93.341
Kotak Flexicap Fund,120166,Kotak Flexi Cap Fund - Direct Plan - Growth,2025-05-16,93.722
Kotak Flexicap Fund,120166,Kotak Flexi Cap Fund - Direct Plan - Growth,2025-05-19,93.688
Kotak Flexicap Fund,120166,Kotak Flexi Cap Fund - Direct Plan - Growth,2025-05-20,92.497
Kotak Flexicap Fund,120166,Kotak Flexi Cap Fund - Direct Plan - Growth,2025-05-21,93.362
Kotak Flexicap Fund,120166,Kotak Flexi Cap Fund - Direct Plan - Growth,2025-05-22,93.104
Kotak Flexicap Fund,120166,Kotak Flexi Cap Fund - Direct Plan - Growth,2025-05-23,93.871
Kotak Flexicap Fund,120166,Kotak Flexi Cap Fund - Direct Plan - Growth,2025-05-26,94.211
Kotak Flexicap Fund,120166,Kotak Flexi Cap Fund - Direct Plan - Growth,2025-05-27,93.696
Kotak Flexicap Fund,120166,Kotak Flexi Cap Fund - Direct Plan - Growth,2025-05-28,93.855
Kotak Flexicap Fund,120166,Kotak Flexi Cap Fund - Direct Plan - Growth,2025-05-29,94.031
Kotak Flexicap Fund,120166,Kotak Flexi Cap Fund - Direct Plan - Growth,2025-05-30,93.761
Kotak Flexicap Fund,120166,Kotak Flexi Cap Fund - Direct Plan - Growth,2025-06-02,93.983
Kotak Flexicap Fund,120166,Kotak Flexi Cap Fund - Direct Plan - Growth,2025-06-03,93.732
Kotak Flexicap Fund,120166,Kotak Flexi Cap Fund - Direct Plan - Growth,2025-06-04,94.332
Kotak Flexicap Fund,120166,Kotak Flexi Cap Fund - Direct Plan - Growth,2025-06-05,94.969
Kotak Flexicap Fund,120166,Kotak Flexi Cap Fund - Direct Plan - Growth,2025-06-06,95.557
Kotak Flexicap Fund,120166,Kotak Flexi Cap Fund - Direct Plan - Growth,2025-06-09,96.258
Kotak Flexicap Fund,120166,Kotak Flexi Cap Fund - Direct Plan - Growth,2025-06-10,96.308
Kotak Flexicap Fund,120166,Kotak Flexi Cap Fund - Direct Plan - Growth,2025-06-11,96.276
Kotak Flexicap Fund,120166,Kotak Flexi Cap Fund - Direct Plan - Growth,2025-06-12,95.146
Kotak Flexicap Fund,120166,Kotak Flexi Cap Fund - Direct Plan - Growth,2025-06-13,94.7
Kotak Flexicap Fund,120166,Kotak Flexi Cap Fund - Direct Plan - Growth,2025-06-16,95.646
Kotak Flexicap Fund,120166,Kotak Flexi Cap Fund - Direct Plan - Growth,2025-06-17,95.211
Kotak Flexicap Fund,120166,Kotak Flexi Cap Fund - Direct Plan - Growth,2025-06-18,94.997
Kotak Flexicap Fund,120166,Kotak Flexi Cap Fund - Direct Plan - Growth,2025-06-19,94.51
Kotak Flexicap Fund,120166,Kotak Flexi Cap Fund - Direct Plan - Growth,2025-06-20,95.481
Kotak Flexicap Fund,120166,Kotak Flexi Cap Fund - Direct Plan - Growth,2025-06-23,95.516
Kotak Flexicap Fund,120166,Kotak Flexi Cap Fund - Direct Plan - Growth,2025-06-24,95.855
Kotak Flexicap Fund,120166,Kotak Flexi Cap Fund - Direct Plan - Growth,2025-06-25,96.24
Kotak Flexicap Fund,120166,Kotak Flexi Cap Fund - Direct Plan - Growth,2025-06-26,97.29
Kotak Flexicap Fund,120166,Kotak Flexi Cap Fund - Direct Plan - Growth,2025-06-27,97.853
Kotak Flexicap Fund,120166,Kotak Flexi Cap Fund - Direct Plan - Growth,2025-06-30,97.964
Kotak Flexicap Fund,120166,Kotak Flexi Cap Fund - Direct Plan - Growth,2025-07-01,97.879
Kotak Flexicap Fund,120166,Kotak Flexi Cap Fund - Direct Plan - Growth,2025-07-02,97.829
Kotak Flexicap Fund,120166,Kotak Flexi Cap Fund - Direct Plan - Growth,2025-07-03,97.607
Kotak Flexicap Fund,120166,Kotak Flexi Cap Fund - Direct Plan - Growth,2025-07-04,98.02
Kotak Flexicap Fund,120166,Kotak Flexi Cap Fund - Direct Plan - Growth,2025-07-07,97.734
Kotak Flexicap Fund,120166,Kotak Flexi Cap Fund - Direct Plan - Growth,2025-07-08,97.958
Kotak Flexicap Fund,120166,Kotak Flexi Cap Fund - Direct Plan - Growth,2025-07-09,97.818
Kotak Flexicap Fund,120166,Kotak Flexi Cap Fund - Direct Plan - Growth,2025-07-10,97.275
Kotak Flexicap Fund,120166,Kotak Flexi Cap Fund - Direct Plan - Growth,2025-07-11,96.58
Kotak Flexicap Fund,120166,Kotak Flexi Cap Fund - Direct Plan - Growth,2025-07-14,96.4
Kotak Flexicap Fund,120166,Kotak Flexi Cap Fund - Direct Plan - Growth,2025-07-15,96.941
Kotak Flexicap Fund,120166,Kotak Flexi Cap Fund - Direct Plan - Growth,2025-07-16,96.914
Kotak Flexicap Fund,120166,Kotak Flexi Cap Fund - Direct Plan - Growth,2025-07-17,96.69
Kotak Flexicap Fund,120166,Kotak Flexi Cap Fund - Direct Plan - Growth,2025-07-18,95.935
Kotak Flexicap Fund,120166,Kotak Flexi Cap Fund - Direct Plan - Growth,2025-07-21,96.406
Kotak Flexicap Fund,120166,Kotak Flexi Cap Fund - Direct Plan - Growth,2025-07-22,96.605
Kotak Flexicap Fund,120166,Kotak Flexi Cap Fund - Direct Plan - Growth,2025-07-23,96.982
Kotak Flexicap Fund,120166,Kotak Flexi Cap Fund - Direct Plan - Growth,2025-07-24,96.677
Kotak Flexicap Fund,120166,Kotak Flexi Cap Fund - Direct Plan - Growth,2025-07-25,95.658
Kotak Flexicap Fund,120166,Kotak Flexi Cap Fund - Direct Plan - Growth,2025-07-28,95.127
Kotak Flexicap Fund,120166,Kotak Flexi Cap Fund - Direct Plan - Growth,2025-07-29,95.605
Kotak Flexicap Fund,120166,Kotak Flexi Cap Fund - Direct Plan - Growth,2025-07-30,95.735
Kotak Flexicap Fund,120166,Kotak Flexi Cap Fund - Direct Plan - Growth,2025-07-31,95.238
Kotak Flexicap Fund,120166,Kotak Flexi Cap Fund - Direct Plan - Growth,2025-08-01,94.007
Kotak Flexicap Fund,120166,Kotak Flexi Cap Fund - Direct Plan - Growth,2025-08-04,94.853
Kotak Flexicap Fund,120166,Kotak Flexi Cap Fund - Direct Plan - Growth,2025-08-05,94.705
Kotak Flexicap Fund,120166,Kotak Flexi Cap Fund - Direct Plan - Growth,2025-08-06,94.204
Kotak Flexicap Fund,120166,Kotak Flexi Cap Fund - Direct Plan - Growth,2025-08-07,94.285
Kotak Flexicap Fund,120166,Kotak Flexi Cap Fund - Direct Plan - Growth,2025-08-08,93.28
Kotak Flexicap Fund,120166,Kotak Flexi Cap Fund - Direct Plan - Growth,2025-08-11,94.08
Kotak Flexicap Fund,120166,Kotak Flexi Cap Fund - Direct Plan - Growth,2025-08-12,93.882
Kotak Flexicap Fund,120166,Kotak Flexi Cap Fund - Direct Plan - Growth,2025-08-13,94.499
Kotak Flexicap Fund,120166,Kotak Flexi Cap Fund - Direct Plan - Growth,2025-08-14,94.411
Kotak Flexicap Fund,120166,Kotak Flexi Cap Fund - Direct Plan - Growth,2025-08-18,95.3
Kotak Flexicap Fund,120166,Kotak Flexi Cap Fund - Direct Plan - Growth,2025-08-19,95.632
Kotak Flexicap Fund,120166,Kotak Flexi Cap Fund - Direct Plan - Growth,2025-08-20,95.763
Kotak Flexicap Fund,120166,Kotak Flexi Cap Fund - Direct Plan - Growth,2025-08-21,95.692
Kotak Flexicap Fund,120166,Kotak Flexi Cap Fund - Direct Plan - Growth,2025-08-22,95.102
Kotak Flexicap Fund,120166,Kotak Flexi Cap Fund - Direct Plan - Growth,2025-08-25,95.319
Kotak Flexicap Fund,120166,Kotak Flexi Cap Fund - Direct Plan - Growth,2025-08-26,94.203
Kotak Flexicap Fund,120166,Kotak Flexi Cap Fund - Direct Plan - Growth,2025-08-28,93.257
Kotak Flexicap Fund,120166,Kotak Flexi Cap Fund - Direct Plan - Growth,2025-08-29,93.048
Kotak Flexicap Fund,120166,Kotak Flexi Cap Fund - Direct Plan - Growth,2025-09-01,94.081
Kotak Flexicap Fund,120166,Kotak Flexi Cap Fund - Direct Plan - Growth,2025-09-02,94.285
Kotak Flexicap Fund,120166,Kotak Flexi Cap Fund - Direct Plan - Growth,2025-09-03,94.835
Kotak Flexicap Fund,120166,Kotak Flexi Cap Fund - Direct Plan - Growth,2025-09-04,94.433
Kotak Flexicap Fund,120166,Kotak Flexi Cap Fund - Direct Plan - Growth,2025-09-05,94.249
Kotak Flexicap Fund,120166,Kotak Flexi Cap Fund - Direct Plan - Growth,2025-09-08,94.431
Kotak Flexicap Fund,120166,Kotak Flexi Cap Fund - Direct Plan - Growth,2025-09-09,94.619
Kotak Flexicap Fund,120166,Kotak Flexi Cap Fund - Direct Plan - Growth,2025-09-10,95.239
Kotak Flexicap Fund,120166,Kotak Flexi Cap Fund - Direct Plan - Growth,2025-09-11,95.309
Kotak Flexicap Fund,120166,Kotak Flexi Cap Fund - Direct Plan - Growth,2025-09-12,95.866
Kotak Flexicap Fund,120166,Kotak Flexi Cap Fund - Direct Plan - Growth,2025-09-15,95.958
Kotak Flexicap Fund,120166,Kotak Flexi Cap Fund - Direct Plan - Growth,2025-09-16,96.609
Kotak Flexicap Fund,120166,Kotak Flexi Cap Fund - Direct Plan - Growth,2025-09-17,97.133
Kotak Flexicap Fund,120166,Kotak Flexi Cap Fund - Direct Plan - Growth,2025-09-18,97.336
Kotak Flexicap Fund,120166,Kotak Flexi Cap Fund - Direct Plan - Growth,2025-09-19,97.052
Kotak Flexicap Fund,120166,Kotak Flexi Cap Fund - Direct Plan - Growth,2025-09-22,96.612
Kotak Flexicap Fund,120166,Kotak Flexi Cap Fund - Direct Plan - Growth,2025-09-23,96.636
Kotak Flexicap Fund,120166,Kotak Flexi Cap Fund - Direct Plan - Growth,2025-09-24,95.979
Kotak Flexicap Fund,120166,Kotak Flexi Cap Fund - Direct Plan - Growth,2025-09-25,95.579
Kotak Flexicap Fund,120166,Kotak Flexi Cap Fund - Direct Plan - Growth,2025-09-26,94.309
Kotak Flexicap Fund,120166,Kotak Flexi Cap Fund - Direct Plan - Growth,2025-09-30,94.621
Kotak Flexicap Fund,120166,Kotak Flexi Cap Fund - Direct Plan - Growth,2025-10-01,95.186
Kotak Flexicap Fund,120166,Kotak Flexi Cap Fund - Direct Plan - Growth,2025-10-03,95.787
Kotak Flexicap Fund,120166,Kotak Flexi Cap Fund - Direct Plan - Growth,2025-10-06,96.438
Kotak Flexicap Fund,120166,Kotak Flexi Cap Fund - Direct Plan - Growth,2025-10-07,96.484
Kotak Flexicap Fund,120166,Kotak Flexi Cap Fund - Direct Plan - Growth,2025-10-08,96.129
Kotak Flexicap Fund,120166,Kotak Flexi Cap Fund - Direct Plan - Growth,2025-10-09,96.803
Kotak Flexicap Fund,120166,Kotak Flexi Cap Fund - Direct Plan - Growth,2025-10-10,97.137
Kotak Flexicap Fund,120166,Kotak Flexi Cap Fund - Direct Plan - Growth,2025-10-13,97.055
Kotak Flexicap Fund,120166,Kotak Flexi Cap Fund - Direct Plan - Growth,2025-10-14,96.565
Kotak Flexicap Fund,120166,Kotak Flexi Cap Fund - Direct Plan - Growth,2025-10-15,97.302
Kotak Flexicap Fund,120166,Kotak Flexi Cap Fund - Direct Plan - Growth,2025-10-16,98.094
Kotak Flexicap Fund,120166,Kotak Flexi Cap Fund - Direct Plan - Growth,2025-10-17,98.013
Kotak Flexicap Fund,120166,Kotak Flexi Cap Fund - Direct Plan - Growth,2025-10-20,98.589
Kotak Flexicap Fund,120166,Kotak Flexi Cap Fund - Direct Plan - Growth,2025-10-23,98.598
Kotak Flexicap Fund,120166,Kotak Flexi Cap Fund - Direct Plan - Growth,2025-10-24,98.283
Kotak Flexicap Fund,120166,Kotak Flexi Cap Fund - Direct Plan - Growth,2025-10-27,98.887
Kotak Flexicap Fund,120166,Kotak Flexi Cap Fund - Direct Plan - Growth,2025-10-28,98.744
Kotak Flexicap Fund,120166,Kotak Flexi Cap Fund - Direct Plan - Growth,2025-10-29,99.008
Kotak Flexicap Fund,120166,Kotak Flexi Cap Fund - Direct Plan - Growth,2025-10-30,98.511
Kotak Flexicap Fund,120166,Kotak Flexi Cap Fund - Direct Plan - Growth,2025-10-31,98.089
Kotak Flexicap Fund,120166,Kotak Flexi Cap Fund - Direct Plan - Growth,2025-11-03,98.407
Kotak Flexicap Fund,120166,Kotak Flexi Cap Fund - Direct Plan - Growth,2025-11-04,97.695
Kotak Flexicap Fund,120166,Kotak Flexi Cap Fund - Direct Plan - Growth,2025-11-06,96.821
Kotak Flexicap Fund,120166,Kotak Flexi Cap Fund - Direct Plan - Growth,2025-11-07,97.006
Kotak Flexicap Fund,120166,Kotak Flexi Cap Fund - Direct Plan - Growth,2025-11-10,97.183
Kotak Flexicap Fund,120166,Kotak Flexi Cap Fund - Direct Plan - Growth,2025-11-11,97.927
Kotak Flexicap Fund,120166,Kotak Flexi Cap Fund - Direct Plan - Growth,2025-11-12,98.553
Kotak Flexicap Fund,120166,Kotak Flexi Cap Fund - Direct Plan - Growth,2025-11-13,98.451
Kotak Flexicap Fund,120166,Kotak Flexi Cap Fund - Direct Plan - Growth,2025-11-14,98.563
Kotak Flexicap Fund,120166,Kotak Flexi Cap Fund - Direct Plan - Growth,2025-11-17,99.09
Kotak Flexicap Fund,120166,Kotak Flexi Cap Fund - Direct Plan - Growth,2025-11-18,98.654
Kotak Flexicap Fund,120166,Kotak Flexi Cap Fund - Direct Plan - Growth,2025-11-19,98.944
Kotak Flexicap Fund,120166,Kotak Flexi Cap Fund - Direct Plan - Growth,2025-11-20,99.324
Kotak Flexicap Fund,120166,Kotak Flexi Cap Fund - Direct Plan - Growth,2025-11-21,98.604
Kotak Flexicap Fund,120166,Kotak Flexi Cap Fund - Direct Plan - Growth,2025-11-24,98.04
Kotak Flexicap Fund,120166,Kotak Flexi Cap Fund - Direct Plan - Growth,2025-11-25,98.089
Kotak Flexicap Fund,120166,Kotak Flexi Cap Fund - Direct Plan - Growth,2025-11-26,99.272
Kotak Flexicap Fund,120166,Kotak Flexi Cap Fund - Direct Plan - Growth,2025-11-27,99.218
Kotak Flexicap Fund,120166,Kotak Flexi Cap Fund - Direct Plan - Growth,2025-11-28,99.141
Kotak Flexicap Fund,120166,Kotak Flexi Cap Fund - Direct Plan - Growth,2025-12-01,99.112
Kotak Flexicap Fund,120166,Kotak Flexi Cap Fund - Direct Plan - Growth,2025-12-02,98.664
Kotak Flexicap Fund,120166,Kotak Flexi Cap Fund - Direct Plan - Growth,2025-12-03,98.117
Kotak Flexicap Fund,120166,Kotak Flexi Cap Fund - Direct Plan - Growth,2025-12-04,98.14
Kotak Flexicap Fund,120166,Kotak Flexi Cap Fund - Direct Plan - Growth,2025-12-05,98.455
Kotak Flexicap Fund,120166,Kotak Flexi Cap Fund - Direct Plan - Growth,2025-12-08,97.081
Kotak Flexicap Fund,120166,Kotak Flexi Cap Fund - Direct Plan - Growth,2025-12-09,97.023
Kotak Flexicap Fund,120166,Kotak Flexi Cap Fund - Direct Plan - Growth,2025-12-10,96.574
Kotak Flexicap Fund,120166,Kotak Flexi Cap Fund - Direct Plan - Growth,2025-12-11,97.031
Kotak Flexicap Fund,120166,Kotak Flexi Cap Fund - Direct Plan - Growth,2025-12-12,97.917
Kotak Flexicap Fund,120166,Kotak Flexi Cap Fund - Direct Plan - Growth,2025-12-15,98.003
Kotak Flexicap Fund,120166,Kotak Flexi Cap Fund - Direct Plan - Growth,2025-12-16,97.122
Kotak Flexicap Fund,120166,Kotak Flexi Cap Fund - Direct Plan - Growth,2025-12-17,97.062
Kotak Flexicap Fund,120166,Kotak Flexi Cap Fund - Direct Plan - Growth,2025-12-18,97.0
Kotak Flexicap Fund,120166,Kotak Flexi Cap Fund - Direct Plan - Growth,2025-12-19,97.734
Kotak Flexicap Fund,120166,Kotak Flexi Cap Fund - Direct Plan - Growth,2025-12-22,98.566
Kotak Flexicap Fund,120166,Kotak Flexi Cap Fund - Direct Plan - Growth,2025-12-23,98.616
Kotak Flexicap Fund,120166,Kotak Flexi Cap Fund - Direct Plan - Growth,2025-12-24,98.457
Kotak Flexicap Fund,120166,Kotak Flexi Cap Fund - Direct Plan - Growth,2025-12-26,98.107
Kotak Flexicap Fund,120166,Kotak Flexi Cap Fund - Direct Plan - Growth,2025-12-29,97.746
Kotak Flexicap Fund,120166,Kotak Flexi Cap Fund - Direct Plan - Growth,2025-12-30,97.665
Kotak Flexicap Fund,120166,Kotak Flexi Cap Fund - Direct Plan - Growth,2025-12-31,98.543
Kotak Flexicap Fund,120166,Kotak Flexi Cap Fund - Direct Plan - Growth,2026-01-01,98.831
Kotak Flexicap Fund,120166,Kotak Flexi Cap Fund - Direct Plan - Growth,2026-01-02,99.557
Kotak Flexicap Fund,120166,Kotak Flexi Cap Fund - Direct Plan - Growth,2026-01-05,99.772
Kotak Flexicap Fund,120166,Kotak Flexi Cap Fund - Direct Plan - Growth,2026-01-06,99.716
Kotak Flexicap Fund,120166,Kotak Flexi Cap Fund - Direct Plan - Growth,2026-01-07,99.7
Kotak Flexicap Fund,120166,Kotak Flexi Cap Fund - Direct Plan - Growth,2026-01-08,98.482
Kotak Flexicap Fund,120166,Kotak Flexi Cap Fund - Direct Plan - Growth,2026-01-09,97.896
Kotak Flexicap Fund,120166,Kotak Flexi Cap Fund - Direct Plan - Growth,2026-01-12,98.211
Kotak Flexicap Fund,120166,Kotak Flexi Cap Fund - Direct Plan - Growth,2026-01-13,98.012
Kotak Flexicap Fund,120166,Kotak Flexi Cap Fund - Direct Plan - Growth,2026-01-14,98.156
Kotak Flexicap Fund,120166,Kotak Flexi Cap Fund - Direct Plan - Growth,2026-01-16,98.26
Kotak Flexicap Fund,120166,Kotak Flexi Cap Fund - Direct Plan - Growth,2026-01-19,98.033
Kotak Flexicap Fund,120166,Kotak Flexi Cap Fund - Direct Plan - Growth,2026-01-20,96.609
Kotak Flexicap Fund,120166,Kotak Flexi Cap Fund - Direct Plan - Growth,2026-01-21,96.186
Kotak Flexicap Fund,120166,Kotak Flexi Cap Fund - Direct Plan - Growth,2026-01-22,97.014
Kotak Flexicap Fund,120166,Kotak Flexi Cap Fund - Direct Plan - Growth,2026-01-23,95.725
Kotak Flexicap Fund,120166,Kotak Flexi Cap Fund - Direct Plan - Growth,2026-01-27,96.384
Kotak Flexicap Fund,120166,Kotak Flexi Cap Fund - Direct Plan - Growth,2026-01-28,98.176
Kotak Flexicap Fund,120166,Kotak Flexi Cap Fund - Direct Plan - Growth,2026-01-29,98.457
Kotak Flexicap Fund,120166,Kotak Flexi Cap Fund - Direct Plan - Growth,2026-01-30,98.147
Kotak Flexicap Fund,120166,Kotak Flexi Cap Fund - Direct Plan - Growth,2026-02-02,97.153
Kotak Flexicap Fund,120166,Kotak Flexi Cap Fund - Direct Plan - Growth,2026-02-03,99.629
Kotak Flexicap Fund,120166,Kotak Flexi Cap Fund - Direct Plan - Growth,2026-02-04,100.03
Kotak Flexicap Fund,120166,Kotak Flexi Cap Fund - Direct Plan - Growth,2026-02-05,99.44
Kotak Flexicap Fund,120166,Kotak Flexi Cap Fund - Direct Plan - Growth,2026-02-06,99.362
Kotak Flexicap Fund,120166,Kotak Flexi Cap Fund - Direct Plan - Growth,2026-02-09,100.667
Kotak Flexicap Fund,120166,Kotak Flexi Cap Fund - Direct Plan - Growth,2026-02-10,101.067
Kotak Flexicap Fund,120166,Kotak Flexi Cap Fund - Direct Plan - Growth,2026-02-11,101.155
Kotak Flexicap Fund,120166,Kotak Flexi Cap Fund - Direct Plan - Growth,2026-02-12,100.796
Kotak Flexicap Fund,120166,Kotak Flexi Cap Fund - Direct Plan - Growth,2026-02-13,99.598
Kotak Flexicap Fund,120166,Kotak Flexi Cap Fund - Direct Plan - Growth,2026-02-16,100.047
Kotak Flexicap Fund,120166,Kotak Flexi Cap Fund - Direct Plan - Growth,2026-02-17,100.246
Kotak Flexicap Fund,120166,Kotak Flexi Cap Fund - Direct Plan - Growth,2026-02-18,100.61
Kotak Flexicap Fund,120166,Kotak Flexi Cap Fund - Direct Plan - Growth,2026-02-19,99.074
Kotak Flexicap Fund,120166,Kotak Flexi Cap Fund - Direct Plan - Growth,2026-02-20,99.547
Kotak Flexicap Fund,120166,Kotak Flexi Cap Fund - Direct Plan - Growth,2026-02-23,99.861
Kotak Flexicap Fund,120166,Kotak Flexi Cap Fund - Direct Plan - Growth,2026-02-24,98.995
Kotak Flexicap Fund,120166,Kotak Flexi Cap Fund - Direct Plan - Growth,2026-02-25,99.63
Kotak Flexicap Fund,120166,Kotak Flexi Cap Fund - Direct Plan - Growth,2026-02-26,99.822
Kotak Flexicap Fund,120166,Kotak Flexi Cap Fund - Direct Plan - Growth,2026-02-27,98.617
Kotak Flexicap Fund,120166,Kotak Flexi Cap Fund - Direct Plan - Growth,2026-03-02,97.378
Kotak Flexicap Fund,120166,Kotak Flexi Cap Fund - Direct Plan - Growth,2026-03-04,95.68
Kotak Flexicap Fund,120166,Kotak Flexi Cap Fund - Direct Plan - Growth,2026-03-05,96.957
Kotak Flexicap Fund,120166,Kotak Flexi Cap Fund - Direct Plan - Growth,2026-03-06,96.142
Kotak Flexicap Fund,120166,Kotak Flexi Cap Fund - Direct Plan - Growth,2026-03-09,94.004
Kotak Flexicap Fund,120166,Kotak Flexi Cap Fund - Direct Plan - Growth,2026-03-10,95.123
Kotak Flexicap Fund,120166,Kotak Flexi Cap Fund - Direct Plan - Growth,2026-03-11,93.658
Kotak Flexicap Fund,120166,Kotak Flexi Cap Fund - Direct Plan - Growth,2026-03-12,93.243
Kotak Flexicap Fund,120166,Kotak Flexi Cap Fund - Direct Plan - Growth,2026-03-13,90.744
Kotak Flexicap Fund,120166,Kotak Flexi Cap Fund - Direct Plan - Growth,2026-03-16,91.126
Kotak Flexicap Fund,120166,Kotak Flexi Cap Fund - Direct Plan - Growth,2026-03-17,92.059
Kotak Flexicap Fund,120166,Kotak Flexi Cap Fund - Direct Plan - Growth,2026-03-18,93.091
Kotak Flexicap Fund,120166,Kotak Flexi Cap Fund - Direct Plan - Growth,2026-03-19,89.894
Kotak Flexicap Fund,120166,Kotak Flexi Cap Fund - Direct Plan - Growth,2026-03-20,89.993
Kotak Flexicap Fund,120166,Kotak Flexi Cap Fund - Direct Plan - Growth,2026-03-23,87.019
Kotak Flexicap Fund,120166,Kotak Flexi Cap Fund - Direct Plan - Growth,2026-03-24,88.982
Kotak Flexicap Fund,120166,Kotak Flexi Cap Fund - Direct Plan - Growth,2026-03-25,90.683
Kotak Flexicap Fund,120166,Kotak Flexi Cap Fund - Direct Plan - Growth,2026-03-27,88.733
Kotak Flexicap Fund,120166,Kotak Flexi Cap Fund - Direct Plan - Growth,2026-03-30,86.835
Kotak Flexicap Fund,120166,Kotak Flexi Cap Fund - Direct Plan - Growth,2026-03-31,86.834
Kotak Flexicap Fund,120166,Kotak Flexi Cap Fund - Direct Plan - Growth,2026-04-01,88.761
Kotak Flexicap Fund,120166,Kotak Flexi Cap Fund - Direct Plan - Growth,2026-04-02,88.623
Kotak Flexicap Fund,120166,Kotak Flexi Cap Fund - Direct Plan - Growth,2026-04-06,89.781
Kotak Flexicap Fund,120166,Kotak Flexi Cap Fund - Direct Plan - Growth,2026-04-07,90.147
Kotak Flexicap Fund,120166,Kotak Flexi Cap Fund - Direct Plan - Growth,2026-04-08,93.883
Kotak Flexicap Fund,120166,Kotak Flexi Cap Fund - Direct Plan - Growth,2026-04-09,93.343
Kotak Flexicap Fund,120166,Kotak Flexi Cap Fund - Direct Plan - Growth,2026-04-10,94.683
Kotak Flexicap Fund,120166,Kotak Flexi Cap Fund - Direct Plan - Growth,2026-04-13,94.172
Kotak Flexicap Fund,120166,Kotak Flexi Cap Fund - Direct Plan - Growth,2026-04-15,95.898
Kotak Flexicap Fund,120166,Kotak Flexi Cap Fund - Direct Plan - Growth,2026-04-16,96.059
Kotak Flexicap Fund,120166,Kotak Flexi Cap Fund - Direct Plan - Growth,2026-04-17,96.796
Kotak Flexicap Fund,120166,Kotak Flexi Cap Fund - Direct Plan - Growth,2026-04-20,96.767
Kotak Flexicap Fund,120166,Kotak Flexi Cap Fund - Direct Plan - Growth,2026-04-21,97.482
Kotak Flexicap Fund,120166,Kotak Flexi Cap Fund - Direct Plan - Growth,2026-04-22,97.037
Kotak Flexicap Fund,120166,Kotak Flexi Cap Fund - Direct Plan - Growth,2026-04-23,96.387
Kotak Flexicap Fund,120166,Kotak Flexi Cap Fund - Direct Plan - Growth,2026-04-24,95.321
Kotak Flexicap Fund,120166,Kotak Flexi Cap Fund - Direct Plan - Growth,2026-04-27,95.887
Kotak Flexicap Fund,120166,Kotak Flexi Cap Fund - Direct Plan - Growth,2026-04-28,95.275
Kotak Flexicap Fund,120166,Kotak Flexi Cap Fund - Direct Plan - Growth,2026-04-29,95.41
Kotak Flexicap Fund,120166,Kotak Flexi Cap Fund - Direct Plan - Growth,2026-04-30,94.558
Kotak Flexicap Fund,120166,Kotak Flexi Cap Fund - Direct Plan - Growth,2026-05-04,95.185
Kotak Flexicap Fund,120166,Kotak Flexi Cap Fund - Direct Plan - Growth,2026-05-05,94.942
Kotak Flexicap Fund,120166,Kotak Flexi Cap Fund - Direct Plan - Growth,2026-05-06,96.437
Kotak Flexicap Fund,120166,Kotak Flexi Cap Fund - Direct Plan - Growth,2026-05-07,96.848
Kotak Flexicap Fund,120166,Kotak Flexi Cap Fund - Direct Plan - Growth,2026-05-08,96.249
Kotak Flexicap Fund,120166,Kotak Flexi Cap Fund - Direct Plan - Growth,2026-05-11,94.728
Kotak Flexicap Fund,120166,Kotak Flexi Cap Fund - Direct Plan - Growth,2026-05-12,92.76
Kotak Flexicap Fund,120166,Kotak Flexi Cap Fund - Direct Plan - Growth,2026-05-13,93.128
Kotak Flexicap Fund,120166,Kotak Flexi Cap Fund - Direct Plan - Growth,2026-05-14,94.318
Kotak Flexicap Fund,120166,Kotak Flexi Cap Fund - Direct Plan - Growth,2026-05-15,93.84
Kotak Flexicap Fund,120166,Kotak Flexi Cap Fund - Direct Plan - Growth,2026-05-18,93.659
Kotak Flexicap Fund,120166,Kotak Flexi Cap Fund - Direct Plan - Growth,2026-05-19,93.752
Kotak Flexicap Fund,120166,Kotak Flexi Cap Fund - Direct Plan - Growth,2026-05-20,93.757
Kotak Flexicap Fund,120166,Kotak Flexi Cap Fund - Direct Plan - Growth,2026-05-21,93.946
Kotak Flexicap Fund,120166,Kotak Flexi Cap Fund - Direct Plan - Growth,2026-05-22,94.273
Kotak Flexicap Fund,120166,Kotak Flexi Cap Fund - Direct Plan - Growth,2026-05-25,95.677
Kotak Flexicap Fund,120166,Kotak Flexi Cap Fund - Direct Plan - Growth,2026-05-26,95.591
Kotak Flexicap Fund,120166,Kotak Flexi Cap Fund - Direct Plan - Growth,2026-05-27,95.772
Kotak Flexicap Fund,120166,Kotak Flexi Cap Fund - Direct Plan - Growth,2026-05-29,94.557
Kotak Flexicap Fund,120166,Kotak Flexi Cap Fund - Direct Plan - Growth,2026-06-01,93.871
Kotak Flexicap Fund,120166,Kotak Flexi Cap Fund - Direct Plan - Growth,2026-06-02,93.967
Kotak Flexicap Fund,120166,Kotak Flexi Cap Fund - Direct Plan - Growth,2026-06-03,93.69
Kotak Flexicap Fund,120166,Kotak Flexi Cap Fund - Direct Plan - Growth,2026-06-04,93.895
Kotak Flexicap Fund,120166,Kotak Flexi Cap Fund - Direct Plan - Growth,2026-06-05,93.682
Kotak Flexicap Fund,120166,Kotak Flexi Cap Fund - Direct Plan - Growth,2026-06-08,92.688
Kotak Flexicap Fund,120166,Kotak Flexi Cap Fund - Direct Plan - Growth,2026-06-09,93.409
Kotak Flexicap Fund,120166,Kotak Flexi Cap Fund - Direct Plan - Growth,2026-06-10,93.048
Kotak Flexicap Fund,120166,Kotak Flexi Cap Fund - Direct Plan - Growth,2026-06-11,92.473
Kotak Flexicap Fund,120166,Kotak Flexi Cap Fund - Direct Plan - Growth,2026-06-12,94.667
Kotak Flexicap Fund,120166,Kotak Flexi Cap Fund - Direct Plan - Growth,2026-06-15,95.839
Kotak Flexicap Fund,120166,Kotak Flexi Cap Fund - Direct Plan - Growth,2026-06-16,95.868
Kotak Flexicap Fund,120166,Kotak Flexi Cap Fund - Direct Plan - Growth,2026-06-17,96.282
Kotak Flexicap Fund,120166,Kotak Flexi Cap Fund - Direct Plan - Growth,2026-06-18,96.655
Kotak Flexicap Fund,120166,Kotak Flexi Cap Fund - Direct Plan - Growth,2026-06-19,96.53
Kotak Flexicap Fund,120166,Kotak Flexi Cap Fund - Direct Plan - Growth,2026-06-22,97.144
Kotak Flexicap Fund,120166,Kotak Flexi Cap Fund - Direct Plan - Growth,2026-06-23,96.179
Kotak Flexicap Fund,120166,Kotak Flexi Cap Fund - Direct Plan - Growth,2026-06-24,96.758
Kotak Flexicap Fund,120166,Kotak Flexi Cap Fund - Direct Plan - Growth,2026-06-25,96.521
Kotak Flexicap Fund,120166,Kotak Flexi Cap Fund - Direct Plan - Growth,2026-06-29,96.372
Kotak Flexicap Fund,120166,Kotak Flexi Cap Fund - Direct Plan - Growth,2026-06-30,96.62
Kotak Flexicap Fund,120166,Kotak Flexi Cap Fund - Direct Plan - Growth,2026-07-01,97.071
Kotak Flexicap Fund,120166,Kotak Flexi Cap Fund - Direct Plan - Growth,2026-07-02,97.488
Kotak Flexicap Fund,120166,Kotak Flexi Cap Fund - Direct Plan - Growth,2026-07-03,97.676
Kotak Flexicap Fund,120166,Kotak Flexi Cap Fund - Direct Plan - Growth,2026-07-06,98.239
Kotak Flexicap Fund,120166,Kotak Flexi Cap Fund - Direct Plan - Growth,2026-07-07,98.053
Kotak Flexicap Fund,120166,Kotak Flexi Cap Fund - Direct Plan - Growth,2026-07-08,95.931
Kotak Flexicap Fund,120166,Kotak Flexi Cap Fund - Direct Plan - Growth,2026-07-09,96.567
Kotak Flexicap Fund,120166,Kotak Flexi Cap Fund - Direct Plan - Growth,2026-07-10,97.718
Kotak Flexicap Fund,120166,Kotak Flexi Cap Fund - Direct Plan - Growth,2026-07-13,97.383
Kotak Flexicap Fund,120166,Kotak Flexi Cap Fund - Direct Plan - Growth,2026-07-14,96.693
Kotak Flexicap Fund,120166,Kotak Flexi Cap Fund - Direct Plan - Growth,2026-07-15,97.248
Kotak Flexicap Fund,120166,Kotak Flexi Cap Fund - Direct Plan - Growth,2026-07-16,97.091
Kotak Flexicap Fund,120166,Kotak Flexi Cap Fund - Direct Plan - Growth,2026-07-17,97.653
Kotak Flexicap Fund,120166,Kotak Flexi Cap Fund - Direct Plan - Growth,2026-07-20,97.564
Kotak Flexicap Fund,120166,Kotak Flexi Cap Fund - Direct Plan - Growth,2026-07-21,97.851
Kotak Flexicap Fund,120166,Kotak Flexi Cap Fund - Direct Plan - Growth,2026-07-22,96.804
Kotak Flexicap Fund,120166,Kotak Flexi Cap Fund - Direct Plan - Growth,2026-07-23,95.837
Kotak Flexicap Fund,120166,Kotak Flexi Cap Fund - Direct Plan - Growth,2026-07-24,95.505
Kotak Flexicap Fund,120166,Kotak Flexi Cap Fund - Direct Plan - Growth,2026-07-27,96.55
Kotak Flexicap Fund,120166,Kotak Flexi Cap Fund - Direct Plan - Growth,2026-07-28,96.158
Kotak Flexicap Fund,120166,Kotak Flexi Cap Fund - Direct Plan - Growth,2026-07-29,97.058
Kotak Flexicap Fund,120166,Kotak Flexi Cap Fund - Direct Plan - Growth,2026-07-30,97.12
Kotak Flexicap Fund,120166,Kotak Flexi Cap Fund - Direct Plan - Growth,2026-07-31,97.551
Kotak Flexicap Fund,120166,Kotak Flexi Cap Fund - Direct Plan - Growth,2026-08-03,98.808
Kotak Flexicap Fund,120166,Kotak Flexi Cap Fund - Direct Plan - Growth,2026-08-04,98.436
Kotak Flexicap Fund,120166,Kotak Flexi Cap Fund - Direct Plan - Growth,2026-08-05,98.438
Kotak Flexicap Fund,120166,Kotak Flexi Cap Fund - Direct Plan - Growth,2026-08-06,98.479
Kotak Flexicap Fund,120166,Kotak Flexi Cap Fund - Direct Plan - Growth,2026-08-07,98.459
Kotak Flexicap Fund,120166,Kotak Flexi Cap Fund - Direct Plan - Growth,2026-08-10,98.586
Kotak Flexicap Fund,120166,Kotak Flexi Cap Fund - Direct Plan - Growth,2026-08-11,98.216
Kotak Flexicap Fund,120166,Kotak Flexi Cap Fund - Direct Plan - Growth,2026-08-12,98.322
Kotak Flexicap Fund,120166,Kotak Flexi Cap Fund - Direct Plan - Growth,2026-08-13,98.505
Kotak Flexicap Fund,120166,Kotak Flexi Cap Fund - Direct Plan - Growth,2026-08-14,98.236
Kotak Flexicap Fund,120166,Kotak Flexi Cap Fund - Direct Plan - Growth,2026-08-17,98.177
Kotak Flexicap Fund,120166,Kotak Flexi Cap Fund - Direct Plan - Growth,2026-08-18,97.78
Kotak Flexicap Fund,120166,Kotak Flexi Cap Fund - Direct Plan - Growth,2026-08-19,97.384
Kotak Flexicap Fund,120166,Kotak Flexi Cap Fund - Direct Plan - Growth,2026-08-20,97.906
Kotak Flexicap Fund,120166,Kotak Flexi Cap Fund - Direct Plan - Growth,2026-08-21,97.999
Kotak Flexicap Fund,120166,Kotak Flexi Cap Fund - Direct Plan - Growth,2026-08-24,97.824
Kotak Flexicap Fund,120166,Kotak Flexi Cap Fund - Direct Plan - Growth,2026-08-25,98.289
Kotak Flexicap Fund,120166,Kotak Flexi Cap Fund - Direct Plan - Growth,2026-08-26,98.082
Kotak Flexicap Fund,120166,Kotak Flexi Cap Fund - Direct Plan - Growth,2026-08-27,98.023
Kotak Flexicap Fund,120166,Kotak Flexi Cap Fund - Direct Plan - Growth,2026-08-28,98.091
Kotak Flexicap Fund,120166,Kotak Flexi Cap Fund - Direct Plan - Growth,2026-08-31,98.14
Kotak Flexicap Fund,120166,Kotak Flexi Cap Fund - Direct Plan - Growth,2026-09-01,97.359
Kotak Flexicap Fund,120166,Kotak Flexi Cap Fund - Direct Plan - Growth,2026-09-02,96.773
Kotak Flexicap Fund,120166,Kotak Flexi Cap Fund - Direct Plan - Growth,2026-09-03,96.952
Kotak Flexicap Fund,120166,Kotak Flexi Cap Fund - Direct Plan - Growth,2026-09-04,96.756
Kotak Flexicap Fund,120166,Kotak Flexi Cap Fund - Direct Plan - Growth,2026-09-07,96.575
Kotak Flexicap Fund,120166,Kotak Flexi Cap Fund - Direct Plan - Growth,2026-09-08,96.24
Kotak Flexicap Fund,120166,Kotak Flexi Cap Fund - Direct Plan - Growth,2026-09-09,95.45
Kotak Flexicap Fund,120166,Kotak Flexi Cap Fund - Direct Plan - Growth,2026-09-10,95.592
Kotak Flexicap Fund,120166,Kotak Flexi Cap Fund - Direct Plan - Growth,2026-09-11,95.402
Kotak Flexicap Fund,120166,Kotak Flexi Cap Fund - Direct Plan - Growth,2026-09-15,93.27
Kotak Flexicap Fund,120166,Kotak Flexi Cap Fund - Direct Plan - Growth,2026-09-16,93.427
Kotak Flexicap Fund,120166,Kotak Flexi Cap Fund - Direct Plan - Growth,2026-09-17,94.164
Kotak Flexicap Fund,120166,Kotak Flexi Cap Fund - Direct Plan - Growth,2026-09-18,94.789
Kotak Flexicap Fund,120166,Kotak Flexi Cap Fund - Direct Plan - Growth,2026-09-21,95.033
Kotak Flexicap Fund,120166,Kotak Flexi Cap Fund - Direct Plan - Growth,2026-09-22,95.017
Kotak Flexicap Fund,120166,Kotak Flexi Cap Fund - Direct Plan - Growth,2026-09-23,95.507
Kotak Flexicap Fund,120166,Kotak Flexi Cap Fund - Direct Plan - Growth,2026-09-24,93.933
Kotak Flexicap Fund,120166,Kotak Flexi Cap Fund - Direct Plan - Growth,2026-09-25,94.353
Kotak Flexicap Fund,120166,Kotak Flexi Cap Fund - Direct Plan - Growth,2026-09-28,92.81
Kotak Flexicap Fund,120166,Kotak Flexi Cap Fund - Direct Plan - Growth,2026-09-29,92.343
Kotak Flexicap Fund,120166,Kotak Flexi Cap Fund - Direct Plan - Growth,2026-09-30,92.517
Kotak Flexicap Fund,120166,Kotak Flexi Cap Fund - Direct Plan - Growth,2026-10-01,91.6
Axis Focused Fund,120468,Axis Focused Fund - Direct Plan - Growth Option,2025-01-01,61.07
Axis Focused Fund,120468,Axis Focused Fund - Direct Plan - Growth Option,2025-01-02,62.23
Axis Focused Fund,120468,Axis Focused Fund - Direct Plan - Growth Option,2025-01-03,61.88
Axis Focused Fund,120468,Axis Focused Fund - Direct Plan - Growth Option,2025-01-06,60.82
Axis Focused Fund,120468,Axis Focused Fund - Direct Plan - Growth Option,2025-01-07,60.6
Axis Focused Fund,120468,Axis Focused Fund - Direct Plan - Growth Option,2025-01-08,60.03
Axis Focused Fund,120468,Axis Focused Fund - Direct Plan - Growth Option,2025-01-09,59.52
Axis Focused Fund,120468,Axis Focused Fund - Direct Plan - Growth Option,2025-01-10,59.05
Axis Focused Fund,120468,Axis Focused Fund - Direct Plan - Growth Option,2025-01-13,57.33
Axis Focused Fund,120468,Axis Focused Fund - Direct Plan - Growth Option,2025-01-14,58.07
Axis Focused Fund,120468,Axis Focused Fund - Direct Plan - Growth Option,2025-01-15,58.19
Axis Focused Fund,120468,Axis Focused Fund - Direct Plan - Growth Option,2025-01-16,58.63
Axis Focused Fund,120468,Axis Focused Fund - Direct Plan - Growth Option,2025-01-17,58.5
Axis Focused Fund,120468,Axis Focused Fund - Direct Plan - Growth Option,2025-01-20,58.7
Axis Focused Fund,120468,Axis Focused Fund - Direct Plan - Growth Option,2025-01-21,57.28
Axis Focused Fund,120468,Axis Focused Fund - Direct Plan - Growth Option,2025-01-22,57.12
Axis Focused Fund,120468,Axis Focused Fund - Direct Plan - Growth Option,2025-01-23,57.76
Axis Focused Fund,120468,Axis Focused Fund - Direct Plan - Growth Option,2025-01-24,57.2
Axis Focused Fund,120468,Axis Focused Fund - Direct Plan - Growth Option,2025-01-27,56.38
Axis Focused Fund,120468,Axis Focused Fund - Direct Plan - Growth Option,2025-01-28,56.68
Axis Focused Fund,120468,Axis Focused Fund - Direct Plan - Growth Option,2025-01-29,57.65
Axis Focused Fund,120468,Axis Focused Fund - Direct Plan - Growth Option,2025-01-30,57.76
Axis Focused Fund,120468,Axis Focused Fund - Direct Plan - Growth Option,2025-01-31,58.09
Axis Focused Fund,120468,Axis Focused Fund - Direct Plan - Growth Option,2025-02-03,58.65
Axis Focused Fund,120468,Axis Focused Fund - Direct Plan - Growth Option,2025-02-04,59.1
Axis Focused Fund,120468,Axis Focused Fund - Direct Plan - Growth Option,2025-02-05,59.16
Axis Focused Fund,120468,Axis Focused Fund - Direct Plan - Growth Option,2025-02-06,58.85
Axis Focused Fund,120468,Axis Focused Fund - Direct Plan - Growth Option,2025-02-07,58.87
Axis Focused Fund,120468,Axis Focused Fund - Direct Plan - Growth Option,2025-02-10,58.14
Axis Focused Fund,120468,Axis Focused Fund - Direct Plan - Growth Option,2025-02-11,57.08
Axis Focused Fund,120468,Axis Focused Fund - Direct Plan - Growth Option,2025-02-12,57.09
Axis Focused Fund,120468,Axis Focused Fund - Direct Plan - Growth Option,2025-02-13,57.32
Axis Focused Fund,120468,Axis Focused Fund - Direct Plan - Growth Option,2025-02-14,56.73
Axis Focused Fund,120468,Axis Focused Fund - Direct Plan - Growth Option,2025-02-17,56.47
Axis Focused Fund,120468,Axis Focused Fund - Direct Plan - Growth Option,2025-02-18,56.39
Axis Focused Fund,120468,Axis Focused Fund - Direct Plan - Growth Option,2025-02-19,56.63
Axis Focused Fund,120468,Axis Focused Fund - Direct Plan - Growth Option,2025-02-20,56.76
Axis Focused Fund,120468,Axis Focused Fund - Direct Plan - Growth Option,2025-02-21,56.36
Axis Focused Fund,120468,Axis Focused Fund - Direct Plan - Growth Option,2025-02-24,55.79
Axis Focused Fund,120468,Axis Focused Fund - Direct Plan - Growth Option,2025-02-25,55.81
Axis Focused Fund,120468,Axis Focused Fund - Direct Plan - Growth Option,2025-02-27,55.72
Axis Focused Fund,120468,Axis Focused Fund - Direct Plan - Growth Option,2025-02-28,54.63
Axis Focused Fund,120468,Axis Focused Fund - Direct Plan - Growth Option,2025-03-03,54.98
Axis Focused Fund,120468,Axis Focused Fund - Direct Plan - Growth Option,2025-03-04,55.2
Axis Focused Fund,120468,Axis Focused Fund - Direct Plan - Growth Option,2025-03-05,55.49
Axis Focused Fund,120468,Axis Focused Fund - Direct Plan - Growth Option,2025-03-06,55.8
Axis Focused Fund,120468,Axis Focused Fund - Direct Plan - Growth Option,2025-03-07,55.65
Axis Focused Fund,120468,Axis Focused Fund - Direct Plan - Growth Option,2025-03-10,55.2
Axis Focused Fund,120468,Axis Focused Fund - Direct Plan - Growth Option,2025-03-11,55.49
Axis Focused Fund,120468,Axis Focused Fund - Direct Plan - Growth Option,2025-03-12,55.41
Axis Focused Fund,120468,Axis Focused Fund - Direct Plan - Growth Option,2025-03-13,55.12
Axis Focused Fund,120468,Axis Focused Fund - Direct Plan - Growth Option,2025-03-17,55.54
Axis Focused Fund,120468,Axis Focused Fund - Direct Plan - Growth Option,2025-03-18,56.75
Axis Focused Fund,120468,Axis Focused Fund - Direct Plan - Growth Option,2025-03-19,57.42
Axis Focused Fund,120468,Axis Focused Fund - Direct Plan - Growth Option,2025-03-20,57.95
Axis Focused Fund,120468,Axis Focused Fund - Direct Plan - Growth Option,2025-03-21,58.65
Axis Focused Fund,120468,Axis Focused Fund - Direct Plan - Growth Option,2025-03-24,59.21
Axis Focused Fund,120468,Axis Focused Fund - Direct Plan - Growth Option,2025-03-25,58.89
Axis Focused Fund,120468,Axis Focused Fund - Direct Plan - Growth Option,2025-03-26,58.66
Axis Focused Fund,120468,Axis Focused Fund - Direct Plan - Growth Option,2025-03-27,59.07
Axis Focused Fund,120468,Axis Focused Fund - Direct Plan - Growth Option,2025-03-28,58.75
Axis Focused Fund,120468,Axis Focused Fund - Direct Plan - Growth Option,2025-03-31,58.75
Axis Focused Fund,120468,Axis Focused Fund - Direct Plan - Growth Option,2025-04-01,57.89
Axis Focused Fund,120468,Axis Focused Fund - Direct Plan - Growth Option,2025-04-02,58.51
Axis Focused Fund,120468,Axis Focused Fund - Direct Plan - Growth Option,2025-04-03,58.31
Axis Focused Fund,120468,Axis Focused Fund - Direct Plan - Growth Option,2025-04-04,57.85
Axis Focused Fund,120468,Axis Focused Fund - Direct Plan - Growth Option,2025-04-07,56.13
Axis Focused Fund,120468,Axis Focused Fund - Direct Plan - Growth Option,2025-04-08,57.14
Axis Focused Fund,120468,Axis Focused Fund - Direct Plan - Growth Option,2025-04-09,56.76
Axis Focused Fund,120468,Axis Focused Fund - Direct Plan - Growth Option,2025-04-11,57.72
Axis Focused Fund,120468,Axis Focused Fund - Direct Plan - Growth Option,2025-04-15,59.18
Axis Focused Fund,120468,Axis Focused Fund - Direct Plan - Growth Option,2025-04-16,59.55
Axis Focused Fund,120468,Axis Focused Fund - Direct Plan - Growth Option,2025-04-17,60.26
Axis Focused Fund,120468,Axis Focused Fund - Direct Plan - Growth Option,2025-04-21,61.12
Axis Focused Fund,120468,Axis Focused Fund - Direct Plan - Growth Option,2025-04-22,61.17
Axis Focused Fund,120468,Axis Focused Fund - Direct Plan - Growth Option,2025-04-23,61.49
Axis Focused Fund,120468,Axis Focused Fund - Direct Plan - Growth Option,2025-04-24,61.34
Axis Focused Fund,120468,Axis Focused Fund - Direct Plan - Growth Option,2025-04-25,60.38
Axis Focused Fund,120468,Axis Focused Fund - Direct Plan - Growth Option,2025-04-28,60.86
Axis Focused Fund,120468,Axis Focused Fund - Direct Plan - Growth Option,2025-04-29,60.96
Axis Focused Fund,120468,Axis Focused Fund - Direct Plan - Growth Option,2025-04-30,60.68
Axis Focused Fund,120468,Axis Focused Fund - Direct Plan - Growth Option,2025-05-02,60.6
Axis Focused Fund,120468,Axis Focused Fund - Direct Plan - Growth Option,2025-05-05,61.27
Axis Focused Fund,120468,Axis Focused Fund - Direct Plan - Growth Option,2025-05-06,60.67
Axis Focused Fund,120468,Axis Focused Fund - Direct Plan - Growth Option,2025-05-07,61.08
Axis Focused Fund,120468,Axis Focused Fund - Direct Plan - Growth Option,2025-05-08,60.25
Axis Focused Fund,120468,Axis Focused Fund - Direct Plan - Growth Option,2025-05-09,59.62
Axis Focused Fund,120468,Axis Focused Fund - Direct Plan - Growth Option,2025-05-12,61.77
Axis Focused Fund,120468,Axis Focused Fund - Direct Plan - Growth Option,2025-05-13,61.4
Axis Focused Fund,120468,Axis Focused Fund - Direct Plan - Growth Option,2025-05-14,61.88
Axis Focused Fund,120468,Axis Focused Fund - Direct Plan - Growth Option,2025-05-15,62.78
Axis Focused Fund,120468,Axis Focused Fund - Direct Plan - Growth Option,2025-05-16,62.91
Axis Focused Fund,120468,Axis Focused Fund - Direct Plan - Growth Option,2025-05-19,62.69
Axis Focused Fund,120468,Axis Focused Fund - Direct Plan - Growth Option,2025-05-20,61.67
Axis Focused Fund,120468,Axis Focused Fund - Direct Plan - Growth Option,2025-05-21,62.28
Axis Focused Fund,120468,Axis Focused Fund - Direct Plan - Growth Option,2025-05-22,62.04
Axis Focused Fund,120468,Axis Focused Fund - Direct Plan - Growth Option,2025-05-23,62.45
Axis Focused Fund,120468,Axis Focused Fund - Direct Plan - Growth Option,2025-05-26,62.71
Axis Focused Fund,120468,Axis Focused Fund - Direct Plan - Growth Option,2025-05-27,62.44
Axis Focused Fund,120468,Axis Focused Fund - Direct Plan - Growth Option,2025-05-28,62.29
Axis Focused Fund,120468,Axis Focused Fund - Direct Plan - Growth Option,2025-05-29,62.5
Axis Focused Fund,120468,Axis Focused Fund - Direct Plan - Growth Option,2025-05-30,62.48
Axis Focused Fund,120468,Axis Focused Fund - Direct Plan - Growth Option,2025-05-31,62.48
Axis Focused Fund,120468,Axis Focused Fund - Direct Plan - Growth Option,2025-06-02,62.52
Axis Focused Fund,120468,Axis Focused Fund - Direct Plan - Growth Option,2025-06-03,62.24
Axis Focused Fund,120468,Axis Focused Fund - Direct Plan - Growth Option,2025-06-04,62.48
Axis Focused Fund,120468,Axis Focused Fund - Direct Plan - Growth Option,2025-06-05,63.01
Axis Focused Fund,120468,Axis Focused Fund - Direct Plan - Growth Option,2025-06-06,63.77
Axis Focused Fund,120468,Axis Focused Fund - Direct Plan - Growth Option,2025-06-09,64.04
Axis Focused Fund,120468,Axis Focused Fund - Direct Plan - Growth Option,2025-06-10,63.87
Axis Focused Fund,120468,Axis Focused Fund - Direct Plan - Growth Option,2025-06-11,63.73
Axis Focused Fund,120468,Axis Focused Fund - Direct Plan - Growth Option,2025-06-12,63.09
Axis Focused Fund,120468,Axis Focused Fund - Direct Plan - Growth Option,2025-06-13,62.74
Axis Focused Fund,120468,Axis Focused Fund - Direct Plan - Growth Option,2025-06-16,63.26
Axis Focused Fund,120468,Axis Focused Fund - Direct Plan - Growth Option,2025-06-17,62.97
Axis Focused Fund,120468,Axis Focused Fund - Direct Plan - Growth Option,2025-06-18,62.82
Axis Focused Fund,120468,Axis Focused Fund - Direct Plan - Growth Option,2025-06-19,62.47
Axis Focused Fund,120468,Axis Focused Fund - Direct Plan - Growth Option,2025-06-20,63.37
Axis Focused Fund,120468,Axis Focused Fund - Direct Plan - Growth Option,2025-06-23,63.46
Axis Focused Fund,120468,Axis Focused Fund - Direct Plan - Growth Option,2025-06-24,63.64
Axis Focused Fund,120468,Axis Focused Fund - Direct Plan - Growth Option,2025-06-25,64.08
Axis Focused Fund,120468,Axis Focused Fund - Direct Plan - Growth Option,2025-06-26,64.66
Axis Focused Fund,120468,Axis Focused Fund - Direct Plan - Growth Option,2025-06-27,64.94
Axis Focused Fund,120468,Axis Focused Fund - Direct Plan - Growth Option,2025-06-30,64.95
Axis Focused Fund,120468,Axis Focused Fund - Direct Plan - Growth Option,2025-07-01,64.82
Axis Focused Fund,120468,Axis Focused Fund - Direct Plan - Growth Option,2025-07-02,64.56
Axis Focused Fund,120468,Axis Focused Fund - Direct Plan - Growth Option,2025-07-03,64.31
Axis Focused Fund,120468,Axis Focused Fund - Direct Plan - Growth Option,2025-07-04,64.27
Axis Focused Fund,120468,Axis Focused Fund - Direct Plan - Growth Option,2025-07-07,64.2
Axis Focused Fund,120468,Axis Focused Fund - Direct Plan - Growth Option,2025-07-08,64.45
Axis Focused Fund,120468,Axis Focused Fund - Direct Plan - Growth Option,2025-07-09,64.62
Axis Focused Fund,120468,Axis Focused Fund - Direct Plan - Growth Option,2025-07-10,64.29
Axis Focused Fund,120468,Axis Focused Fund - Direct Plan - Growth Option,2025-07-11,63.62
Axis Focused Fund,120468,Axis Focused Fund - Direct Plan - Growth Option,2025-07-14,63.72
Axis Focused Fund,120468,Axis Focused Fund - Direct Plan - Growth Option,2025-07-15,64.09
Axis Focused Fund,120468,Axis Focused Fund - Direct Plan - Growth Option,2025-07-16,64.02
Axis Focused Fund,120468,Axis Focused Fund - Direct Plan - Growth Option,2025-07-17,63.78
Axis Focused Fund,120468,Axis Focused Fund - Direct Plan - Growth Option,2025-07-18,63.51
Axis Focused Fund,120468,Axis Focused Fund - Direct Plan - Growth Option,2025-07-21,64.29
Axis Focused Fund,120468,Axis Focused Fund - Direct Plan - Growth Option,2025-07-22,64.62
Axis Focused Fund,120468,Axis Focused Fund - Direct Plan - Growth Option,2025-07-23,64.88
Axis Focused Fund,120468,Axis Focused Fund - Direct Plan - Growth Option,2025-07-24,64.53
Axis Focused Fund,120468,Axis Focused Fund - Direct Plan - Growth Option,2025-07-25,63.85
Axis Focused Fund,120468,Axis Focused Fund - Direct Plan - Growth Option,2025-07-28,63.23
Axis Focused Fund,120468,Axis Focused Fund - Direct Plan - Growth Option,2025-07-29,63.59
Axis Focused Fund,120468,Axis Focused Fund - Direct Plan - Growth Option,2025-07-30,63.66
Axis Focused Fund,120468,Axis Focused Fund - Direct Plan - Growth Option,2025-07-31,63.44
Axis Focused Fund,120468,Axis Focused Fund - Direct Plan - Growth Option,2025-08-01,62.74
Axis Focused Fund,120468,Axis Focused Fund - Direct Plan - Growth Option,2025-08-04,63.27
Axis Focused Fund,120468,Axis Focused Fund - Direct Plan - Growth Option,2025-08-05,63.11
Axis Focused Fund,120468,Axis Focused Fund - Direct Plan - Growth Option,2025-08-06,62.78
Axis Focused Fund,120468,Axis Focused Fund - Direct Plan - Growth Option,2025-08-07,63.01
Axis Focused Fund,120468,Axis Focused Fund - Direct Plan - Growth Option,2025-08-08,62.29
Axis Focused Fund,120468,Axis Focused Fund - Direct Plan - Growth Option,2025-08-11,62.93
Axis Focused Fund,120468,Axis Focused Fund - Direct Plan - Growth Option,2025-08-12,62.6
Axis Focused Fund,120468,Axis Focused Fund - Direct Plan - Growth Option,2025-08-13,63.2
Axis Focused Fund,120468,Axis Focused Fund - Direct Plan - Growth Option,2025-08-14,63.33
Axis Focused Fund,120468,Axis Focused Fund - Direct Plan - Growth Option,2025-08-18,63.98
Axis Focused Fund,120468,Axis Focused Fund - Direct Plan - Growth Option,2025-08-19,64.15
Axis Focused Fund,120468,Axis Focused Fund - Direct Plan - Growth Option,2025-08-20,64.27
Axis Focused Fund,120468,Axis Focused Fund - Direct Plan - Growth Option,2025-08-21,64.34
Axis Focused Fund,120468,Axis Focused Fund - Direct Plan - Growth Option,2025-08-22,64.18
Axis Focused Fund,120468,Axis Focused Fund - Direct Plan - Growth Option,2025-08-25,64.34
Axis Focused Fund,120468,Axis Focused Fund - Direct Plan - Growth Option,2025-08-26,63.54
Axis Focused Fund,120468,Axis Focused Fund - Direct Plan - Growth Option,2025-08-28,62.69
Axis Focused Fund,120468,Axis Focused Fund - Direct Plan - Growth Option,2025-08-29,62.31
Axis Focused Fund,120468,Axis Focused Fund - Direct Plan - Growth Option,2025-08-31,62.31
Axis Focused Fund,120468,Axis Focused Fund - Direct Plan - Growth Option,2025-09-01,63.07
Axis Focused Fund,120468,Axis Focused Fund - Direct Plan - Growth Option,2025-09-02,62.93
Axis Focused Fund,120468,Axis Focused Fund - Direct Plan - Growth Option,2025-09-03,63.27
Axis Focused Fund,120468,Axis Focused Fund - Direct Plan - Growth Option,2025-09-04,63.65
Axis Focused Fund,120468,Axis Focused Fund - Direct Plan - Growth Option,2025-09-05,63.51
Axis Focused Fund,120468,Axis Focused Fund - Direct Plan - Growth Option,2025-09-08,63.59
Axis Focused Fund,120468,Axis Focused Fund - Direct Plan - Growth Option,2025-09-09,63.7
Axis Focused Fund,120468,Axis Focused Fund - Direct Plan - Growth Option,2025-09-10,64.03
Axis Focused Fund,120468,Axis Focused Fund - Direct Plan - Growth Option,2025-09-11,64.01
Axis Focused Fund,120468,Axis Focused Fund - Direct Plan - Growth Option,2025-09-12,64.28
Axis Focused Fund,120468,Axis Focused Fund - Direct Plan - Growth Option,2025-09-15,64.37
Axis Focused Fund,120468,Axis Focused Fund - Direct Plan - Growth Option,2025-09-16,64.82
Axis Focused Fund,120468,Axis Focused Fund - Direct Plan - Growth Option,2025-09-17,65.0
Axis Focused Fund,120468,Axis Focused Fund - Direct Plan - Growth Option,2025-09-18,65.23
Axis Focused Fund,120468,Axis Focused Fund - Direct Plan - Growth Option,2025-09-19,65.1
Axis Focused Fund,120468,Axis Focused Fund - Direct Plan - Growth Option,2025-09-22,64.94
Axis Focused Fund,120468,Axis Focused Fund - Direct Plan - Growth Option,2025-09-23,64.71
Axis Focused Fund,120468,Axis Focused Fund - Direct Plan - Growth Option,2025-09-24,64.36
Axis Focused Fund,120468,Axis Focused Fund - Direct Plan - Growth Option,2025-09-25,63.85
Axis Focused Fund,120468,Axis Focused Fund - Direct Plan - Growth Option,2025-09-26,62.6
Axis Focused Fund,120468,Axis Focused Fund - Direct Plan - Growth Option,2025-09-30,62.61
Axis Focused Fund,120468,Axis Focused Fund - Direct Plan - Growth Option,2025-10-01,62.87
Axis Focused Fund,120468,Axis Focused Fund - Direct Plan - Growth Option,2025-10-03,63.05
Axis Focused Fund,120468,Axis Focused Fund - Direct Plan - Growth Option,2025-10-06,63.56
Axis Focused Fund,120468,Axis Focused Fund - Direct Plan - Growth Option,2025-10-07,63.98
Axis Focused Fund,120468,Axis Focused Fund - Direct Plan - Growth Option,2025-10-08,63.9
Axis Focused Fund,120468,Axis Focused Fund - Direct Plan - Growth Option,2025-10-09,64.21
Axis Focused Fund,120468,Axis Focused Fund - Direct Plan - Growth Option,2025-10-10,64.49
Axis Focused Fund,120468,Axis Focused Fund - Direct Plan - Growth Option,2025-10-13,64.6
Axis Focused Fund,120468,Axis Focused Fund - Direct Plan - Growth Option,2025-10-14,64.44
Axis Focused Fund,120468,Axis Focused Fund - Direct Plan - Growth Option,2025-10-15,65.19
Axis Focused Fund,120468,Axis Focused Fund - Direct Plan - Growth Option,2025-10-16,65.52
Axis Focused Fund,120468,Axis Focused Fund - Direct Plan - Growth Option,2025-10-17,65.63
Axis Focused Fund,120468,Axis Focused Fund - Direct Plan - Growth Option,2025-10-20,65.53
Axis Focused Fund,120468,Axis Focused Fund - Direct Plan - Growth Option,2025-10-23,65.49
Axis Focused Fund,120468,Axis Focused Fund - Direct Plan - Growth Option,2025-10-24,65.56
Axis Focused Fund,120468,Axis Focused Fund - Direct Plan - Growth Option,2025-10-27,65.89
Axis Focused Fund,120468,Axis Focused Fund - Direct Plan - Growth Option,2025-10-28,65.66
Axis Focused Fund,120468,Axis Focused Fund - Direct Plan - Growth Option,2025-10-29,65.71
Axis Focused Fund,120468,Axis Focused Fund - Direct Plan - Growth Option,2025-10-30,65.54
Axis Focused Fund,120468,Axis Focused Fund - Direct Plan - Growth Option,2025-10-31,64.79
Axis Focused Fund,120468,Axis Focused Fund - Direct Plan - Growth Option,2025-11-03,65.26
Axis Focused Fund,120468,Axis Focused Fund - Direct Plan - Growth Option,2025-11-04,65.0
Axis Focused Fund,120468,Axis Focused Fund - Direct Plan - Growth Option,2025-11-06,64.36
Axis Focused Fund,120468,Axis Focused Fund - Direct Plan - Growth Option,2025-11-07,64.27
Axis Focused Fund,120468,Axis Focused Fund - Direct Plan - Growth Option,2025-11-10,64.6
Axis Focused Fund,120468,Axis Focused Fund - Direct Plan - Growth Option,2025-11-11,64.66
Axis Focused Fund,120468,Axis Focused Fund - Direct Plan - Growth Option,2025-11-12,64.75
Axis Focused Fund,120468,Axis Focused Fund - Direct Plan - Growth Option,2025-11-13,64.6
Axis Focused Fund,120468,Axis Focused Fund - Direct Plan - Growth Option,2025-11-14,64.53
Axis Focused Fund,120468,Axis Focused Fund - Direct Plan - Growth Option,2025-11-17,64.99
Axis Focused Fund,120468,Axis Focused Fund - Direct Plan - Growth Option,2025-11-18,64.63
Axis Focused Fund,120468,Axis Focused Fund - Direct Plan - Growth Option,2025-11-19,64.82
Axis Focused Fund,120468,Axis Focused Fund - Direct Plan - Growth Option,2025-11-20,65.06
Axis Focused Fund,120468,Axis Focused Fund - Direct Plan - Growth Option,2025-11-21,64.45
Axis Focused Fund,120468,Axis Focused Fund - Direct Plan - Growth Option,2025-11-24,63.98
Axis Focused Fund,120468,Axis Focused Fund - Direct Plan - Growth Option,2025-11-25,63.9
Axis Focused Fund,120468,Axis Focused Fund - Direct Plan - Growth Option,2025-11-26,64.66
Axis Focused Fund,120468,Axis Focused Fund - Direct Plan - Growth Option,2025-11-27,64.77
Axis Focused Fund,120468,Axis Focused Fund - Direct Plan - Growth Option,2025-11-28,64.81
Axis Focused Fund,120468,Axis Focused Fund - Direct Plan - Growth Option,2025-11-30,64.81
Axis Focused Fund,120468,Axis Focused Fund - Direct Plan - Growth Option,2025-12-01,64.63
Axis Focused Fund,120468,Axis Focused Fund - Direct Plan - Growth Option,2025-12-02,64.39
Axis Focused Fund,120468,Axis Focused Fund - Direct Plan - Growth Option,2025-12-03,64.14
Axis Focused Fund,120468,Axis Focused Fund - Direct Plan - Growth Option,2025-12-04,64.25
Axis Focused Fund,120468,Axis Focused Fund - Direct Plan - Growth Option,2025-12-05,64.51
Axis Focused Fund,120468,Axis Focused Fund - Direct Plan - Growth Option,2025-12-08,63.52
Axis Focused Fund,120468,Axis Focused Fund - Direct Plan - Growth Option,2025-12-09,63.58
Axis Focused Fund,120468,Axis Focused Fund - Direct Plan - Growth Option,2025-12-10,63.11
Axis Focused Fund,120468,Axis Focused Fund - Direct Plan - Growth Option,2025-12-11,63.47
Axis Focused Fund,120468,Axis Focused Fund - Direct Plan - Growth Option,2025-12-12,63.87
Axis Focused Fund,120468,Axis Focused Fund - Direct Plan - Growth Option,2025-12-15,63.69
Axis Focused Fund,120468,Axis Focused Fund - Direct Plan - Growth Option,2025-12-16,63.14
Axis Focused Fund,120468,Axis Focused Fund - Direct Plan - Growth Option,2025-12-17,62.7
Axis Focused Fund,120468,Axis Focused Fund - Direct Plan - Growth Option,2025-12-18,62.8
Axis Focused Fund,120468,Axis Focused Fund - Direct Plan - Growth Option,2025-12-19,63.2
Axis Focused Fund,120468,Axis Focused Fund - Direct Plan - Growth Option,2025-12-22,63.5
Axis Focused Fund,120468,Axis Focused Fund - Direct Plan - Growth Option,2025-12-23,63.69
Axis Focused Fund,120468,Axis Focused Fund - Direct Plan - Growth Option,2025-12-24,63.64
Axis Focused Fund,120468,Axis Focused Fund - Direct Plan - Growth Option,2025-12-26,63.41
Axis Focused Fund,120468,Axis Focused Fund - Direct Plan - Growth Option,2025-12-29,63.15
Axis Focused Fund,120468,Axis Focused Fund - Direct Plan - Growth Option,2025-12-30,62.76
Axis Focused Fund,120468,Axis Focused Fund - Direct Plan - Growth Option,2025-12-31,63.05
Axis Focused Fund,120468,Axis Focused Fund - Direct Plan - Growth Option,2026-01-01,63.19
Axis Focused Fund,120468,Axis Focused Fund - Direct Plan - Growth Option,2026-01-02,63.7
Axis Focused Fund,120468,Axis Focused Fund - Direct Plan - Growth Option,2026-01-05,63.49
Axis Focused Fund,120468,Axis Focused Fund - Direct Plan - Growth Option,2026-01-06,63.6
Axis Focused Fund,120468,Axis Focused Fund - Direct Plan - Growth Option,2026-01-07,63.65
Axis Focused Fund,120468,Axis Focused Fund - Direct Plan - Growth Option,2026-01-08,63.15
Axis Focused Fund,120468,Axis Focused Fund - Direct Plan - Growth Option,2026-01-09,62.5
Axis Focused Fund,120468,Axis Focused Fund - Direct Plan - Growth Option,2026-01-12,62.42
Axis Focused Fund,120468,Axis Focused Fund - Direct Plan - Growth Option,2026-01-13,62.41
Axis Focused Fund,120468,Axis Focused Fund - Direct Plan - Growth Option,2026-01-14,62.2
Axis Focused Fund,120468,Axis Focused Fund - Direct Plan - Growth Option,2026-01-16,62.14
Axis Focused Fund,120468,Axis Focused Fund - Direct Plan - Growth Option,2026-01-19,61.82
Axis Focused Fund,120468,Axis Focused Fund - Direct Plan - Growth Option,2026-01-20,60.76
Axis Focused Fund,120468,Axis Focused Fund - Direct Plan - Growth Option,2026-01-21,60.61
Axis Focused Fund,120468,Axis Focused Fund - Direct Plan - Growth Option,2026-01-22,60.92
Axis Focused Fund,120468,Axis Focused Fund - Direct Plan - Growth Option,2026-01-23,60.12
Axis Focused Fund,120468,Axis Focused Fund - Direct Plan - Growth Option,2026-01-27,60.07
Axis Focused Fund,120468,Axis Focused Fund - Direct Plan - Growth Option,2026-01-28,60.77
Axis Focused Fund,120468,Axis Focused Fund - Direct Plan - Growth Option,2026-01-29,60.77
Axis Focused Fund,120468,Axis Focused Fund - Direct Plan - Growth Option,2026-01-30,60.81
Axis Focused Fund,120468,Axis Focused Fund - Direct Plan - Growth Option,2026-01-31,60.81
Axis Focused Fund,120468,Axis Focused Fund - Direct Plan - Growth Option,2026-02-02,60.19
Axis Focused Fund,120468,Axis Focused Fund - Direct Plan - Growth Option,2026-02-03,61.84
Axis Focused Fund,120468,Axis Focused Fund - Direct Plan - Growth Option,2026-02-04,61.75
Axis Focused Fund,120468,Axis Focused Fund - Direct Plan - Growth Option,2026-02-05,61.63
Axis Focused Fund,120468,Axis Focused Fund - Direct Plan - Growth Option,2026-02-06,61.64
Axis Focused Fund,120468,Axis Focused Fund - Direct Plan - Growth Option,2026-02-09,62.1
Axis Focused Fund,120468,Axis Focused Fund - Direct Plan - Growth Option,2026-02-10,62.29
Axis Focused Fund,120468,Axis Focused Fund - Direct Plan - Growth Option,2026-02-11,62.43
Axis Focused Fund,120468,Axis Focused Fund - Direct Plan - Growth Option,2026-02-12,62.28
Axis Focused Fund,120468,Axis Focused Fund - Direct Plan - Growth Option,2026-02-13,61.68
Axis Focused Fund,120468,Axis Focused Fund - Direct Plan - Growth Option,2026-02-16,61.92
Axis Focused Fund,120468,Axis Focused Fund - Direct Plan - Growth Option,2026-02-17,61.98
Axis Focused Fund,120468,Axis Focused Fund - Direct Plan - Growth Option,2026-02-18,62.28
Axis Focused Fund,120468,Axis Focused Fund - Direct Plan - Growth Option,2026-02-19,61.39
Axis Focused Fund,120468,Axis Focused Fund - Direct Plan - Growth Option,2026-02-20,61.65
Axis Focused Fund,120468,Axis Focused Fund - Direct Plan - Growth Option,2026-02-23,61.89
Axis Focused Fund,120468,Axis Focused Fund - Direct Plan - Growth Option,2026-02-24,61.31
Axis Focused Fund,120468,Axis Focused Fund - Direct Plan - Growth Option,2026-02-25,61.58
Axis Focused Fund,120468,Axis Focused Fund - Direct Plan - Growth Option,2026-02-26,61.69
Axis Focused Fund,120468,Axis Focused Fund - Direct Plan - Growth Option,2026-02-27,61.11
Axis Focused Fund,120468,Axis Focused Fund - Direct Plan - Growth Option,2026-02-28,61.1
Axis Focused Fund,120468,Axis Focused Fund - Direct Plan - Growth Option,2026-03-02,60.45
Axis Focused Fund,120468,Axis Focused Fund - Direct Plan - Growth Option,2026-03-04,59.52
Axis Focused Fund,120468,Axis Focused Fund - Direct Plan - Growth Option,2026-03-05,60.06
Axis Focused Fund,120468,Axis Focused Fund - Direct Plan - Growth Option,2026-03-06,59.28
Axis Focused Fund,120468,Axis Focused Fund - Direct Plan - Growth Option,2026-03-09,58.42
Axis Focused Fund,120468,Axis Focused Fund - Direct Plan - Growth Option,2026-03-10,58.99
Axis Focused Fund,120468,Axis Focused Fund - Direct Plan - Growth Option,2026-03-11,57.9
Axis Focused Fund,120468,Axis Focused Fund - Direct Plan - Growth Option,2026-03-12,57.45
Axis Focused Fund,120468,Axis Focused Fund - Direct Plan - Growth Option,2026-03-13,56.53
Axis Focused Fund,120468,Axis Focused Fund - Direct Plan - Growth Option,2026-03-16,56.93
Axis Focused Fund,120468,Axis Focused Fund - Direct Plan - Growth Option,2026-03-17,57.39
Axis Focused Fund,120468,Axis Focused Fund - Direct Plan - Growth Option,2026-03-18,58.04
Axis Focused Fund,120468,Axis Focused Fund - Direct Plan - Growth Option,2026-03-19,56.22
Axis Focused Fund,120468,Axis Focused Fund - Direct Plan - Growth Option,2026-03-20,56.51
Axis Focused Fund,120468,Axis Focused Fund - Direct Plan - Growth Option,2026-03-23,55.08
Axis Focused Fund,120468,Axis Focused Fund - Direct Plan - Growth Option,2026-03-24,56.07
Axis Focused Fund,120468,Axis Focused Fund - Direct Plan - Growth Option,2026-03-25,56.97
Axis Focused Fund,120468,Axis Focused Fund - Direct Plan - Growth Option,2026-03-27,55.89
Axis Focused Fund,120468,Axis Focused Fund - Direct Plan - Growth Option,2026-03-30,54.52
Axis Focused Fund,120468,Axis Focused Fund - Direct Plan - Growth Option,2026-03-31,54.52
Axis Focused Fund,120468,Axis Focused Fund - Direct Plan - Growth Option,2026-04-01,55.25
Axis Focused Fund,120468,Axis Focused Fund - Direct Plan - Growth Option,2026-04-02,55.18
Axis Focused Fund,120468,Axis Focused Fund - Direct Plan - Growth Option,2026-04-06,55.89
Axis Focused Fund,120468,Axis Focused Fund - Direct Plan - Growth Option,2026-04-07,56.18
Axis Focused Fund,120468,Axis Focused Fund - Direct Plan - Growth Option,2026-04-08,58.23
Axis Focused Fund,120468,Axis Focused Fund - Direct Plan - Growth Option,2026-04-09,57.86
Axis Focused Fund,120468,Axis Focused Fund - Direct Plan - Growth Option,2026-04-10,58.81
Axis Focused Fund,120468,Axis Focused Fund - Direct Plan - Growth Option,2026-04-13,58.16
Axis Focused Fund,120468,Axis Focused Fund - Direct Plan - Growth Option,2026-04-15,59.05
Axis Focused Fund,120468,Axis Focused Fund - Direct Plan - Growth Option,2026-04-16,59.31
Axis Focused Fund,120468,Axis Focused Fund - Direct Plan - Growth Option,2026-04-17,59.85
Axis Focused Fund,120468,Axis Focused Fund - Direct Plan - Growth Option,2026-04-20,60.19
Axis Focused Fund,120468,Axis Focused Fund - Direct Plan - Growth Option,2026-04-21,60.73
Axis Focused Fund,120468,Axis Focused Fund - Direct Plan - Growth Option,2026-04-22,60.59
Axis Focused Fund,120468,Axis Focused Fund - Direct Plan - Growth Option,2026-04-23,60.41
Axis Focused Fund,120468,Axis Focused Fund - Direct Plan - Growth Option,2026-04-24,59.95
Axis Focused Fund,120468,Axis Focused Fund - Direct Plan - Growth Option,2026-04-27,60.26
Axis Focused Fund,120468,Axis Focused Fund - Direct Plan - Growth Option,2026-04-28,59.84
Axis Focused Fund,120468,Axis Focused Fund - Direct Plan - Growth Option,2026-04-29,60.03
Axis Focused Fund,120468,Axis Focused Fund - Direct Plan - Growth Option,2026-04-30,59.6
Axis Focused Fund,120468,Axis Focused Fund - Direct Plan - Growth Option,2026-05-04,59.99
Axis Focused Fund,120468,Axis Focused Fund - Direct Plan - Growth Option,2026-05-05,60.07
Axis Focused Fund,120468,Axis Focused Fund - Direct Plan - Growth Option,2026-05-06,60.91
Axis Focused Fund,120468,Axis Focused Fund - Direct Plan - Growth Option,2026-05-07,61.06
Axis Focused Fund,120468,Axis Focused Fund - Direct Plan - Growth Option,2026-05-08,60.87
Axis Focused Fund,120468,Axis Focused Fund - Direct Plan - Growth Option,2026-05-11,59.88
Axis Focused Fund,120468,Axis Focused Fund - Direct Plan - Growth Option,2026-05-12,58.69
Axis Focused Fund,120468,Axis Focused Fund - Direct Plan - Growth Option,2026-05-13,58.6
Axis Focused Fund,120468,Axis Focused Fund - Direct Plan - Growth Option,2026-05-14,59.32
Axis Focused Fund,120468,Axis Focused Fund - Direct Plan - Growth Option,2026-05-15,59.1
Axis Focused Fund,120468,Axis Focused Fund - Direct Plan - Growth Option,2026-05-18,58.96
Axis Focused Fund,120468,Axis Focused Fund - Direct Plan - Growth Option,2026-05-19,59.03
Axis Focused Fund,120468,Axis Focused Fund - Direct Plan - Growth Option,2026-05-20,59.35
Axis Focused Fund,120468,Axis Focused Fund - Direct Plan - Growth Option,2026-05-21,59.43
Axis Focused Fund,120468,Axis Focused Fund - Direct Plan - Growth Option,2026-05-22,59.65
Axis Focused Fund,120468,Axis Focused Fund - Direct Plan - Growth Option,2026-05-25,60.16
Axis Focused Fund,120468,Axis Focused Fund - Direct Plan - Growth Option,2026-05-26,59.95
Axis Focused Fund,120468,Axis Focused Fund - Direct Plan - Growth Option,2026-05-27,60.43
Axis Focused Fund,120468,Axis Focused Fund - Direct Plan - Growth Option,2026-05-29,59.43
Axis Focused Fund,120468,Axis Focused Fund - Direct Plan - Growth Option,2026-05-31,59.43
Axis Focused Fund,120468,Axis Focused Fund - Direct Plan - Growth Option,2026-06-01,58.63
Axis Focused Fund,120468,Axis Focused Fund - Direct Plan - Growth Option,2026-06-02,58.72
Axis Focused Fund,120468,Axis Focused Fund - Direct Plan - Growth Option,2026-06-03,58.85
Axis Focused Fund,120468,Axis Focused Fund - Direct Plan - Growth Option,2026-06-04,59.16
Axis Focused Fund,120468,Axis Focused Fund - Direct Plan - Growth Option,2026-06-05,59.35
Axis Focused Fund,120468,Axis Focused Fund - Direct Plan - Growth Option,2026-06-08,58.48
Axis Focused Fund,120468,Axis Focused Fund - Direct Plan - Growth Option,2026-06-09,59.06
Axis Focused Fund,120468,Axis Focused Fund - Direct Plan - Growth Option,2026-06-10,58.87
Axis Focused Fund,120468,Axis Focused Fund - Direct Plan - Growth Option,2026-06-11,58.78
Axis Focused Fund,120468,Axis Focused Fund - Direct Plan - Growth Option,2026-06-12,60.11
Axis Focused Fund,120468,Axis Focused Fund - Direct Plan - Growth Option,2026-06-15,61.09
Axis Focused Fund,120468,Axis Focused Fund - Direct Plan - Growth Option,2026-06-16,61.32
Axis Focused Fund,120468,Axis Focused Fund - Direct Plan - Growth Option,2026-06-17,61.77
Axis Focused Fund,120468,Axis Focused Fund - Direct Plan - Growth Option,2026-06-18,62.06
Axis Focused Fund,120468,Axis Focused Fund - Direct Plan - Growth Option,2026-06-19,62.24
Axis Focused Fund,120468,Axis Focused Fund - Direct Plan - Growth Option,2026-06-22,62.51
Axis Focused Fund,120468,Axis Focused Fund - Direct Plan - Growth Option,2026-06-23,62.12
Axis Focused Fund,120468,Axis Focused Fund - Direct Plan - Growth Option,2026-06-24,62.48
Axis Focused Fund,120468,Axis Focused Fund - Direct Plan - Growth Option,2026-06-25,62.66
Axis Focused Fund,120468,Axis Focused Fund - Direct Plan - Growth Option,2026-06-29,62.27
Axis Focused Fund,120468,Axis Focused Fund - Direct Plan - Growth Option,2026-06-30,62.47
Axis Focused Fund,120468,Axis Focused Fund - Direct Plan - Growth Option,2026-07-01,62.83
Axis Focused Fund,120468,Axis Focused Fund - Direct Plan - Growth Option,2026-07-02,63.2
Axis Focused Fund,120468,Axis Focused Fund - Direct Plan - Growth Option,2026-07-03,62.88
Axis Focused Fund,120468,Axis Focused Fund - Direct Plan - Growth Option,2026-07-06,63.53
Axis Focused Fund,120468,Axis Focused Fund - Direct Plan - Growth Option,2026-07-07,63.36
Axis Focused Fund,120468,Axis Focused Fund - Direct Plan - Growth Option,2026-07-08,62.12
Axis Focused Fund,120468,Axis Focused Fund - Direct Plan - Growth Option,2026-07-09,62.5
Axis Focused Fund,120468,Axis Focused Fund - Direct Plan - Growth Option,2026-07-10,62.99
Axis Focused Fund,120468,Axis Focused Fund - Direct Plan - Growth Option,2026-07-13,62.96
Axis Focused Fund,120468,Axis Focused Fund - Direct Plan - Growth Option,2026-07-14,62.61
Axis Focused Fund,120468,Axis Focused Fund - Direct Plan - Growth Option,2026-07-15,63.18
Axis Focused Fund,120468,Axis Focused Fund - Direct Plan - Growth Option,2026-07-16,63.01
Axis Focused Fund,120468,Axis Focused Fund - Direct Plan - Growth Option,2026-07-17,63.19
Axis Focused Fund,120468,Axis Focused Fund - Direct Plan - Growth Option,2026-07-20,63.24
Axis Focused Fund,120468,Axis Focused Fund - Direct Plan - Growth Option,2026-07-21,63.36
Axis Focused Fund,120468,Axis Focused Fund - Direct Plan - Growth Option,2026-07-22,63.02
Axis Focused Fund,120468,Axis Focused Fund - Direct Plan - Growth Option,2026-07-23,62.66
Axis Focused Fund,120468,Axis Focused Fund - Direct Plan - Growth Option,2026-07-24,62.41
Axis Focused Fund,120468,Axis Focused Fund - Direct Plan - Growth Option,2026-07-27,63.43
Axis Focused Fund,120468,Axis Focused Fund - Direct Plan - Growth Option,2026-07-28,63.51
Axis Focused Fund,120468,Axis Focused Fund - Direct Plan - Growth Option,2026-07-29,64.05
Axis Focused Fund,120468,Axis Focused Fund - Direct Plan - Growth Option,2026-07-30,64.17
Axis Focused Fund,120468,Axis Focused Fund - Direct Plan - Growth Option,2026-07-31,65.03
Axis Focused Fund,120468,Axis Focused Fund - Direct Plan - Growth Option,2026-08-03,66.1
Axis Focused Fund,120468,Axis Focused Fund - Direct Plan - Growth Option,2026-08-04,66.0
Axis Focused Fund,120468,Axis Focused Fund - Direct Plan - Growth Option,2026-08-05,66.19
Axis Focused Fund,120468,Axis Focused Fund - Direct Plan - Growth Option,2026-08-06,66.48
Axis Focused Fund,120468,Axis Focused Fund - Direct Plan - Growth Option,2026-08-07,66.14
Axis Focused Fund,120468,Axis Focused Fund - Direct Plan - Growth Option,2026-08-10,66.37
Axis Focused Fund,120468,Axis Focused Fund - Direct Plan - Growth Option,2026-08-11,66.54
Axis Focused Fund,120468,Axis Focused Fund - Direct Plan - Growth Option,2026-08-12,66.9
Axis Focused Fund,120468,Axis Focused Fund - Direct Plan - Growth Option,2026-08-13,66.63
Axis Focused Fund,120468,Axis Focused Fund - Direct Plan - Growth Option,2026-08-14,66.61
Axis Focused Fund,120468,Axis Focused Fund - Direct Plan - Growth Option,2026-08-17,66.54
Axis Focused Fund,120468,Axis Focused Fund - Direct Plan - Growth Option,2026-08-18,66.48
Axis Focused Fund,120468,Axis Focused Fund - Direct Plan - Growth Option,2026-08-19,66.13
Axis Focused Fund,120468,Axis Focused Fund - Direct Plan - Growth Option,2026-08-20,66.52
Axis Focused Fund,120468,Axis Focused Fund - Direct Plan - Growth Option,2026-08-21,66.46
Axis Focused Fund,120468,Axis Focused Fund - Direct Plan - Growth Option,2026-08-24,66.22
Axis Focused Fund,120468,Axis Focused Fund - Direct Plan - Growth Option,2026-08-25,66.77
Axis Focused Fund,120468,Axis Focused Fund - Direct Plan - Growth Option,2026-08-26,66.81
Axis Focused Fund,120468,Axis Focused Fund - Direct Plan - Growth Option,2026-08-27,66.89
Axis Focused Fund,120468,Axis Focused Fund - Direct Plan - Growth Option,2026-08-28,66.78
Axis Focused Fund,120468,Axis Focused Fund - Direct Plan - Growth Option,2026-08-31,66.97
Axis Focused Fund,120468,Axis Focused Fund - Direct Plan - Growth Option,2026-09-01,66.08
Axis Focused Fund,120468,Axis Focused Fund - Direct Plan - Growth Option,2026-09-02,65.76
Axis Focused Fund,120468,Axis Focused Fund - Direct Plan - Growth Option,2026-09-03,65.95
Axis Focused Fund,120468,Axis Focused Fund - Direct Plan - Growth Option,2026-09-04,65.77
Axis Focused Fund,120468,Axis Focused Fund - Direct Plan - Growth Option,2026-09-07,65.71
Axis Focused Fund,120468,Axis Focused Fund - Direct Plan - Growth Option,2026-09-08,65.83
Axis Focused Fund,120468,Axis Focused Fund - Direct Plan - Growth Option,2026-09-09,65.53
Axis Focused Fund,120468,Axis Focused Fund - Direct Plan - Growth Option,2026-09-10,65.52
Axis Focused Fund,120468,Axis Focused Fund - Direct Plan - Growth Option,2026-09-11,65.43
Axis Focused Fund,120468,Axis Focused Fund - Direct Plan - Growth Option,2026-09-15,63.87
Axis Focused Fund,120468,Axis Focused Fund - Direct Plan - Growth Option,2026-09-16,64.18
Axis Focused Fund,120468,Axis Focused Fund - Direct Plan - Growth Option,2026-09-17,64.6
Axis Focused Fund,120468,Axis Focused Fund - Direct Plan - Growth Option,2026-09-18,65.39
Axis Focused Fund,120468,Axis Focused Fund - Direct Plan - Growth Option,2026-09-21,65.46
Axis Focused Fund,120468,Axis Focused Fund - Direct Plan - Growth Option,2026-09-22,65.17
Axis Focused Fund,120468,Axis Focused Fund - Direct Plan - Growth Option,2026-09-23,65.68
Axis Focused Fund,120468,Axis Focused Fund - Direct Plan - Growth Option,2026-09-24,63.51
Axis Focused Fund,120468,Axis Focused Fund - Direct Plan - Growth Option,2026-09-25,63.68
Axis Focused Fund,120468,Axis Focused Fund - Direct Plan - Growth Option,2026-09-28,62.79
Axis Focused Fund,120468,Axis Focused Fund - Direct Plan - Growth Option,2026-09-29,62.38
Axis Focused Fund,120468,Axis Focused Fund - Direct Plan - Growth Option,2026-09-30,61.93
Axis Focused Fund,120468,Axis Focused Fund - Direct Plan - Growth Option,2026-10-01,61.46
Canara Rob Large Cap Fund,118269,Canara Robeco Large Cap Fund - Direct Plan - GROWTH OPTION,2025-01-01,69.62
Canara Rob Large Cap Fund,118269,Canara Robeco Large Cap Fund - Direct Plan - GROWTH OPTION,2025-01-02,70.78
Canara Rob Large Cap Fund,118269,Canara Robeco Large Cap Fund - Direct Plan - GROWTH OPTION,2025-01-03,70.28
Canara Rob Large Cap Fund,118269,Canara Robeco Large Cap Fund - Direct Plan - GROWTH OPTION,2025-01-06,69.17
Canara Rob Large Cap Fund,118269,Canara Robeco Large Cap Fund - Direct Plan - GROWTH OPTION,2025-01-07,69.36
Canara Rob Large Cap Fund,118269,Canara Robeco Large Cap Fund - Direct Plan - GROWTH OPTION,2025-01-08,69.05
Canara Rob Large Cap Fund,118269,Canara Robeco Large Cap Fund - Direct Plan - GROWTH OPTION,2025-01-09,68.68
Canara Rob Large Cap Fund,118269,Canara Robeco Large Cap Fund - Direct Plan - GROWTH OPTION,2025-01-10,68.15
Canara Rob Large Cap Fund,118269,Canara Robeco Large Cap Fund - Direct Plan - GROWTH OPTION,2025-01-13,66.83
Canara Rob Large Cap Fund,118269,Canara Robeco Large Cap Fund - Direct Plan - GROWTH OPTION,2025-01-14,67.17
Canara Rob Large Cap Fund,118269,Canara Robeco Large Cap Fund - Direct Plan - GROWTH OPTION,2025-01-15,67.24
Canara Rob Large Cap Fund,118269,Canara Robeco Large Cap Fund - Direct Plan - GROWTH OPTION,2025-01-16,67.55
Canara Rob Large Cap Fund,118269,Canara Robeco Large Cap Fund - Direct Plan - GROWTH OPTION,2025-01-17,67.36
Canara Rob Large Cap Fund,118269,Canara Robeco Large Cap Fund - Direct Plan - GROWTH OPTION,2025-01-20,67.66
Canara Rob Large Cap Fund,118269,Canara Robeco Large Cap Fund - Direct Plan - GROWTH OPTION,2025-01-21,66.47
Canara Rob Large Cap Fund,118269,Canara Robeco Large Cap Fund - Direct Plan - GROWTH OPTION,2025-01-22,66.62
Canara Rob Large Cap Fund,118269,Canara Robeco Large Cap Fund - Direct Plan - GROWTH OPTION,2025-01-23,67.03
Canara Rob Large Cap Fund,118269,Canara Robeco Large Cap Fund - Direct Plan - GROWTH OPTION,2025-01-24,66.54
Canara Rob Large Cap Fund,118269,Canara Robeco Large Cap Fund - Direct Plan - GROWTH OPTION,2025-01-27,65.64
Canara Rob Large Cap Fund,118269,Canara Robeco Large Cap Fund - Direct Plan - GROWTH OPTION,2025-01-28,65.95
Canara Rob Large Cap Fund,118269,Canara Robeco Large Cap Fund - Direct Plan - GROWTH OPTION,2025-01-29,66.75
Canara Rob Large Cap Fund,118269,Canara Robeco Large Cap Fund - Direct Plan - GROWTH OPTION,2025-01-30,67.02
Canara Rob Large Cap Fund,118269,Canara Robeco Large Cap Fund - Direct Plan - GROWTH OPTION,2025-01-31,67.69
Canara Rob Large Cap Fund,118269,Canara Robeco Large Cap Fund - Direct Plan - GROWTH OPTION,2025-02-03,67.73
Canara Rob Large Cap Fund,118269,Canara Robeco Large Cap Fund - Direct Plan - GROWTH OPTION,2025-02-04,68.71
Canara Rob Large Cap Fund,118269,Canara Robeco Large Cap Fund - Direct Plan - GROWTH OPTION,2025-02-05,68.6
Canara Rob Large Cap Fund,118269,Canara Robeco Large Cap Fund - Direct Plan - GROWTH OPTION,2025-02-06,68.22
Canara Rob Large Cap Fund,118269,Canara Robeco Large Cap Fund - Direct Plan - GROWTH OPTION,2025-02-07,68.25
Canara Rob Large Cap Fund,118269,Canara Robeco Large Cap Fund - Direct Plan - GROWTH OPTION,2025-02-10,67.63
Canara Rob Large Cap Fund,118269,Canara Robeco Large Cap Fund - Direct Plan - GROWTH OPTION,2025-02-11,66.59
Canara Rob Large Cap Fund,118269,Canara Robeco Large Cap Fund - Direct Plan - GROWTH OPTION,2025-02-12,66.55
Canara Rob Large Cap Fund,118269,Canara Robeco Large Cap Fund - Direct Plan - GROWTH OPTION,2025-02-13,66.57
Canara Rob Large Cap Fund,118269,Canara Robeco Large Cap Fund - Direct Plan - GROWTH OPTION,2025-02-14,65.99
Canara Rob Large Cap Fund,118269,Canara Robeco Large Cap Fund - Direct Plan - GROWTH OPTION,2025-02-17,65.95
Canara Rob Large Cap Fund,118269,Canara Robeco Large Cap Fund - Direct Plan - GROWTH OPTION,2025-02-18,65.96
Canara Rob Large Cap Fund,118269,Canara Robeco Large Cap Fund - Direct Plan - GROWTH OPTION,2025-02-19,66.09
Canara Rob Large Cap Fund,118269,Canara Robeco Large Cap Fund - Direct Plan - GROWTH OPTION,2025-02-20,66.13
Canara Rob Large Cap Fund,118269,Canara Robeco Large Cap Fund - Direct Plan - GROWTH OPTION,2025-02-21,65.68
Canara Rob Large Cap Fund,118269,Canara Robeco Large Cap Fund - Direct Plan - GROWTH OPTION,2025-02-24,65.12
Canara Rob Large Cap Fund,118269,Canara Robeco Large Cap Fund - Direct Plan - GROWTH OPTION,2025-02-25,65.13
Canara Rob Large Cap Fund,118269,Canara Robeco Large Cap Fund - Direct Plan - GROWTH OPTION,2025-02-27,64.91
Canara Rob Large Cap Fund,118269,Canara Robeco Large Cap Fund - Direct Plan - GROWTH OPTION,2025-02-28,63.62
Canara Rob Large Cap Fund,118269,Canara Robeco Large Cap Fund - Direct Plan - GROWTH OPTION,2025-03-03,63.81
Canara Rob Large Cap Fund,118269,Canara Robeco Large Cap Fund - Direct Plan - GROWTH OPTION,2025-03-04,63.87
Canara Rob Large Cap Fund,118269,Canara Robeco Large Cap Fund - Direct Plan - GROWTH OPTION,2025-03-05,64.6
Canara Rob Large Cap Fund,118269,Canara Robeco Large Cap Fund - Direct Plan - GROWTH OPTION,2025-03-06,65.07
Canara Rob Large Cap Fund,118269,Canara Robeco Large Cap Fund - Direct Plan - GROWTH OPTION,2025-03-07,64.96
Canara Rob Large Cap Fund,118269,Canara Robeco Large Cap Fund - Direct Plan - GROWTH OPTION,2025-03-10,64.56
Canara Rob Large Cap Fund,118269,Canara Robeco Large Cap Fund - Direct Plan - GROWTH OPTION,2025-03-11,64.79
Canara Rob Large Cap Fund,118269,Canara Robeco Large Cap Fund - Direct Plan - GROWTH OPTION,2025-03-12,64.69
Canara Rob Large Cap Fund,118269,Canara Robeco Large Cap Fund - Direct Plan - GROWTH OPTION,2025-03-13,64.56
Canara Rob Large Cap Fund,118269,Canara Robeco Large Cap Fund - Direct Plan - GROWTH OPTION,2025-03-17,64.97
Canara Rob Large Cap Fund,118269,Canara Robeco Large Cap Fund - Direct Plan - GROWTH OPTION,2025-03-18,66.08
Canara Rob Large Cap Fund,118269,Canara Robeco Large Cap Fund - Direct Plan - GROWTH OPTION,2025-03-19,66.51
Canara Rob Large Cap Fund,118269,Canara Robeco Large Cap Fund - Direct Plan - GROWTH OPTION,2025-03-20,67.22
Canara Rob Large Cap Fund,118269,Canara Robeco Large Cap Fund - Direct Plan - GROWTH OPTION,2025-03-21,67.75
Canara Rob Large Cap Fund,118269,Canara Robeco Large Cap Fund - Direct Plan - GROWTH OPTION,2025-03-24,68.42
Canara Rob Large Cap Fund,118269,Canara Robeco Large Cap Fund - Direct Plan - GROWTH OPTION,2025-03-25,68.28
Canara Rob Large Cap Fund,118269,Canara Robeco Large Cap Fund - Direct Plan - GROWTH OPTION,2025-03-26,67.76
Canara Rob Large Cap Fund,118269,Canara Robeco Large Cap Fund - Direct Plan - GROWTH OPTION,2025-03-27,68.17
Canara Rob Large Cap Fund,118269,Canara Robeco Large Cap Fund - Direct Plan - GROWTH OPTION,2025-03-28,67.87
Canara Rob Large Cap Fund,118269,Canara Robeco Large Cap Fund - Direct Plan - GROWTH OPTION,2025-03-31,67.87
Canara Rob Large Cap Fund,118269,Canara Robeco Large Cap Fund - Direct Plan - GROWTH OPTION,2025-04-01,66.87
Canara Rob Large Cap Fund,118269,Canara Robeco Large Cap Fund - Direct Plan - GROWTH OPTION,2025-04-02,67.43
Canara Rob Large Cap Fund,118269,Canara Robeco Large Cap Fund - Direct Plan - GROWTH OPTION,2025-04-03,67.26
Canara Rob Large Cap Fund,118269,Canara Robeco Large Cap Fund - Direct Plan - GROWTH OPTION,2025-04-04,66.44
Canara Rob Large Cap Fund,118269,Canara Robeco Large Cap Fund - Direct Plan - GROWTH OPTION,2025-04-07,64.4
Canara Rob Large Cap Fund,118269,Canara Robeco Large Cap Fund - Direct Plan - GROWTH OPTION,2025-04-08,65.48
Canara Rob Large Cap Fund,118269,Canara Robeco Large Cap Fund - Direct Plan - GROWTH OPTION,2025-04-09,65.14
Canara Rob Large Cap Fund,118269,Canara Robeco Large Cap Fund - Direct Plan - GROWTH OPTION,2025-04-11,66.23
Canara Rob Large Cap Fund,118269,Canara Robeco Large Cap Fund - Direct Plan - GROWTH OPTION,2025-04-15,67.75
Canara Rob Large Cap Fund,118269,Canara Robeco Large Cap Fund - Direct Plan - GROWTH OPTION,2025-04-16,68.0
Canara Rob Large Cap Fund,118269,Canara Robeco Large Cap Fund - Direct Plan - GROWTH OPTION,2025-04-17,69.12
Canara Rob Large Cap Fund,118269,Canara Robeco Large Cap Fund - Direct Plan - GROWTH OPTION,2025-04-21,69.93
Canara Rob Large Cap Fund,118269,Canara Robeco Large Cap Fund - Direct Plan - GROWTH OPTION,2025-04-22,70.12
Canara Rob Large Cap Fund,118269,Canara Robeco Large Cap Fund - Direct Plan - GROWTH OPTION,2025-04-23,70.55
Canara Rob Large Cap Fund,118269,Canara Robeco Large Cap Fund - Direct Plan - GROWTH OPTION,2025-04-24,70.31
Canara Rob Large Cap Fund,118269,Canara Robeco Large Cap Fund - Direct Plan - GROWTH OPTION,2025-04-25,69.6
Canara Rob Large Cap Fund,118269,Canara Robeco Large Cap Fund - Direct Plan - GROWTH OPTION,2025-04-28,70.36
Canara Rob Large Cap Fund,118269,Canara Robeco Large Cap Fund - Direct Plan - GROWTH OPTION,2025-04-29,70.38
Canara Rob Large Cap Fund,118269,Canara Robeco Large Cap Fund - Direct Plan - GROWTH OPTION,2025-04-30,70.25
Canara Rob Large Cap Fund,118269,Canara Robeco Large Cap Fund - Direct Plan - GROWTH OPTION,2025-05-02,70.25
Canara Rob Large Cap Fund,118269,Canara Robeco Large Cap Fund - Direct Plan - GROWTH OPTION,2025-05-05,70.72
Canara Rob Large Cap Fund,118269,Canara Robeco Large Cap Fund - Direct Plan - GROWTH OPTION,2025-05-06,70.26
Canara Rob Large Cap Fund,118269,Canara Robeco Large Cap Fund - Direct Plan - GROWTH OPTION,2025-05-07,70.51
Canara Rob Large Cap Fund,118269,Canara Robeco Large Cap Fund - Direct Plan - GROWTH OPTION,2025-05-08,69.88
Canara Rob Large Cap Fund,118269,Canara Robeco Large Cap Fund - Direct Plan - GROWTH OPTION,2025-05-09,69.26
Canara Rob Large Cap Fund,118269,Canara Robeco Large Cap Fund - Direct Plan - GROWTH OPTION,2025-05-12,71.79
Canara Rob Large Cap Fund,118269,Canara Robeco Large Cap Fund - Direct Plan - GROWTH OPTION,2025-05-13,71.06
Canara Rob Large Cap Fund,118269,Canara Robeco Large Cap Fund - Direct Plan - GROWTH OPTION,2025-05-14,71.37
Canara Rob Large Cap Fund,118269,Canara Robeco Large Cap Fund - Direct Plan - GROWTH OPTION,2025-05-15,72.31
Canara Rob Large Cap Fund,118269,Canara Robeco Large Cap Fund - Direct Plan - GROWTH OPTION,2025-05-16,72.37
Canara Rob Large Cap Fund,118269,Canara Robeco Large Cap Fund - Direct Plan - GROWTH OPTION,2025-05-19,72.3
Canara Rob Large Cap Fund,118269,Canara Robeco Large Cap Fund - Direct Plan - GROWTH OPTION,2025-05-20,71.43
Canara Rob Large Cap Fund,118269,Canara Robeco Large Cap Fund - Direct Plan - GROWTH OPTION,2025-05-21,71.9
Canara Rob Large Cap Fund,118269,Canara Robeco Large Cap Fund - Direct Plan - GROWTH OPTION,2025-05-22,71.42
Canara Rob Large Cap Fund,118269,Canara Robeco Large Cap Fund - Direct Plan - GROWTH OPTION,2025-05-23,72.0
Canara Rob Large Cap Fund,118269,Canara Robeco Large Cap Fund - Direct Plan - GROWTH OPTION,2025-05-26,72.28
Canara Rob Large Cap Fund,118269,Canara Robeco Large Cap Fund - Direct Plan - GROWTH OPTION,2025-05-27,71.83
Canara Rob Large Cap Fund,118269,Canara Robeco Large Cap Fund - Direct Plan - GROWTH OPTION,2025-05-28,71.68
Canara Rob Large Cap Fund,118269,Canara Robeco Large Cap Fund - Direct Plan - GROWTH OPTION,2025-05-29,71.86
Canara Rob Large Cap Fund,118269,Canara Robeco Large Cap Fund - Direct Plan - GROWTH OPTION,2025-05-30,71.72
Canara Rob Large Cap Fund,118269,Canara Robeco Large Cap Fund - Direct Plan - GROWTH OPTION,2025-06-02,71.68
Canara Rob Large Cap Fund,118269,Canara Robeco Large Cap Fund - Direct Plan - GROWTH OPTION,2025-06-03,71.27
Canara Rob Large Cap Fund,118269,Canara Robeco Large Cap Fund - Direct Plan - GROWTH OPTION,2025-06-04,71.57
Canara Rob Large Cap Fund,118269,Canara Robeco Large Cap Fund - Direct Plan - GROWTH OPTION,2025-06-05,71.95
Canara Rob Large Cap Fund,118269,Canara Robeco Large Cap Fund - Direct Plan - GROWTH OPTION,2025-06-06,72.67
Canara Rob Large Cap Fund,118269,Canara Robeco Large Cap Fund - Direct Plan - GROWTH OPTION,2025-06-09,73.0
Canara Rob Large Cap Fund,118269,Canara Robeco Large Cap Fund - Direct Plan - GROWTH OPTION,2025-06-10,72.92
Canara Rob Large Cap Fund,118269,Canara Robeco Large Cap Fund - Direct Plan - GROWTH OPTION,2025-06-11,72.97
Canara Rob Large Cap Fund,118269,Canara Robeco Large Cap Fund - Direct Plan - GROWTH OPTION,2025-06-12,72.21
Canara Rob Large Cap Fund,118269,Canara Robeco Large Cap Fund - Direct Plan - GROWTH OPTION,2025-06-13,71.75
Canara Rob Large Cap Fund,118269,Canara Robeco Large Cap Fund - Direct Plan - GROWTH OPTION,2025-06-16,72.45
Canara Rob Large Cap Fund,118269,Canara Robeco Large Cap Fund - Direct Plan - GROWTH OPTION,2025-06-17,72.18
Canara Rob Large Cap Fund,118269,Canara Robeco Large Cap Fund - Direct Plan - GROWTH OPTION,2025-06-18,72.06
Canara Rob Large Cap Fund,118269,Canara Robeco Large Cap Fund - Direct Plan - GROWTH OPTION,2025-06-19,71.83
Canara Rob Large Cap Fund,118269,Canara Robeco Large Cap Fund - Direct Plan - GROWTH OPTION,2025-06-20,72.8
Canara Rob Large Cap Fund,118269,Canara Robeco Large Cap Fund - Direct Plan - GROWTH OPTION,2025-06-23,72.51
Canara Rob Large Cap Fund,118269,Canara Robeco Large Cap Fund - Direct Plan - GROWTH OPTION,2025-06-24,72.74
Canara Rob Large Cap Fund,118269,Canara Robeco Large Cap Fund - Direct Plan - GROWTH OPTION,2025-06-25,73.32
Canara Rob Large Cap Fund,118269,Canara Robeco Large Cap Fund - Direct Plan - GROWTH OPTION,2025-06-26,74.06
Canara Rob Large Cap Fund,118269,Canara Robeco Large Cap Fund - Direct Plan - GROWTH OPTION,2025-06-27,74.38
Canara Rob Large Cap Fund,118269,Canara Robeco Large Cap Fund - Direct Plan - GROWTH OPTION,2025-06-30,74.11
Canara Rob Large Cap Fund,118269,Canara Robeco Large Cap Fund - Direct Plan - GROWTH OPTION,2025-07-01,74.09
Canara Rob Large Cap Fund,118269,Canara Robeco Large Cap Fund - Direct Plan - GROWTH OPTION,2025-07-02,73.89
Canara Rob Large Cap Fund,118269,Canara Robeco Large Cap Fund - Direct Plan - GROWTH OPTION,2025-07-03,73.68
Canara Rob Large Cap Fund,118269,Canara Robeco Large Cap Fund - Direct Plan - GROWTH OPTION,2025-07-04,73.87
Canara Rob Large Cap Fund,118269,Canara Robeco Large Cap Fund - Direct Plan - GROWTH OPTION,2025-07-07,73.77
Canara Rob Large Cap Fund,118269,Canara Robeco Large Cap Fund - Direct Plan - GROWTH OPTION,2025-07-08,73.93
Canara Rob Large Cap Fund,118269,Canara Robeco Large Cap Fund - Direct Plan - GROWTH OPTION,2025-07-09,73.9
Canara Rob Large Cap Fund,118269,Canara Robeco Large Cap Fund - Direct Plan - GROWTH OPTION,2025-07-10,73.55
Canara Rob Large Cap Fund,118269,Canara Robeco Large Cap Fund - Direct Plan - GROWTH OPTION,2025-07-11,73.0
Canara Rob Large Cap Fund,118269,Canara Robeco Large Cap Fund - Direct Plan - GROWTH OPTION,2025-07-14,72.99
Canara Rob Large Cap Fund,118269,Canara Robeco Large Cap Fund - Direct Plan - GROWTH OPTION,2025-07-15,73.34
Canara Rob Large Cap Fund,118269,Canara Robeco Large Cap Fund - Direct Plan - GROWTH OPTION,2025-07-16,73.42
Canara Rob Large Cap Fund,118269,Canara Robeco Large Cap Fund - Direct Plan - GROWTH OPTION,2025-07-17,73.18
Canara Rob Large Cap Fund,118269,Canara Robeco Large Cap Fund - Direct Plan - GROWTH OPTION,2025-07-18,72.78
Canara Rob Large Cap Fund,118269,Canara Robeco Large Cap Fund - Direct Plan - GROWTH OPTION,2025-07-21,73.23
Canara Rob Large Cap Fund,118269,Canara Robeco Large Cap Fund - Direct Plan - GROWTH OPTION,2025-07-22,73.24
Canara Rob Large Cap Fund,118269,Canara Robeco Large Cap Fund - Direct Plan - GROWTH OPTION,2025-07-23,73.58
Canara Rob Large Cap Fund,118269,Canara Robeco Large Cap Fund - Direct Plan - GROWTH OPTION,2025-07-24,73.24
Canara Rob Large Cap Fund,118269,Canara Robeco Large Cap Fund - Direct Plan - GROWTH OPTION,2025-07-25,72.64
Canara Rob Large Cap Fund,118269,Canara Robeco Large Cap Fund - Direct Plan - GROWTH OPTION,2025-07-28,72.19
Canara Rob Large Cap Fund,118269,Canara Robeco Large Cap Fund - Direct Plan - GROWTH OPTION,2025-07-29,72.59
Canara Rob Large Cap Fund,118269,Canara Robeco Large Cap Fund - Direct Plan - GROWTH OPTION,2025-07-30,72.81
Canara Rob Large Cap Fund,118269,Canara Robeco Large Cap Fund - Direct Plan - GROWTH OPTION,2025-07-31,72.54
Canara Rob Large Cap Fund,118269,Canara Robeco Large Cap Fund - Direct Plan - GROWTH OPTION,2025-08-01,71.89
Canara Rob Large Cap Fund,118269,Canara Robeco Large Cap Fund - Direct Plan - GROWTH OPTION,2025-08-04,72.35
Canara Rob Large Cap Fund,118269,Canara Robeco Large Cap Fund - Direct Plan - GROWTH OPTION,2025-08-05,72.23
Canara Rob Large Cap Fund,118269,Canara Robeco Large Cap Fund - Direct Plan - GROWTH OPTION,2025-08-06,71.91
Canara Rob Large Cap Fund,118269,Canara Robeco Large Cap Fund - Direct Plan - GROWTH OPTION,2025-08-07,71.98
Canara Rob Large Cap Fund,118269,Canara Robeco Large Cap Fund - Direct Plan - GROWTH OPTION,2025-08-08,71.28
Canara Rob Large Cap Fund,118269,Canara Robeco Large Cap Fund - Direct Plan - GROWTH OPTION,2025-08-11,71.93
Canara Rob Large Cap Fund,118269,Canara Robeco Large Cap Fund - Direct Plan - GROWTH OPTION,2025-08-12,71.7
Canara Rob Large Cap Fund,118269,Canara Robeco Large Cap Fund - Direct Plan - GROWTH OPTION,2025-08-13,72.11
Canara Rob Large Cap Fund,118269,Canara Robeco Large Cap Fund - Direct Plan - GROWTH OPTION,2025-08-14,72.14
Canara Rob Large Cap Fund,118269,Canara Robeco Large Cap Fund - Direct Plan - GROWTH OPTION,2025-08-18,72.79
Canara Rob Large Cap Fund,118269,Canara Robeco Large Cap Fund - Direct Plan - GROWTH OPTION,2025-08-19,73.12
Canara Rob Large Cap Fund,118269,Canara Robeco Large Cap Fund - Direct Plan - GROWTH OPTION,2025-08-20,73.39
Canara Rob Large Cap Fund,118269,Canara Robeco Large Cap Fund - Direct Plan - GROWTH OPTION,2025-08-21,73.5
Canara Rob Large Cap Fund,118269,Canara Robeco Large Cap Fund - Direct Plan - GROWTH OPTION,2025-08-22,73.07
Canara Rob Large Cap Fund,118269,Canara Robeco Large Cap Fund - Direct Plan - GROWTH OPTION,2025-08-25,73.24
Canara Rob Large Cap Fund,118269,Canara Robeco Large Cap Fund - Direct Plan - GROWTH OPTION,2025-08-26,72.38
Canara Rob Large Cap Fund,118269,Canara Robeco Large Cap Fund - Direct Plan - GROWTH OPTION,2025-08-28,71.69
Canara Rob Large Cap Fund,118269,Canara Robeco Large Cap Fund - Direct Plan - GROWTH OPTION,2025-08-29,71.48
Canara Rob Large Cap Fund,118269,Canara Robeco Large Cap Fund - Direct Plan - GROWTH OPTION,2025-09-01,72.16
Canara Rob Large Cap Fund,118269,Canara Robeco Large Cap Fund - Direct Plan - GROWTH OPTION,2025-09-02,72.06
Canara Rob Large Cap Fund,118269,Canara Robeco Large Cap Fund - Direct Plan - GROWTH OPTION,2025-09-03,72.41
Canara Rob Large Cap Fund,118269,Canara Robeco Large Cap Fund - Direct Plan - GROWTH OPTION,2025-09-04,72.46
Canara Rob Large Cap Fund,118269,Canara Robeco Large Cap Fund - Direct Plan - GROWTH OPTION,2025-09-05,72.38
Canara Rob Large Cap Fund,118269,Canara Robeco Large Cap Fund - Direct Plan - GROWTH OPTION,2025-09-08,72.5
Canara Rob Large Cap Fund,118269,Canara Robeco Large Cap Fund - Direct Plan - GROWTH OPTION,2025-09-09,72.68
Canara Rob Large Cap Fund,118269,Canara Robeco Large Cap Fund - Direct Plan - GROWTH OPTION,2025-09-10,72.99
Canara Rob Large Cap Fund,118269,Canara Robeco Large Cap Fund - Direct Plan - GROWTH OPTION,2025-09-11,73.05
Canara Rob Large Cap Fund,118269,Canara Robeco Large Cap Fund - Direct Plan - GROWTH OPTION,2025-09-12,73.32
Canara Rob Large Cap Fund,118269,Canara Robeco Large Cap Fund - Direct Plan - GROWTH OPTION,2025-09-15,73.33
Canara Rob Large Cap Fund,118269,Canara Robeco Large Cap Fund - Direct Plan - GROWTH OPTION,2025-09-16,73.79
Canara Rob Large Cap Fund,118269,Canara Robeco Large Cap Fund - Direct Plan - GROWTH OPTION,2025-09-17,74.09
Canara Rob Large Cap Fund,118269,Canara Robeco Large Cap Fund - Direct Plan - GROWTH OPTION,2025-09-18,74.33
Canara Rob Large Cap Fund,118269,Canara Robeco Large Cap Fund - Direct Plan - GROWTH OPTION,2025-09-19,74.1
Canara Rob Large Cap Fund,118269,Canara Robeco Large Cap Fund - Direct Plan - GROWTH OPTION,2025-09-22,73.82
Canara Rob Large Cap Fund,118269,Canara Robeco Large Cap Fund - Direct Plan - GROWTH OPTION,2025-09-23,73.66
Canara Rob Large Cap Fund,118269,Canara Robeco Large Cap Fund - Direct Plan - GROWTH OPTION,2025-09-24,73.23
Canara Rob Large Cap Fund,118269,Canara Robeco Large Cap Fund - Direct Plan - GROWTH OPTION,2025-09-25,72.77
Canara Rob Large Cap Fund,118269,Canara Robeco Large Cap Fund - Direct Plan - GROWTH OPTION,2025-09-26,71.91
Canara Rob Large Cap Fund,118269,Canara Robeco Large Cap Fund - Direct Plan - GROWTH OPTION,2025-09-30,71.95
Canara Rob Large Cap Fund,118269,Canara Robeco Large Cap Fund - Direct Plan - GROWTH OPTION,2025-10-01,72.45
Canara Rob Large Cap Fund,118269,Canara Robeco Large Cap Fund - Direct Plan - GROWTH OPTION,2025-10-03,72.59
Canara Rob Large Cap Fund,118269,Canara Robeco Large Cap Fund - Direct Plan - GROWTH OPTION,2025-10-06,73.12
Canara Rob Large Cap Fund,118269,Canara Robeco Large Cap Fund - Direct Plan - GROWTH OPTION,2025-10-07,73.26
Canara Rob Large Cap Fund,118269,Canara Robeco Large Cap Fund - Direct Plan - GROWTH OPTION,2025-10-08,73.04
Canara Rob Large Cap Fund,118269,Canara Robeco Large Cap Fund - Direct Plan - GROWTH OPTION,2025-10-09,73.41
Canara Rob Large Cap Fund,118269,Canara Robeco Large Cap Fund - Direct Plan - GROWTH OPTION,2025-10-10,73.71
Canara Rob Large Cap Fund,118269,Canara Robeco Large Cap Fund - Direct Plan - GROWTH OPTION,2025-10-13,73.56
Canara Rob Large Cap Fund,118269,Canara Robeco Large Cap Fund - Direct Plan - GROWTH OPTION,2025-10-14,73.34
Canara Rob Large Cap Fund,118269,Canara Robeco Large Cap Fund - Direct Plan - GROWTH OPTION,2025-10-15,73.9
Canara Rob Large Cap Fund,118269,Canara Robeco Large Cap Fund - Direct Plan - GROWTH OPTION,2025-10-16,74.6
Canara Rob Large Cap Fund,118269,Canara Robeco Large Cap Fund - Direct Plan - GROWTH OPTION,2025-10-17,74.9
Canara Rob Large Cap Fund,118269,Canara Robeco Large Cap Fund - Direct Plan - GROWTH OPTION,2025-10-20,75.11
Canara Rob Large Cap Fund,118269,Canara Robeco Large Cap Fund - Direct Plan - GROWTH OPTION,2025-10-23,75.15
Canara Rob Large Cap Fund,118269,Canara Robeco Large Cap Fund - Direct Plan - GROWTH OPTION,2025-10-24,74.95
Canara Rob Large Cap Fund,118269,Canara Robeco Large Cap Fund - Direct Plan - GROWTH OPTION,2025-10-27,75.42
Canara Rob Large Cap Fund,118269,Canara Robeco Large Cap Fund - Direct Plan - GROWTH OPTION,2025-10-28,75.26
Canara Rob Large Cap Fund,118269,Canara Robeco Large Cap Fund - Direct Plan - GROWTH OPTION,2025-10-29,75.64
Canara Rob Large Cap Fund,118269,Canara Robeco Large Cap Fund - Direct Plan - GROWTH OPTION,2025-10-30,75.28
Canara Rob Large Cap Fund,118269,Canara Robeco Large Cap Fund - Direct Plan - GROWTH OPTION,2025-10-31,74.81
Canara Rob Large Cap Fund,118269,Canara Robeco Large Cap Fund - Direct Plan - GROWTH OPTION,2025-11-03,75.06
Canara Rob Large Cap Fund,118269,Canara Robeco Large Cap Fund - Direct Plan - GROWTH OPTION,2025-11-04,74.68
Canara Rob Large Cap Fund,118269,Canara Robeco Large Cap Fund - Direct Plan - GROWTH OPTION,2025-11-06,74.27
Canara Rob Large Cap Fund,118269,Canara Robeco Large Cap Fund - Direct Plan - GROWTH OPTION,2025-11-07,74.19
Canara Rob Large Cap Fund,118269,Canara Robeco Large Cap Fund - Direct Plan - GROWTH OPTION,2025-11-10,74.45
Canara Rob Large Cap Fund,118269,Canara Robeco Large Cap Fund - Direct Plan - GROWTH OPTION,2025-11-11,74.73
Canara Rob Large Cap Fund,118269,Canara Robeco Large Cap Fund - Direct Plan - GROWTH OPTION,2025-11-12,74.98
Canara Rob Large Cap Fund,118269,Canara Robeco Large Cap Fund - Direct Plan - GROWTH OPTION,2025-11-13,74.94
Canara Rob Large Cap Fund,118269,Canara Robeco Large Cap Fund - Direct Plan - GROWTH OPTION,2025-11-14,75.02
Canara Rob Large Cap Fund,118269,Canara Robeco Large Cap Fund - Direct Plan - GROWTH OPTION,2025-11-17,75.39
Canara Rob Large Cap Fund,118269,Canara Robeco Large Cap Fund - Direct Plan - GROWTH OPTION,2025-11-18,75.02
Canara Rob Large Cap Fund,118269,Canara Robeco Large Cap Fund - Direct Plan - GROWTH OPTION,2025-11-19,75.39
Canara Rob Large Cap Fund,118269,Canara Robeco Large Cap Fund - Direct Plan - GROWTH OPTION,2025-11-20,75.72
Canara Rob Large Cap Fund,118269,Canara Robeco Large Cap Fund - Direct Plan - GROWTH OPTION,2025-11-21,75.34
Canara Rob Large Cap Fund,118269,Canara Robeco Large Cap Fund - Direct Plan - GROWTH OPTION,2025-11-24,74.97
Canara Rob Large Cap Fund,118269,Canara Robeco Large Cap Fund - Direct Plan - GROWTH OPTION,2025-11-25,74.87
Canara Rob Large Cap Fund,118269,Canara Robeco Large Cap Fund - Direct Plan - GROWTH OPTION,2025-11-26,75.74
Canara Rob Large Cap Fund,118269,Canara Robeco Large Cap Fund - Direct Plan - GROWTH OPTION,2025-11-27,75.77
Canara Rob Large Cap Fund,118269,Canara Robeco Large Cap Fund - Direct Plan - GROWTH OPTION,2025-11-28,75.82
Canara Rob Large Cap Fund,118269,Canara Robeco Large Cap Fund - Direct Plan - GROWTH OPTION,2025-12-01,75.71
Canara Rob Large Cap Fund,118269,Canara Robeco Large Cap Fund - Direct Plan - GROWTH OPTION,2025-12-02,75.34
Canara Rob Large Cap Fund,118269,Canara Robeco Large Cap Fund - Direct Plan - GROWTH OPTION,2025-12-03,75.07
Canara Rob Large Cap Fund,118269,Canara Robeco Large Cap Fund - Direct Plan - GROWTH OPTION,2025-12-04,75.22
Canara Rob Large Cap Fund,118269,Canara Robeco Large Cap Fund - Direct Plan - GROWTH OPTION,2025-12-05,75.65
Canara Rob Large Cap Fund,118269,Canara Robeco Large Cap Fund - Direct Plan - GROWTH OPTION,2025-12-08,74.89
Canara Rob Large Cap Fund,118269,Canara Robeco Large Cap Fund - Direct Plan - GROWTH OPTION,2025-12-09,74.7
Canara Rob Large Cap Fund,118269,Canara Robeco Large Cap Fund - Direct Plan - GROWTH OPTION,2025-12-10,74.41
Canara Rob Large Cap Fund,118269,Canara Robeco Large Cap Fund - Direct Plan - GROWTH OPTION,2025-12-11,74.81
Canara Rob Large Cap Fund,118269,Canara Robeco Large Cap Fund - Direct Plan - GROWTH OPTION,2025-12-12,75.24
Canara Rob Large Cap Fund,118269,Canara Robeco Large Cap Fund - Direct Plan - GROWTH OPTION,2025-12-15,75.14
Canara Rob Large Cap Fund,118269,Canara Robeco Large Cap Fund - Direct Plan - GROWTH OPTION,2025-12-16,74.72
Canara Rob Large Cap Fund,118269,Canara Robeco Large Cap Fund - Direct Plan - GROWTH OPTION,2025-12-17,74.48
Canara Rob Large Cap Fund,118269,Canara Robeco Large Cap Fund - Direct Plan - GROWTH OPTION,2025-12-18,74.51
Canara Rob Large Cap Fund,118269,Canara Robeco Large Cap Fund - Direct Plan - GROWTH OPTION,2025-12-19,74.96
Canara Rob Large Cap Fund,118269,Canara Robeco Large Cap Fund - Direct Plan - GROWTH OPTION,2025-12-22,75.46
Canara Rob Large Cap Fund,118269,Canara Robeco Large Cap Fund - Direct Plan - GROWTH OPTION,2025-12-23,75.5
Canara Rob Large Cap Fund,118269,Canara Robeco Large Cap Fund - Direct Plan - GROWTH OPTION,2025-12-24,75.4
Canara Rob Large Cap Fund,118269,Canara Robeco Large Cap Fund - Direct Plan - GROWTH OPTION,2025-12-26,75.15
Canara Rob Large Cap Fund,118269,Canara Robeco Large Cap Fund - Direct Plan - GROWTH OPTION,2025-12-29,74.91
Canara Rob Large Cap Fund,118269,Canara Robeco Large Cap Fund - Direct Plan - GROWTH OPTION,2025-12-30,74.76
Canara Rob Large Cap Fund,118269,Canara Robeco Large Cap Fund - Direct Plan - GROWTH OPTION,2025-12-31,75.28
Canara Rob Large Cap Fund,118269,Canara Robeco Large Cap Fund - Direct Plan - GROWTH OPTION,2026-01-01,75.29
Canara Rob Large Cap Fund,118269,Canara Robeco Large Cap Fund - Direct Plan - GROWTH OPTION,2026-01-02,75.86
Canara Rob Large Cap Fund,118269,Canara Robeco Large Cap Fund - Direct Plan - GROWTH OPTION,2026-01-05,75.68
Canara Rob Large Cap Fund,118269,Canara Robeco Large Cap Fund - Direct Plan - GROWTH OPTION,2026-01-06,75.64
Canara Rob Large Cap Fund,118269,Canara Robeco Large Cap Fund - Direct Plan - GROWTH OPTION,2026-01-07,75.62
Canara Rob Large Cap Fund,118269,Canara Robeco Large Cap Fund - Direct Plan - GROWTH OPTION,2026-01-08,74.89
Canara Rob Large Cap Fund,118269,Canara Robeco Large Cap Fund - Direct Plan - GROWTH OPTION,2026-01-09,74.21
Canara Rob Large Cap Fund,118269,Canara Robeco Large Cap Fund - Direct Plan - GROWTH OPTION,2026-01-12,74.39
Canara Rob Large Cap Fund,118269,Canara Robeco Large Cap Fund - Direct Plan - GROWTH OPTION,2026-01-13,74.25
Canara Rob Large Cap Fund,118269,Canara Robeco Large Cap Fund - Direct Plan - GROWTH OPTION,2026-01-14,74.14
Canara Rob Large Cap Fund,118269,Canara Robeco Large Cap Fund - Direct Plan - GROWTH OPTION,2026-01-16,74.27
Canara Rob Large Cap Fund,118269,Canara Robeco Large Cap Fund - Direct Plan - GROWTH OPTION,2026-01-19,74.04
Canara Rob Large Cap Fund,118269,Canara Robeco Large Cap Fund - Direct Plan - GROWTH OPTION,2026-01-20,72.97
Canara Rob Large Cap Fund,118269,Canara Robeco Large Cap Fund - Direct Plan - GROWTH OPTION,2026-01-21,72.72
Canara Rob Large Cap Fund,118269,Canara Robeco Large Cap Fund - Direct Plan - GROWTH OPTION,2026-01-22,73.12
Canara Rob Large Cap Fund,118269,Canara Robeco Large Cap Fund - Direct Plan - GROWTH OPTION,2026-01-23,72.38
Canara Rob Large Cap Fund,118269,Canara Robeco Large Cap Fund - Direct Plan - GROWTH OPTION,2026-01-27,72.61
Canara Rob Large Cap Fund,118269,Canara Robeco Large Cap Fund - Direct Plan - GROWTH OPTION,2026-01-28,73.2
Canara Rob Large Cap Fund,118269,Canara Robeco Large Cap Fund - Direct Plan - GROWTH OPTION,2026-01-29,73.33
Canara Rob Large Cap Fund,118269,Canara Robeco Large Cap Fund - Direct Plan - GROWTH OPTION,2026-01-30,73.24
Canara Rob Large Cap Fund,118269,Canara Robeco Large Cap Fund - Direct Plan - GROWTH OPTION,2026-02-02,72.54
Canara Rob Large Cap Fund,118269,Canara Robeco Large Cap Fund - Direct Plan - GROWTH OPTION,2026-02-03,74.26
Canara Rob Large Cap Fund,118269,Canara Robeco Large Cap Fund - Direct Plan - GROWTH OPTION,2026-02-04,74.31
Canara Rob Large Cap Fund,118269,Canara Robeco Large Cap Fund - Direct Plan - GROWTH OPTION,2026-02-05,73.99
Canara Rob Large Cap Fund,118269,Canara Robeco Large Cap Fund - Direct Plan - GROWTH OPTION,2026-02-06,74.03
Canara Rob Large Cap Fund,118269,Canara Robeco Large Cap Fund - Direct Plan - GROWTH OPTION,2026-02-09,74.73
Canara Rob Large Cap Fund,118269,Canara Robeco Large Cap Fund - Direct Plan - GROWTH OPTION,2026-02-10,74.97
Canara Rob Large Cap Fund,118269,Canara Robeco Large Cap Fund - Direct Plan - GROWTH OPTION,2026-02-11,75.12
Canara Rob Large Cap Fund,118269,Canara Robeco Large Cap Fund - Direct Plan - GROWTH OPTION,2026-02-12,74.83
Canara Rob Large Cap Fund,118269,Canara Robeco Large Cap Fund - Direct Plan - GROWTH OPTION,2026-02-13,74.03
Canara Rob Large Cap Fund,118269,Canara Robeco Large Cap Fund - Direct Plan - GROWTH OPTION,2026-02-16,74.42
Canara Rob Large Cap Fund,118269,Canara Robeco Large Cap Fund - Direct Plan - GROWTH OPTION,2026-02-17,74.54
Canara Rob Large Cap Fund,118269,Canara Robeco Large Cap Fund - Direct Plan - GROWTH OPTION,2026-02-18,74.84
Canara Rob Large Cap Fund,118269,Canara Robeco Large Cap Fund - Direct Plan - GROWTH OPTION,2026-02-19,73.73
Canara Rob Large Cap Fund,118269,Canara Robeco Large Cap Fund - Direct Plan - GROWTH OPTION,2026-02-20,74.02
Canara Rob Large Cap Fund,118269,Canara Robeco Large Cap Fund - Direct Plan - GROWTH OPTION,2026-02-23,74.44
Canara Rob Large Cap Fund,118269,Canara Robeco Large Cap Fund - Direct Plan - GROWTH OPTION,2026-02-24,73.71
Canara Rob Large Cap Fund,118269,Canara Robeco Large Cap Fund - Direct Plan - GROWTH OPTION,2026-02-25,73.92
Canara Rob Large Cap Fund,118269,Canara Robeco Large Cap Fund - Direct Plan - GROWTH OPTION,2026-02-26,74.05
Canara Rob Large Cap Fund,118269,Canara Robeco Large Cap Fund - Direct Plan - GROWTH OPTION,2026-02-27,73.08
Canara Rob Large Cap Fund,118269,Canara Robeco Large Cap Fund - Direct Plan - GROWTH OPTION,2026-03-02,72.2
Canara Rob Large Cap Fund,118269,Canara Robeco Large Cap Fund - Direct Plan - GROWTH OPTION,2026-03-04,71.05
Canara Rob Large Cap Fund,118269,Canara Robeco Large Cap Fund - Direct Plan - GROWTH OPTION,2026-03-05,71.8
Canara Rob Large Cap Fund,118269,Canara Robeco Large Cap Fund - Direct Plan - GROWTH OPTION,2026-03-06,70.97
Canara Rob Large Cap Fund,118269,Canara Robeco Large Cap Fund - Direct Plan - GROWTH OPTION,2026-03-09,69.72
Canara Rob Large Cap Fund,118269,Canara Robeco Large Cap Fund - Direct Plan - GROWTH OPTION,2026-03-10,70.56
Canara Rob Large Cap Fund,118269,Canara Robeco Large Cap Fund - Direct Plan - GROWTH OPTION,2026-03-11,69.38
Canara Rob Large Cap Fund,118269,Canara Robeco Large Cap Fund - Direct Plan - GROWTH OPTION,2026-03-12,68.59
Canara Rob Large Cap Fund,118269,Canara Robeco Large Cap Fund - Direct Plan - GROWTH OPTION,2026-03-13,67.17
Canara Rob Large Cap Fund,118269,Canara Robeco Large Cap Fund - Direct Plan - GROWTH OPTION,2026-03-16,67.83
Canara Rob Large Cap Fund,118269,Canara Robeco Large Cap Fund - Direct Plan - GROWTH OPTION,2026-03-17,68.4
Canara Rob Large Cap Fund,118269,Canara Robeco Large Cap Fund - Direct Plan - GROWTH OPTION,2026-03-18,69.07
Canara Rob Large Cap Fund,118269,Canara Robeco Large Cap Fund - Direct Plan - GROWTH OPTION,2026-03-19,66.81
Canara Rob Large Cap Fund,118269,Canara Robeco Large Cap Fund - Direct Plan - GROWTH OPTION,2026-03-20,67.07
Canara Rob Large Cap Fund,118269,Canara Robeco Large Cap Fund - Direct Plan - GROWTH OPTION,2026-03-23,65.27
Canara Rob Large Cap Fund,118269,Canara Robeco Large Cap Fund - Direct Plan - GROWTH OPTION,2026-03-24,66.6
Canara Rob Large Cap Fund,118269,Canara Robeco Large Cap Fund - Direct Plan - GROWTH OPTION,2026-03-25,67.77
Canara Rob Large Cap Fund,118269,Canara Robeco Large Cap Fund - Direct Plan - GROWTH OPTION,2026-03-27,66.3
Canara Rob Large Cap Fund,118269,Canara Robeco Large Cap Fund - Direct Plan - GROWTH OPTION,2026-03-30,64.78
Canara Rob Large Cap Fund,118269,Canara Robeco Large Cap Fund - Direct Plan - GROWTH OPTION,2026-03-31,64.78
Canara Rob Large Cap Fund,118269,Canara Robeco Large Cap Fund - Direct Plan - GROWTH OPTION,2026-04-01,65.86
Canara Rob Large Cap Fund,118269,Canara Robeco Large Cap Fund - Direct Plan - GROWTH OPTION,2026-04-02,65.9
Canara Rob Large Cap Fund,118269,Canara Robeco Large Cap Fund - Direct Plan - GROWTH OPTION,2026-04-06,66.77
Canara Rob Large Cap Fund,118269,Canara Robeco Large Cap Fund - Direct Plan - GROWTH OPTION,2026-04-07,67.14
Canara Rob Large Cap Fund,118269,Canara Robeco Large Cap Fund - Direct Plan - GROWTH OPTION,2026-04-08,69.75
Canara Rob Large Cap Fund,118269,Canara Robeco Large Cap Fund - Direct Plan - GROWTH OPTION,2026-04-09,69.09
Canara Rob Large Cap Fund,118269,Canara Robeco Large Cap Fund - Direct Plan - GROWTH OPTION,2026-04-10,70.01
Canara Rob Large Cap Fund,118269,Canara Robeco Large Cap Fund - Direct Plan - GROWTH OPTION,2026-04-13,69.45
Canara Rob Large Cap Fund,118269,Canara Robeco Large Cap Fund - Direct Plan - GROWTH OPTION,2026-04-15,70.62
Canara Rob Large Cap Fund,118269,Canara Robeco Large Cap Fund - Direct Plan - GROWTH OPTION,2026-04-16,70.69
Canara Rob Large Cap Fund,118269,Canara Robeco Large Cap Fund - Direct Plan - GROWTH OPTION,2026-04-17,71.16
Canara Rob Large Cap Fund,118269,Canara Robeco Large Cap Fund - Direct Plan - GROWTH OPTION,2026-04-20,71.25
Canara Rob Large Cap Fund,118269,Canara Robeco Large Cap Fund - Direct Plan - GROWTH OPTION,2026-04-21,71.93
Canara Rob Large Cap Fund,118269,Canara Robeco Large Cap Fund - Direct Plan - GROWTH OPTION,2026-04-22,71.47
Canara Rob Large Cap Fund,118269,Canara Robeco Large Cap Fund - Direct Plan - GROWTH OPTION,2026-04-23,70.76
Canara Rob Large Cap Fund,118269,Canara Robeco Large Cap Fund - Direct Plan - GROWTH OPTION,2026-04-24,70.06
Canara Rob Large Cap Fund,118269,Canara Robeco Large Cap Fund - Direct Plan - GROWTH OPTION,2026-04-27,70.59
Canara Rob Large Cap Fund,118269,Canara Robeco Large Cap Fund - Direct Plan - GROWTH OPTION,2026-04-28,70.23
Canara Rob Large Cap Fund,118269,Canara Robeco Large Cap Fund - Direct Plan - GROWTH OPTION,2026-04-29,70.63
Canara Rob Large Cap Fund,118269,Canara Robeco Large Cap Fund - Direct Plan - GROWTH OPTION,2026-04-30,70.05
Canara Rob Large Cap Fund,118269,Canara Robeco Large Cap Fund - Direct Plan - GROWTH OPTION,2026-05-04,70.39
Canara Rob Large Cap Fund,118269,Canara Robeco Large Cap Fund - Direct Plan - GROWTH OPTION,2026-05-05,70.27
Canara Rob Large Cap Fund,118269,Canara Robeco Large Cap Fund - Direct Plan - GROWTH OPTION,2026-05-06,71.25
Canara Rob Large Cap Fund,118269,Canara Robeco Large Cap Fund - Direct Plan - GROWTH OPTION,2026-05-07,71.36
Canara Rob Large Cap Fund,118269,Canara Robeco Large Cap Fund - Direct Plan - GROWTH OPTION,2026-05-08,70.91
Canara Rob Large Cap Fund,118269,Canara Robeco Large Cap Fund - Direct Plan - GROWTH OPTION,2026-05-11,69.98
Canara Rob Large Cap Fund,118269,Canara Robeco Large Cap Fund - Direct Plan - GROWTH OPTION,2026-05-12,68.57
Canara Rob Large Cap Fund,118269,Canara Robeco Large Cap Fund - Direct Plan - GROWTH OPTION,2026-05-13,68.62
Canara Rob Large Cap Fund,118269,Canara Robeco Large Cap Fund - Direct Plan - GROWTH OPTION,2026-05-14,69.36
Canara Rob Large Cap Fund,118269,Canara Robeco Large Cap Fund - Direct Plan - GROWTH OPTION,2026-05-15,69.27
Canara Rob Large Cap Fund,118269,Canara Robeco Large Cap Fund - Direct Plan - GROWTH OPTION,2026-05-18,69.26
Canara Rob Large Cap Fund,118269,Canara Robeco Large Cap Fund - Direct Plan - GROWTH OPTION,2026-05-19,69.3
Canara Rob Large Cap Fund,118269,Canara Robeco Large Cap Fund - Direct Plan - GROWTH OPTION,2026-05-20,69.38
Canara Rob Large Cap Fund,118269,Canara Robeco Large Cap Fund - Direct Plan - GROWTH OPTION,2026-05-21,69.32
Canara Rob Large Cap Fund,118269,Canara Robeco Large Cap Fund - Direct Plan - GROWTH OPTION,2026-05-22,69.54
Canara Rob Large Cap Fund,118269,Canara Robeco Large Cap Fund - Direct Plan - GROWTH OPTION,2026-05-25,70.38
Canara Rob Large Cap Fund,118269,Canara Robeco Large Cap Fund - Direct Plan - GROWTH OPTION,2026-05-26,70.04
Canara Rob Large Cap Fund,118269,Canara Robeco Large Cap Fund - Direct Plan - GROWTH OPTION,2026-05-27,70.14
Canara Rob Large Cap Fund,118269,Canara Robeco Large Cap Fund - Direct Plan - GROWTH OPTION,2026-05-29,69.11
Canara Rob Large Cap Fund,118269,Canara Robeco Large Cap Fund - Direct Plan - GROWTH OPTION,2026-06-01,68.44
Canara Rob Large Cap Fund,118269,Canara Robeco Large Cap Fund - Direct Plan - GROWTH OPTION,2026-06-02,68.7
Canara Rob Large Cap Fund,118269,Canara Robeco Large Cap Fund - Direct Plan - GROWTH OPTION,2026-06-03,68.47
Canara Rob Large Cap Fund,118269,Canara Robeco Large Cap Fund - Direct Plan - GROWTH OPTION,2026-06-04,68.5
Canara Rob Large Cap Fund,118269,Canara Robeco Large Cap Fund - Direct Plan - GROWTH OPTION,2026-06-05,68.46
Canara Rob Large Cap Fund,118269,Canara Robeco Large Cap Fund - Direct Plan - GROWTH OPTION,2026-06-08,67.78
Canara Rob Large Cap Fund,118269,Canara Robeco Large Cap Fund - Direct Plan - GROWTH OPTION,2026-06-09,68.28
Canara Rob Large Cap Fund,118269,Canara Robeco Large Cap Fund - Direct Plan - GROWTH OPTION,2026-06-10,68.19
Canara Rob Large Cap Fund,118269,Canara Robeco Large Cap Fund - Direct Plan - GROWTH OPTION,2026-06-11,68.0
Canara Rob Large Cap Fund,118269,Canara Robeco Large Cap Fund - Direct Plan - GROWTH OPTION,2026-06-12,69.43
Canara Rob Large Cap Fund,118269,Canara Robeco Large Cap Fund - Direct Plan - GROWTH OPTION,2026-06-15,70.32
Canara Rob Large Cap Fund,118269,Canara Robeco Large Cap Fund - Direct Plan - GROWTH OPTION,2026-06-16,70.66
Canara Rob Large Cap Fund,118269,Canara Robeco Large Cap Fund - Direct Plan - GROWTH OPTION,2026-06-17,71.01
Canara Rob Large Cap Fund,118269,Canara Robeco Large Cap Fund - Direct Plan - GROWTH OPTION,2026-06-18,71.26
Canara Rob Large Cap Fund,118269,Canara Robeco Large Cap Fund - Direct Plan - GROWTH OPTION,2026-06-19,70.97
Canara Rob Large Cap Fund,118269,Canara Robeco Large Cap Fund - Direct Plan - GROWTH OPTION,2026-06-22,71.28
Canara Rob Large Cap Fund,118269,Canara Robeco Large Cap Fund - Direct Plan - GROWTH OPTION,2026-06-23,70.58
Canara Rob Large Cap Fund,118269,Canara Robeco Large Cap Fund - Direct Plan - GROWTH OPTION,2026-06-24,71.16
Canara Rob Large Cap Fund,118269,Canara Robeco Large Cap Fund - Direct Plan - GROWTH OPTION,2026-06-25,71.41
Canara Rob Large Cap Fund,118269,Canara Robeco Large Cap Fund - Direct Plan - GROWTH OPTION,2026-06-29,70.99
Canara Rob Large Cap Fund,118269,Canara Robeco Large Cap Fund - Direct Plan - GROWTH OPTION,2026-06-30,70.86
Canara Rob Large Cap Fund,118269,Canara Robeco Large Cap Fund - Direct Plan - GROWTH OPTION,2026-07-01,71.41
Canara Rob Large Cap Fund,118269,Canara Robeco Large Cap Fund - Direct Plan - GROWTH OPTION,2026-07-02,71.89
Canara Rob Large Cap Fund,118269,Canara Robeco Large Cap Fund - Direct Plan - GROWTH OPTION,2026-07-03,72.08
Canara Rob Large Cap Fund,118269,Canara Robeco Large Cap Fund - Direct Plan - GROWTH OPTION,2026-07-06,72.49
Canara Rob Large Cap Fund,118269,Canara Robeco Large Cap Fund - Direct Plan - GROWTH OPTION,2026-07-07,72.45
Canara Rob Large Cap Fund,118269,Canara Robeco Large Cap Fund - Direct Plan - GROWTH OPTION,2026-07-08,70.96
Canara Rob Large Cap Fund,118269,Canara Robeco Large Cap Fund - Direct Plan - GROWTH OPTION,2026-07-09,71.29
Canara Rob Large Cap Fund,118269,Canara Robeco Large Cap Fund - Direct Plan - GROWTH OPTION,2026-07-10,71.98
Canara Rob Large Cap Fund,118269,Canara Robeco Large Cap Fund - Direct Plan - GROWTH OPTION,2026-07-13,71.93
Canara Rob Large Cap Fund,118269,Canara Robeco Large Cap Fund - Direct Plan - GROWTH OPTION,2026-07-14,71.48
Canara Rob Large Cap Fund,118269,Canara Robeco Large Cap Fund - Direct Plan - GROWTH OPTION,2026-07-15,71.75
Canara Rob Large Cap Fund,118269,Canara Robeco Large Cap Fund - Direct Plan - GROWTH OPTION,2026-07-16,71.65
Canara Rob Large Cap Fund,118269,Canara Robeco Large Cap Fund - Direct Plan - GROWTH OPTION,2026-07-17,72.24
Canara Rob Large Cap Fund,118269,Canara Robeco Large Cap Fund - Direct Plan - GROWTH OPTION,2026-07-20,72.06
Canara Rob Large Cap Fund,118269,Canara Robeco Large Cap Fund - Direct Plan - GROWTH OPTION,2026-07-21,72.02
Canara Rob Large Cap Fund,118269,Canara Robeco Large Cap Fund - Direct Plan - GROWTH OPTION,2026-07-22,71.44
Canara Rob Large Cap Fund,118269,Canara Robeco Large Cap Fund - Direct Plan - GROWTH OPTION,2026-07-23,71.12
Canara Rob Large Cap Fund,118269,Canara Robeco Large Cap Fund - Direct Plan - GROWTH OPTION,2026-07-24,70.81
Canara Rob Large Cap Fund,118269,Canara Robeco Large Cap Fund - Direct Plan - GROWTH OPTION,2026-07-27,71.7
Canara Rob Large Cap Fund,118269,Canara Robeco Large Cap Fund - Direct Plan - GROWTH OPTION,2026-07-28,71.62
Canara Rob Large Cap Fund,118269,Canara Robeco Large Cap Fund - Direct Plan - GROWTH OPTION,2026-07-29,72.38
Canara Rob Large Cap Fund,118269,Canara Robeco Large Cap Fund - Direct Plan - GROWTH OPTION,2026-07-30,72.58
Canara Rob Large Cap Fund,118269,Canara Robeco Large Cap Fund - Direct Plan - GROWTH OPTION,2026-07-31,72.9
Canara Rob Large Cap Fund,118269,Canara Robeco Large Cap Fund - Direct Plan - GROWTH OPTION,2026-08-03,74.1
Canara Rob Large Cap Fund,118269,Canara Robeco Large Cap Fund - Direct Plan - GROWTH OPTION,2026-08-04,73.62
Canara Rob Large Cap Fund,118269,Canara Robeco Large Cap Fund - Direct Plan - GROWTH OPTION,2026-08-05,73.73
Canara Rob Large Cap Fund,118269,Canara Robeco Large Cap Fund - Direct Plan - GROWTH OPTION,2026-08-06,73.81
Canara Rob Large Cap Fund,118269,Canara Robeco Large Cap Fund - Direct Plan - GROWTH OPTION,2026-08-07,73.56
Canara Rob Large Cap Fund,118269,Canara Robeco Large Cap Fund - Direct Plan - GROWTH OPTION,2026-08-10,73.76
Canara Rob Large Cap Fund,118269,Canara Robeco Large Cap Fund - Direct Plan - GROWTH OPTION,2026-08-11,73.58
Canara Rob Large Cap Fund,118269,Canara Robeco Large Cap Fund - Direct Plan - GROWTH OPTION,2026-08-12,73.46
Canara Rob Large Cap Fund,118269,Canara Robeco Large Cap Fund - Direct Plan - GROWTH OPTION,2026-08-13,73.39
Canara Rob Large Cap Fund,118269,Canara Robeco Large Cap Fund - Direct Plan - GROWTH OPTION,2026-08-14,73.29
Canara Rob Large Cap Fund,118269,Canara Robeco Large Cap Fund - Direct Plan - GROWTH OPTION,2026-08-17,73.15
Canara Rob Large Cap Fund,118269,Canara Robeco Large Cap Fund - Direct Plan - GROWTH OPTION,2026-08-18,72.87
Canara Rob Large Cap Fund,118269,Canara Robeco Large Cap Fund - Direct Plan - GROWTH OPTION,2026-08-19,72.68
Canara Rob Large Cap Fund,118269,Canara Robeco Large Cap Fund - Direct Plan - GROWTH OPTION,2026-08-20,73.17
Canara Rob Large Cap Fund,118269,Canara Robeco Large Cap Fund - Direct Plan - GROWTH OPTION,2026-08-21,73.13
Canara Rob Large Cap Fund,118269,Canara Robeco Large Cap Fund - Direct Plan - GROWTH OPTION,2026-08-24,73.02
Canara Rob Large Cap Fund,118269,Canara Robeco Large Cap Fund - Direct Plan - GROWTH OPTION,2026-08-25,73.44
Canara Rob Large Cap Fund,118269,Canara Robeco Large Cap Fund - Direct Plan - GROWTH OPTION,2026-08-26,73.1
Canara Rob Large Cap Fund,118269,Canara Robeco Large Cap Fund - Direct Plan - GROWTH OPTION,2026-08-27,72.83
Canara Rob Large Cap Fund,118269,Canara Robeco Large Cap Fund - Direct Plan - GROWTH OPTION,2026-08-28,72.93
Canara Rob Large Cap Fund,118269,Canara Robeco Large Cap Fund - Direct Plan - GROWTH OPTION,2026-08-31,72.96
Canara Rob Large Cap Fund,118269,Canara Robeco Large Cap Fund - Direct Plan - GROWTH OPTION,2026-09-01,72.54
Canara Rob Large Cap Fund,118269,Canara Robeco Large Cap Fund - Direct Plan - GROWTH OPTION,2026-09-02,72.16
Canara Rob Large Cap Fund,118269,Canara Robeco Large Cap Fund - Direct Plan - GROWTH OPTION,2026-09-03,72.06
Canara Rob Large Cap Fund,118269,Canara Robeco Large Cap Fund - Direct Plan - GROWTH OPTION,2026-09-04,72.03
Canara Rob Large Cap Fund,118269,Canara Robeco Large Cap Fund - Direct Plan - GROWTH OPTION,2026-09-07,71.73
Canara Rob Large Cap Fund,118269,Canara Robeco Large Cap Fund - Direct Plan - GROWTH OPTION,2026-09-08,71.42
Canara Rob Large Cap Fund,118269,Canara Robeco Large Cap Fund - Direct Plan - GROWTH OPTION,2026-09-09,70.8
Canara Rob Large Cap Fund,118269,Canara Robeco Large Cap Fund - Direct Plan - GROWTH OPTION,2026-09-10,70.9
Canara Rob Large Cap Fund,118269,Canara Robeco Large Cap Fund - Direct Plan - GROWTH OPTION,2026-09-11,70.71
Canara Rob Large Cap Fund,118269,Canara Robeco Large Cap Fund - Direct Plan - GROWTH OPTION,2026-09-15,69.75
Canara Rob Large Cap Fund,118269,Canara Robeco Large Cap Fund - Direct Plan - GROWTH OPTION,2026-09-16,69.99
Canara Rob Large Cap Fund,118269,Canara Robeco Large Cap Fund - Direct Plan - GROWTH OPTION,2026-09-17,70.28
Canara Rob Large Cap Fund,118269,Canara Robeco Large Cap Fund - Direct Plan - GROWTH OPTION,2026-09-18,70.63
Canara Rob Large Cap Fund,118269,Canara Robeco Large Cap Fund - Direct Plan - GROWTH OPTION,2026-09-21,70.86
Canara Rob Large Cap Fund,118269,Canara Robeco Large Cap Fund - Direct Plan - GROWTH OPTION,2026-09-22,70.63
Canara Rob Large Cap Fund,118269,Canara Robeco Large Cap Fund - Direct Plan - GROWTH OPTION,2026-09-23,71.07
Canara Rob Large Cap Fund,118269,Canara Robeco Large Cap Fund - Direct Plan - GROWTH OPTION,2026-09-24,69.67
Canara Rob Large Cap Fund,118269,Canara Robeco Large Cap Fund - Direct Plan - GROWTH OPTION,2026-09-25,69.87
Canara Rob Large Cap Fund,118269,Canara Robeco Large Cap Fund - Direct Plan - GROWTH OPTION,2026-09-28,68.82
Canara Rob Large Cap Fund,118269,Canara Robeco Large Cap Fund - Direct Plan - GROWTH OPTION,2026-09-29,68.53
Canara Rob Large Cap Fund,118269,Canara Robeco Large Cap Fund - Direct Plan - GROWTH OPTION,2026-09-30,68.38
Canara Rob Large Cap Fund,118269,Canara Robeco Large Cap Fund - Direct Plan - GROWTH OPTION,2026-10-01,67.78
HDFC Nifty 50 Index Fund,119063,HDFC Nifty 50 Index Fund - Direct Plan - Growth Option,2025-01-01,228.4047
HDFC Nifty 50 Index Fund,119063,HDFC Nifty 50 Index Fund - Direct Plan - Growth Option,2025-01-02,232.6911
HDFC Nifty 50 Index Fund,119063,HDFC Nifty 50 Index Fund - Direct Plan - Growth Option,2025-01-03,230.9205
HDFC Nifty 50 Index Fund,119063,HDFC Nifty 50 Index Fund - Direct Plan - Growth Option,2025-01-06,227.1778
HDFC Nifty 50 Index Fund,119063,HDFC Nifty 50 Index Fund - Direct Plan - Growth Option,2025-01-07,228.0598
HDFC Nifty 50 Index Fund,119063,HDFC Nifty 50 Index Fund - Direct Plan - Growth Option,2025-01-08,227.8758
HDFC Nifty 50 Index Fund,119063,HDFC Nifty 50 Index Fund - Direct Plan - Growth Option,2025-01-09,226.312
HDFC Nifty 50 Index Fund,119063,HDFC Nifty 50 Index Fund - Direct Plan - Growth Option,2025-01-10,225.3968
HDFC Nifty 50 Index Fund,119063,HDFC Nifty 50 Index Fund - Direct Plan - Growth Option,2025-01-13,222.0696
HDFC Nifty 50 Index Fund,119063,HDFC Nifty 50 Index Fund - Direct Plan - Growth Option,2025-01-14,222.9345
HDFC Nifty 50 Index Fund,119063,HDFC Nifty 50 Index Fund - Direct Plan - Growth Option,2025-01-15,223.29
HDFC Nifty 50 Index Fund,119063,HDFC Nifty 50 Index Fund - Direct Plan - Growth Option,2025-01-16,224.2368
HDFC Nifty 50 Index Fund,119063,HDFC Nifty 50 Index Fund - Direct Plan - Growth Option,2025-01-17,223.3982
HDFC Nifty 50 Index Fund,119063,HDFC Nifty 50 Index Fund - Direct Plan - Growth Option,2025-01-20,224.756
HDFC Nifty 50 Index Fund,119063,HDFC Nifty 50 Index Fund - Direct Plan - Growth Option,2025-01-21,221.6665
HDFC Nifty 50 Index Fund,119063,HDFC Nifty 50 Index Fund - Direct Plan - Growth Option,2025-01-22,222.9222
HDFC Nifty 50 Index Fund,119063,HDFC Nifty 50 Index Fund - Direct Plan - Growth Option,2025-01-23,223.4019
HDFC Nifty 50 Index Fund,119063,HDFC Nifty 50 Index Fund - Direct Plan - Growth Option,2025-01-24,222.3117
HDFC Nifty 50 Index Fund,119063,HDFC Nifty 50 Index Fund - Direct Plan - Growth Option,2025-01-27,219.777
HDFC Nifty 50 Index Fund,119063,HDFC Nifty 50 Index Fund - Direct Plan - Growth Option,2025-01-28,221.0075
HDFC Nifty 50 Index Fund,119063,HDFC Nifty 50 Index Fund - Direct Plan - Growth Option,2025-01-29,223.0092
HDFC Nifty 50 Index Fund,119063,HDFC Nifty 50 Index Fund - Direct Plan - Growth Option,2025-01-30,223.839
HDFC Nifty 50 Index Fund,119063,HDFC Nifty 50 Index Fund - Direct Plan - Growth Option,2025-01-31,226.3887
HDFC Nifty 50 Index Fund,119063,HDFC Nifty 50 Index Fund - Direct Plan - Growth Option,2025-02-03,224.968
HDFC Nifty 50 Index Fund,119063,HDFC Nifty 50 Index Fund - Direct Plan - Growth Option,2025-02-04,228.6062
HDFC Nifty 50 Index Fund,119063,HDFC Nifty 50 Index Fund - Direct Plan - Growth Option,2025-02-05,228.1914
HDFC Nifty 50 Index Fund,119063,HDFC Nifty 50 Index Fund - Direct Plan - Growth Option,2025-02-06,227.3193
HDFC Nifty 50 Index Fund,119063,HDFC Nifty 50 Index Fund - Direct Plan - Growth Option,2025-02-07,226.9838
HDFC Nifty 50 Index Fund,119063,HDFC Nifty 50 Index Fund - Direct Plan - Growth Option,2025-02-10,225.2631
HDFC Nifty 50 Index Fund,119063,HDFC Nifty 50 Index Fund - Direct Plan - Growth Option,2025-02-11,222.2763
HDFC Nifty 50 Index Fund,119063,HDFC Nifty 50 Index Fund - Direct Plan - Growth Option,2025-02-12,222.1491
HDFC Nifty 50 Index Fund,119063,HDFC Nifty 50 Index Fund - Direct Plan - Growth Option,2025-02-13,222.0138
HDFC Nifty 50 Index Fund,119063,HDFC Nifty 50 Index Fund - Direct Plan - Growth Option,2025-02-14,221.0309
HDFC Nifty 50 Index Fund,119063,HDFC Nifty 50 Index Fund - Direct Plan - Growth Option,2025-02-17,221.3186
HDFC Nifty 50 Index Fund,119063,HDFC Nifty 50 Index Fund - Direct Plan - Growth Option,2025-02-18,221.1802
HDFC Nifty 50 Index Fund,119063,HDFC Nifty 50 Index Fund - Direct Plan - Growth Option,2025-02-19,221.0597
HDFC Nifty 50 Index Fund,119063,HDFC Nifty 50 Index Fund - Direct Plan - Growth Option,2025-02-20,220.8681
HDFC Nifty 50 Index Fund,119063,HDFC Nifty 50 Index Fund - Direct Plan - Growth Option,2025-02-21,219.7375
HDFC Nifty 50 Index Fund,119063,HDFC Nifty 50 Index Fund - Direct Plan - Growth Option,2025-02-24,217.3975
HDFC Nifty 50 Index Fund,119063,HDFC Nifty 50 Index Fund - Direct Plan - Growth Option,2025-02-25,217.3403
HDFC Nifty 50 Index Fund,119063,HDFC Nifty 50 Index Fund - Direct Plan - Growth Option,2025-02-27,217.3128
HDFC Nifty 50 Index Fund,119063,HDFC Nifty 50 Index Fund - Direct Plan - Growth Option,2025-02-28,213.2629
HDFC Nifty 50 Index Fund,119063,HDFC Nifty 50 Index Fund - Direct Plan - Growth Option,2025-03-03,213.2069
HDFC Nifty 50 Index Fund,119063,HDFC Nifty 50 Index Fund - Direct Plan - Growth Option,2025-03-04,212.8524
HDFC Nifty 50 Index Fund,119063,HDFC Nifty 50 Index Fund - Direct Plan - Growth Option,2025-03-05,215.305
HDFC Nifty 50 Index Fund,119063,HDFC Nifty 50 Index Fund - Direct Plan - Growth Option,2025-03-06,217.301
HDFC Nifty 50 Index Fund,119063,HDFC Nifty 50 Index Fund - Direct Plan - Growth Option,2025-03-07,217.3771
HDFC Nifty 50 Index Fund,119063,HDFC Nifty 50 Index Fund - Direct Plan - Growth Option,2025-03-10,216.4846
HDFC Nifty 50 Index Fund,119063,HDFC Nifty 50 Index Fund - Direct Plan - Growth Option,2025-03-11,216.857
HDFC Nifty 50 Index Fund,119063,HDFC Nifty 50 Index Fund - Direct Plan - Growth Option,2025-03-12,216.592
HDFC Nifty 50 Index Fund,119063,HDFC Nifty 50 Index Fund - Direct Plan - Growth Option,2025-03-13,215.8845
HDFC Nifty 50 Index Fund,119063,HDFC Nifty 50 Index Fund - Direct Plan - Growth Option,2025-03-17,216.9549
HDFC Nifty 50 Index Fund,119063,HDFC Nifty 50 Index Fund - Direct Plan - Growth Option,2025-03-18,220.0907
HDFC Nifty 50 Index Fund,119063,HDFC Nifty 50 Index Fund - Direct Plan - Growth Option,2025-03-19,220.796
HDFC Nifty 50 Index Fund,119063,HDFC Nifty 50 Index Fund - Direct Plan - Growth Option,2025-03-20,223.522
HDFC Nifty 50 Index Fund,119063,HDFC Nifty 50 Index Fund - Direct Plan - Growth Option,2025-03-21,225.0586
HDFC Nifty 50 Index Fund,119063,HDFC Nifty 50 Index Fund - Direct Plan - Growth Option,2025-03-24,228.0239
HDFC Nifty 50 Index Fund,119063,HDFC Nifty 50 Index Fund - Direct Plan - Growth Option,2025-03-25,228.1219
HDFC Nifty 50 Index Fund,119063,HDFC Nifty 50 Index Fund - Direct Plan - Growth Option,2025-03-26,226.3685
HDFC Nifty 50 Index Fund,119063,HDFC Nifty 50 Index Fund - Direct Plan - Growth Option,2025-03-27,227.3658
HDFC Nifty 50 Index Fund,119063,HDFC Nifty 50 Index Fund - Direct Plan - Growth Option,2025-03-28,226.6648
HDFC Nifty 50 Index Fund,119063,HDFC Nifty 50 Index Fund - Direct Plan - Growth Option,2025-03-31,226.6637
HDFC Nifty 50 Index Fund,119063,HDFC Nifty 50 Index Fund - Direct Plan - Growth Option,2025-04-01,223.2461
HDFC Nifty 50 Index Fund,119063,HDFC Nifty 50 Index Fund - Direct Plan - Growth Option,2025-04-02,224.8507
HDFC Nifty 50 Index Fund,119063,HDFC Nifty 50 Index Fund - Direct Plan - Growth Option,2025-04-03,224.0569
HDFC Nifty 50 Index Fund,119063,HDFC Nifty 50 Index Fund - Direct Plan - Growth Option,2025-04-04,220.7303
HDFC Nifty 50 Index Fund,119063,HDFC Nifty 50 Index Fund - Direct Plan - Growth Option,2025-04-07,213.5667
HDFC Nifty 50 Index Fund,119063,HDFC Nifty 50 Index Fund - Direct Plan - Growth Option,2025-04-08,217.1676
HDFC Nifty 50 Index Fund,119063,HDFC Nifty 50 Index Fund - Direct Plan - Growth Option,2025-04-09,215.8433
HDFC Nifty 50 Index Fund,119063,HDFC Nifty 50 Index Fund - Direct Plan - Growth Option,2025-04-11,219.9803
HDFC Nifty 50 Index Fund,119063,HDFC Nifty 50 Index Fund - Direct Plan - Growth Option,2025-04-15,224.7899
HDFC Nifty 50 Index Fund,119063,HDFC Nifty 50 Index Fund - Direct Plan - Growth Option,2025-04-16,225.8356
HDFC Nifty 50 Index Fund,119063,HDFC Nifty 50 Index Fund - Direct Plan - Growth Option,2025-04-17,229.8278
HDFC Nifty 50 Index Fund,119063,HDFC Nifty 50 Index Fund - Direct Plan - Growth Option,2025-04-21,232.462
HDFC Nifty 50 Index Fund,119063,HDFC Nifty 50 Index Fund - Direct Plan - Growth Option,2025-04-22,232.8617
HDFC Nifty 50 Index Fund,119063,HDFC Nifty 50 Index Fund - Direct Plan - Growth Option,2025-04-23,234.4184
HDFC Nifty 50 Index Fund,119063,HDFC Nifty 50 Index Fund - Direct Plan - Growth Option,2025-04-24,233.6249
HDFC Nifty 50 Index Fund,119063,HDFC Nifty 50 Index Fund - Direct Plan - Growth Option,2025-04-25,231.6268
HDFC Nifty 50 Index Fund,119063,HDFC Nifty 50 Index Fund - Direct Plan - Growth Option,2025-04-28,234.4494
HDFC Nifty 50 Index Fund,119063,HDFC Nifty 50 Index Fund - Direct Plan - Growth Option,2025-04-29,234.5196
HDFC Nifty 50 Index Fund,119063,HDFC Nifty 50 Index Fund - Direct Plan - Growth Option,2025-04-30,234.5014
HDFC Nifty 50 Index Fund,119063,HDFC Nifty 50 Index Fund - Direct Plan - Growth Option,2025-05-02,234.6191
HDFC Nifty 50 Index Fund,119063,HDFC Nifty 50 Index Fund - Direct Plan - Growth Option,2025-05-05,235.7181
HDFC Nifty 50 Index Fund,119063,HDFC Nifty 50 Index Fund - Direct Plan - Growth Option,2025-05-06,234.9315
HDFC Nifty 50 Index Fund,119063,HDFC Nifty 50 Index Fund - Direct Plan - Growth Option,2025-05-07,235.2655
HDFC Nifty 50 Index Fund,119063,HDFC Nifty 50 Index Fund - Direct Plan - Growth Option,2025-05-08,233.9081
HDFC Nifty 50 Index Fund,119063,HDFC Nifty 50 Index Fund - Direct Plan - Growth Option,2025-05-09,231.3524
HDFC Nifty 50 Index Fund,119063,HDFC Nifty 50 Index Fund - Direct Plan - Growth Option,2025-05-12,240.1835
HDFC Nifty 50 Index Fund,119063,HDFC Nifty 50 Index Fund - Direct Plan - Growth Option,2025-05-13,236.8437
HDFC Nifty 50 Index Fund,119063,HDFC Nifty 50 Index Fund - Direct Plan - Growth Option,2025-05-14,237.6957
HDFC Nifty 50 Index Fund,119063,HDFC Nifty 50 Index Fund - Direct Plan - Growth Option,2025-05-15,241.4996
HDFC Nifty 50 Index Fund,119063,HDFC Nifty 50 Index Fund - Direct Plan - Growth Option,2025-05-16,241.221
HDFC Nifty 50 Index Fund,119063,HDFC Nifty 50 Index Fund - Direct Plan - Growth Option,2025-05-19,240.5007
HDFC Nifty 50 Index Fund,119063,HDFC Nifty 50 Index Fund - Direct Plan - Growth Option,2025-05-20,237.979
HDFC Nifty 50 Index Fund,119063,HDFC Nifty 50 Index Fund - Direct Plan - Growth Option,2025-05-21,239.2261
HDFC Nifty 50 Index Fund,119063,HDFC Nifty 50 Index Fund - Direct Plan - Growth Option,2025-05-22,237.2612
HDFC Nifty 50 Index Fund,119063,HDFC Nifty 50 Index Fund - Direct Plan - Growth Option,2025-05-23,239.6057
HDFC Nifty 50 Index Fund,119063,HDFC Nifty 50 Index Fund - Direct Plan - Growth Option,2025-05-26,241.028
HDFC Nifty 50 Index Fund,119063,HDFC Nifty 50 Index Fund - Direct Plan - Growth Option,2025-05-27,239.3407
HDFC Nifty 50 Index Fund,119063,HDFC Nifty 50 Index Fund - Direct Plan - Growth Option,2025-05-28,238.783
HDFC Nifty 50 Index Fund,119063,HDFC Nifty 50 Index Fund - Direct Plan - Growth Option,2025-05-29,239.5762
HDFC Nifty 50 Index Fund,119063,HDFC Nifty 50 Index Fund - Direct Plan - Growth Option,2025-05-30,238.9689
HDFC Nifty 50 Index Fund,119063,HDFC Nifty 50 Index Fund - Direct Plan - Growth Option,2025-06-02,238.6309
HDFC Nifty 50 Index Fund,119063,HDFC Nifty 50 Index Fund - Direct Plan - Growth Option,2025-06-03,237.0367
HDFC Nifty 50 Index Fund,119063,HDFC Nifty 50 Index Fund - Direct Plan - Growth Option,2025-06-04,237.8766
HDFC Nifty 50 Index Fund,119063,HDFC Nifty 50 Index Fund - Direct Plan - Growth Option,2025-06-05,239.1351
HDFC Nifty 50 Index Fund,119063,HDFC Nifty 50 Index Fund - Direct Plan - Growth Option,2025-06-06,241.5645
HDFC Nifty 50 Index Fund,119063,HDFC Nifty 50 Index Fund - Direct Plan - Growth Option,2025-06-09,242.5253
HDFC Nifty 50 Index Fund,119063,HDFC Nifty 50 Index Fund - Direct Plan - Growth Option,2025-06-10,242.5537
HDFC Nifty 50 Index Fund,119063,HDFC Nifty 50 Index Fund - Direct Plan - Growth Option,2025-06-11,242.9105
HDFC Nifty 50 Index Fund,119063,HDFC Nifty 50 Index Fund - Direct Plan - Growth Option,2025-06-12,240.471
HDFC Nifty 50 Index Fund,119063,HDFC Nifty 50 Index Fund - Direct Plan - Growth Option,2025-06-13,238.847
HDFC Nifty 50 Index Fund,119063,HDFC Nifty 50 Index Fund - Direct Plan - Growth Option,2025-06-16,241.0395
HDFC Nifty 50 Index Fund,119063,HDFC Nifty 50 Index Fund - Direct Plan - Growth Option,2025-06-17,240.141
HDFC Nifty 50 Index Fund,119063,HDFC Nifty 50 Index Fund - Direct Plan - Growth Option,2025-06-18,239.7412
HDFC Nifty 50 Index Fund,119063,HDFC Nifty 50 Index Fund - Direct Plan - Growth Option,2025-06-19,239.5586
HDFC Nifty 50 Index Fund,119063,HDFC Nifty 50 Index Fund - Direct Plan - Growth Option,2025-06-20,242.6353
HDFC Nifty 50 Index Fund,119063,HDFC Nifty 50 Index Fund - Direct Plan - Growth Option,2025-06-23,241.3228
HDFC Nifty 50 Index Fund,119063,HDFC Nifty 50 Index Fund - Direct Plan - Growth Option,2025-06-24,242.0197
HDFC Nifty 50 Index Fund,119063,HDFC Nifty 50 Index Fund - Direct Plan - Growth Option,2025-06-25,243.9512
HDFC Nifty 50 Index Fund,119063,HDFC Nifty 50 Index Fund - Direct Plan - Growth Option,2025-06-26,246.8836
HDFC Nifty 50 Index Fund,119063,HDFC Nifty 50 Index Fund - Direct Plan - Growth Option,2025-06-27,248.1152
HDFC Nifty 50 Index Fund,119063,HDFC Nifty 50 Index Fund - Direct Plan - Growth Option,2025-06-30,246.946
HDFC Nifty 50 Index Fund,119063,HDFC Nifty 50 Index Fund - Direct Plan - Growth Option,2025-07-01,247.1832
HDFC Nifty 50 Index Fund,119063,HDFC Nifty 50 Index Fund - Direct Plan - Growth Option,2025-07-02,246.3287
HDFC Nifty 50 Index Fund,119063,HDFC Nifty 50 Index Fund - Direct Plan - Growth Option,2025-07-03,245.8633
HDFC Nifty 50 Index Fund,119063,HDFC Nifty 50 Index Fund - Direct Plan - Growth Option,2025-07-04,246.4609
HDFC Nifty 50 Index Fund,119063,HDFC Nifty 50 Index Fund - Direct Plan - Growth Option,2025-07-07,246.4719
HDFC Nifty 50 Index Fund,119063,HDFC Nifty 50 Index Fund - Direct Plan - Growth Option,2025-07-08,247.076
HDFC Nifty 50 Index Fund,119063,HDFC Nifty 50 Index Fund - Direct Plan - Growth Option,2025-07-09,246.6264
HDFC Nifty 50 Index Fund,119063,HDFC Nifty 50 Index Fund - Direct Plan - Growth Option,2025-07-10,245.4687
HDFC Nifty 50 Index Fund,119063,HDFC Nifty 50 Index Fund - Direct Plan - Growth Option,2025-07-11,243.4938
HDFC Nifty 50 Index Fund,119063,HDFC Nifty 50 Index Fund - Direct Plan - Growth Option,2025-07-14,242.8378
HDFC Nifty 50 Index Fund,119063,HDFC Nifty 50 Index Fund - Direct Plan - Growth Option,2025-07-15,243.9314
HDFC Nifty 50 Index Fund,119063,HDFC Nifty 50 Index Fund - Direct Plan - Growth Option,2025-07-16,244.11
HDFC Nifty 50 Index Fund,119063,HDFC Nifty 50 Index Fund - Direct Plan - Growth Option,2025-07-17,243.1377
HDFC Nifty 50 Index Fund,119063,HDFC Nifty 50 Index Fund - Direct Plan - Growth Option,2025-07-18,241.8836
HDFC Nifty 50 Index Fund,119063,HDFC Nifty 50 Index Fund - Direct Plan - Growth Option,2025-07-21,243.0602
HDFC Nifty 50 Index Fund,119063,HDFC Nifty 50 Index Fund - Direct Plan - Growth Option,2025-07-22,242.7709
HDFC Nifty 50 Index Fund,119063,HDFC Nifty 50 Index Fund - Direct Plan - Growth Option,2025-07-23,244.3043
HDFC Nifty 50 Index Fund,119063,HDFC Nifty 50 Index Fund - Direct Plan - Growth Option,2025-07-24,242.7936
HDFC Nifty 50 Index Fund,119063,HDFC Nifty 50 Index Fund - Direct Plan - Growth Option,2025-07-25,240.7198
HDFC Nifty 50 Index Fund,119063,HDFC Nifty 50 Index Fund - Direct Plan - Growth Option,2025-07-28,239.239
HDFC Nifty 50 Index Fund,119063,HDFC Nifty 50 Index Fund - Direct Plan - Growth Option,2025-07-29,240.5912
HDFC Nifty 50 Index Fund,119063,HDFC Nifty 50 Index Fund - Direct Plan - Growth Option,2025-07-30,240.9178
HDFC Nifty 50 Index Fund,119063,HDFC Nifty 50 Index Fund - Direct Plan - Growth Option,2025-07-31,240.0786
HDFC Nifty 50 Index Fund,119063,HDFC Nifty 50 Index Fund - Direct Plan - Growth Option,2025-08-01,238.1735
HDFC Nifty 50 Index Fund,119063,HDFC Nifty 50 Index Fund - Direct Plan - Growth Option,2025-08-04,239.6904
HDFC Nifty 50 Index Fund,119063,HDFC Nifty 50 Index Fund - Direct Plan - Growth Option,2025-08-05,238.9819
HDFC Nifty 50 Index Fund,119063,HDFC Nifty 50 Index Fund - Direct Plan - Growth Option,2025-08-06,238.279
HDFC Nifty 50 Index Fund,119063,HDFC Nifty 50 Index Fund - Direct Plan - Growth Option,2025-08-07,238.4896
HDFC Nifty 50 Index Fund,119063,HDFC Nifty 50 Index Fund - Direct Plan - Growth Option,2025-08-08,236.2524
HDFC Nifty 50 Index Fund,119063,HDFC Nifty 50 Index Fund - Direct Plan - Growth Option,2025-08-11,238.3957
HDFC Nifty 50 Index Fund,119063,HDFC Nifty 50 Index Fund - Direct Plan - Growth Option,2025-08-12,237.6248
HDFC Nifty 50 Index Fund,119063,HDFC Nifty 50 Index Fund - Direct Plan - Growth Option,2025-08-13,238.9018
HDFC Nifty 50 Index Fund,119063,HDFC Nifty 50 Index Fund - Direct Plan - Growth Option,2025-08-14,239.1029
HDFC Nifty 50 Index Fund,119063,HDFC Nifty 50 Index Fund - Direct Plan - Growth Option,2025-08-18,241.4785
HDFC Nifty 50 Index Fund,119063,HDFC Nifty 50 Index Fund - Direct Plan - Growth Option,2025-08-19,242.4988
HDFC Nifty 50 Index Fund,119063,HDFC Nifty 50 Index Fund - Direct Plan - Growth Option,2025-08-20,243.1746
HDFC Nifty 50 Index Fund,119063,HDFC Nifty 50 Index Fund - Direct Plan - Growth Option,2025-08-21,243.5204
HDFC Nifty 50 Index Fund,119063,HDFC Nifty 50 Index Fund - Direct Plan - Growth Option,2025-08-22,241.4473
HDFC Nifty 50 Index Fund,119063,HDFC Nifty 50 Index Fund - Direct Plan - Growth Option,2025-08-25,242.3905
HDFC Nifty 50 Index Fund,119063,HDFC Nifty 50 Index Fund - Direct Plan - Growth Option,2025-08-26,239.9102
HDFC Nifty 50 Index Fund,119063,HDFC Nifty 50 Index Fund - Direct Plan - Growth Option,2025-08-28,237.86
HDFC Nifty 50 Index Fund,119063,HDFC Nifty 50 Index Fund - Direct Plan - Growth Option,2025-08-29,237.1408
HDFC Nifty 50 Index Fund,119063,HDFC Nifty 50 Index Fund - Direct Plan - Growth Option,2025-09-01,239.058
HDFC Nifty 50 Index Fund,119063,HDFC Nifty 50 Index Fund - Direct Plan - Growth Option,2025-09-02,238.6157
HDFC Nifty 50 Index Fund,119063,HDFC Nifty 50 Index Fund - Direct Plan - Growth Option,2025-09-03,239.9275
HDFC Nifty 50 Index Fund,119063,HDFC Nifty 50 Index Fund - Direct Plan - Growth Option,2025-09-04,240.1574
HDFC Nifty 50 Index Fund,119063,HDFC Nifty 50 Index Fund - Direct Plan - Growth Option,2025-09-05,240.221
HDFC Nifty 50 Index Fund,119063,HDFC Nifty 50 Index Fund - Direct Plan - Growth Option,2025-09-08,240.5287
HDFC Nifty 50 Index Fund,119063,HDFC Nifty 50 Index Fund - Direct Plan - Growth Option,2025-09-09,241.4537
HDFC Nifty 50 Index Fund,119063,HDFC Nifty 50 Index Fund - Direct Plan - Growth Option,2025-09-10,242.4669
HDFC Nifty 50 Index Fund,119063,HDFC Nifty 50 Index Fund - Direct Plan - Growth Option,2025-09-11,242.7794
HDFC Nifty 50 Index Fund,119063,HDFC Nifty 50 Index Fund - Direct Plan - Growth Option,2025-09-12,243.8312
HDFC Nifty 50 Index Fund,119063,HDFC Nifty 50 Index Fund - Direct Plan - Growth Option,2025-09-15,243.3926
HDFC Nifty 50 Index Fund,119063,HDFC Nifty 50 Index Fund - Direct Plan - Growth Option,2025-09-16,245.0388
HDFC Nifty 50 Index Fund,119063,HDFC Nifty 50 Index Fund - Direct Plan - Growth Option,2025-09-17,245.9221
HDFC Nifty 50 Index Fund,119063,HDFC Nifty 50 Index Fund - Direct Plan - Growth Option,2025-09-18,246.8267
HDFC Nifty 50 Index Fund,119063,HDFC Nifty 50 Index Fund - Direct Plan - Growth Option,2025-09-19,245.8881
HDFC Nifty 50 Index Fund,119063,HDFC Nifty 50 Index Fund - Direct Plan - Growth Option,2025-09-22,244.6735
HDFC Nifty 50 Index Fund,119063,HDFC Nifty 50 Index Fund - Direct Plan - Growth Option,2025-09-23,244.3534
HDFC Nifty 50 Index Fund,119063,HDFC Nifty 50 Index Fund - Direct Plan - Growth Option,2025-09-24,243.2588
HDFC Nifty 50 Index Fund,119063,HDFC Nifty 50 Index Fund - Direct Plan - Growth Option,2025-09-25,241.6453
HDFC Nifty 50 Index Fund,119063,HDFC Nifty 50 Index Fund - Direct Plan - Growth Option,2025-09-26,239.3506
HDFC Nifty 50 Index Fund,119063,HDFC Nifty 50 Index Fund - Direct Plan - Growth Option,2025-09-30,238.9073
HDFC Nifty 50 Index Fund,119063,HDFC Nifty 50 Index Fund - Direct Plan - Growth Option,2025-10-01,241.0945
HDFC Nifty 50 Index Fund,119063,HDFC Nifty 50 Index Fund - Direct Plan - Growth Option,2025-10-03,241.6546
HDFC Nifty 50 Index Fund,119063,HDFC Nifty 50 Index Fund - Direct Plan - Growth Option,2025-10-06,243.431
HDFC Nifty 50 Index Fund,119063,HDFC Nifty 50 Index Fund - Direct Plan - Growth Option,2025-10-07,243.7273
HDFC Nifty 50 Index Fund,119063,HDFC Nifty 50 Index Fund - Direct Plan - Growth Option,2025-10-08,243.1224
HDFC Nifty 50 Index Fund,119063,HDFC Nifty 50 Index Fund - Direct Plan - Growth Option,2025-10-09,244.4368
HDFC Nifty 50 Index Fund,119063,HDFC Nifty 50 Index Fund - Direct Plan - Growth Option,2025-10-10,245.4408
HDFC Nifty 50 Index Fund,119063,HDFC Nifty 50 Index Fund - Direct Plan - Growth Option,2025-10-13,244.8738
HDFC Nifty 50 Index Fund,119063,HDFC Nifty 50 Index Fund - Direct Plan - Growth Option,2025-10-14,244.0781
HDFC Nifty 50 Index Fund,119063,HDFC Nifty 50 Index Fund - Direct Plan - Growth Option,2025-10-15,245.8286
HDFC Nifty 50 Index Fund,119063,HDFC Nifty 50 Index Fund - Direct Plan - Growth Option,2025-10-16,248.3675
HDFC Nifty 50 Index Fund,119063,HDFC Nifty 50 Index Fund - Direct Plan - Growth Option,2025-10-17,249.6025
HDFC Nifty 50 Index Fund,119063,HDFC Nifty 50 Index Fund - Direct Plan - Growth Option,2025-10-20,250.9125
HDFC Nifty 50 Index Fund,119063,HDFC Nifty 50 Index Fund - Direct Plan - Growth Option,2025-10-23,251.3765
HDFC Nifty 50 Index Fund,119063,HDFC Nifty 50 Index Fund - Direct Plan - Growth Option,2025-10-24,250.4408
HDFC Nifty 50 Index Fund,119063,HDFC Nifty 50 Index Fund - Direct Plan - Growth Option,2025-10-27,252.2708
HDFC Nifty 50 Index Fund,119063,HDFC Nifty 50 Index Fund - Direct Plan - Growth Option,2025-10-28,251.9798
HDFC Nifty 50 Index Fund,119063,HDFC Nifty 50 Index Fund - Direct Plan - Growth Option,2025-10-29,253.121
HDFC Nifty 50 Index Fund,119063,HDFC Nifty 50 Index Fund - Direct Plan - Growth Option,2025-10-30,251.4103
HDFC Nifty 50 Index Fund,119063,HDFC Nifty 50 Index Fund - Direct Plan - Growth Option,2025-10-31,249.8968
HDFC Nifty 50 Index Fund,119063,HDFC Nifty 50 Index Fund - Direct Plan - Growth Option,2025-11-03,250.2933
HDFC Nifty 50 Index Fund,119063,HDFC Nifty 50 Index Fund - Direct Plan - Growth Option,2025-11-04,248.6837
HDFC Nifty 50 Index Fund,119063,HDFC Nifty 50 Index Fund - Direct Plan - Growth Option,2025-11-06,247.8268
HDFC Nifty 50 Index Fund,119063,HDFC Nifty 50 Index Fund - Direct Plan - Growth Option,2025-11-07,247.7336
HDFC Nifty 50 Index Fund,119063,HDFC Nifty 50 Index Fund - Direct Plan - Growth Option,2025-11-10,248.5695
HDFC Nifty 50 Index Fund,119063,HDFC Nifty 50 Index Fund - Direct Plan - Growth Option,2025-11-11,249.7403
HDFC Nifty 50 Index Fund,119063,HDFC Nifty 50 Index Fund - Direct Plan - Growth Option,2025-11-12,251.4934
HDFC Nifty 50 Index Fund,119063,HDFC Nifty 50 Index Fund - Direct Plan - Growth Option,2025-11-13,251.524
HDFC Nifty 50 Index Fund,119063,HDFC Nifty 50 Index Fund - Direct Plan - Growth Option,2025-11-14,251.8208
HDFC Nifty 50 Index Fund,119063,HDFC Nifty 50 Index Fund - Direct Plan - Growth Option,2025-11-17,252.8216
HDFC Nifty 50 Index Fund,119063,HDFC Nifty 50 Index Fund - Direct Plan - Growth Option,2025-11-18,251.8189
HDFC Nifty 50 Index Fund,119063,HDFC Nifty 50 Index Fund - Direct Plan - Growth Option,2025-11-19,253.2021
HDFC Nifty 50 Index Fund,119063,HDFC Nifty 50 Index Fund - Direct Plan - Growth Option,2025-11-20,254.5559
HDFC Nifty 50 Index Fund,119063,HDFC Nifty 50 Index Fund - Direct Plan - Growth Option,2025-11-21,253.3486
HDFC Nifty 50 Index Fund,119063,HDFC Nifty 50 Index Fund - Direct Plan - Growth Option,2025-11-24,252.2881
HDFC Nifty 50 Index Fund,119063,HDFC Nifty 50 Index Fund - Direct Plan - Growth Option,2025-11-25,251.5532
HDFC Nifty 50 Index Fund,119063,HDFC Nifty 50 Index Fund - Direct Plan - Growth Option,2025-11-26,254.666
HDFC Nifty 50 Index Fund,119063,HDFC Nifty 50 Index Fund - Direct Plan - Growth Option,2025-11-27,254.7643
HDFC Nifty 50 Index Fund,119063,HDFC Nifty 50 Index Fund - Direct Plan - Growth Option,2025-11-28,254.64
HDFC Nifty 50 Index Fund,119063,HDFC Nifty 50 Index Fund - Direct Plan - Growth Option,2025-12-01,254.3716
HDFC Nifty 50 Index Fund,119063,HDFC Nifty 50 Index Fund - Direct Plan - Growth Option,2025-12-02,252.975
HDFC Nifty 50 Index Fund,119063,HDFC Nifty 50 Index Fund - Direct Plan - Growth Option,2025-12-03,252.5242
HDFC Nifty 50 Index Fund,119063,HDFC Nifty 50 Index Fund - Direct Plan - Growth Option,2025-12-04,252.9873
HDFC Nifty 50 Index Fund,119063,HDFC Nifty 50 Index Fund - Direct Plan - Growth Option,2025-12-05,254.4687
HDFC Nifty 50 Index Fund,119063,HDFC Nifty 50 Index Fund - Direct Plan - Growth Option,2025-12-08,252.2695
HDFC Nifty 50 Index Fund,119063,HDFC Nifty 50 Index Fund - Direct Plan - Growth Option,2025-12-09,251.0935
HDFC Nifty 50 Index Fund,119063,HDFC Nifty 50 Index Fund - Direct Plan - Growth Option,2025-12-10,250.2987
HDFC Nifty 50 Index Fund,119063,HDFC Nifty 50 Index Fund - Direct Plan - Growth Option,2025-12-11,251.6632
HDFC Nifty 50 Index Fund,119063,HDFC Nifty 50 Index Fund - Direct Plan - Growth Option,2025-12-12,253.1033
HDFC Nifty 50 Index Fund,119063,HDFC Nifty 50 Index Fund - Direct Plan - Growth Option,2025-12-15,252.9081
HDFC Nifty 50 Index Fund,119063,HDFC Nifty 50 Index Fund - Direct Plan - Growth Option,2025-12-16,251.2821
HDFC Nifty 50 Index Fund,119063,HDFC Nifty 50 Index Fund - Direct Plan - Growth Option,2025-12-17,250.8765
HDFC Nifty 50 Index Fund,119063,HDFC Nifty 50 Index Fund - Direct Plan - Growth Option,2025-12-18,250.846
HDFC Nifty 50 Index Fund,119063,HDFC Nifty 50 Index Fund - Direct Plan - Growth Option,2025-12-19,252.3104
HDFC Nifty 50 Index Fund,119063,HDFC Nifty 50 Index Fund - Direct Plan - Growth Option,2025-12-22,254.3065
HDFC Nifty 50 Index Fund,119063,HDFC Nifty 50 Index Fund - Direct Plan - Growth Option,2025-12-23,254.3515
HDFC Nifty 50 Index Fund,119063,HDFC Nifty 50 Index Fund - Direct Plan - Growth Option,2025-12-24,254.0096
HDFC Nifty 50 Index Fund,119063,HDFC Nifty 50 Index Fund - Direct Plan - Growth Option,2025-12-26,253.037
HDFC Nifty 50 Index Fund,119063,HDFC Nifty 50 Index Fund - Direct Plan - Growth Option,2025-12-29,252.0592
HDFC Nifty 50 Index Fund,119063,HDFC Nifty 50 Index Fund - Direct Plan - Growth Option,2025-12-30,252.0234
HDFC Nifty 50 Index Fund,119063,HDFC Nifty 50 Index Fund - Direct Plan - Growth Option,2025-12-31,253.8755
HDFC Nifty 50 Index Fund,119063,HDFC Nifty 50 Index Fund - Direct Plan - Growth Option,2026-01-01,254.0383
HDFC Nifty 50 Index Fund,119063,HDFC Nifty 50 Index Fund - Direct Plan - Growth Option,2026-01-02,255.8052
HDFC Nifty 50 Index Fund,119063,HDFC Nifty 50 Index Fund - Direct Plan - Growth Option,2026-01-05,255.0409
HDFC Nifty 50 Index Fund,119063,HDFC Nifty 50 Index Fund - Direct Plan - Growth Option,2026-01-06,254.3436
HDFC Nifty 50 Index Fund,119063,HDFC Nifty 50 Index Fund - Direct Plan - Growth Option,2026-01-07,253.9734
HDFC Nifty 50 Index Fund,119063,HDFC Nifty 50 Index Fund - Direct Plan - Growth Option,2026-01-08,251.409
HDFC Nifty 50 Index Fund,119063,HDFC Nifty 50 Index Fund - Direct Plan - Growth Option,2026-01-09,249.5268
HDFC Nifty 50 Index Fund,119063,HDFC Nifty 50 Index Fund - Direct Plan - Growth Option,2026-01-12,250.562
HDFC Nifty 50 Index Fund,119063,HDFC Nifty 50 Index Fund - Direct Plan - Growth Option,2026-01-13,249.9982
HDFC Nifty 50 Index Fund,119063,HDFC Nifty 50 Index Fund - Direct Plan - Growth Option,2026-01-14,249.3488
HDFC Nifty 50 Index Fund,119063,HDFC Nifty 50 Index Fund - Direct Plan - Growth Option,2026-01-16,249.7762
HDFC Nifty 50 Index Fund,119063,HDFC Nifty 50 Index Fund - Direct Plan - Growth Option,2026-01-19,248.7156
HDFC Nifty 50 Index Fund,119063,HDFC Nifty 50 Index Fund - Direct Plan - Growth Option,2026-01-20,245.2843
HDFC Nifty 50 Index Fund,119063,HDFC Nifty 50 Index Fund - Direct Plan - Growth Option,2026-01-21,244.5535
HDFC Nifty 50 Index Fund,119063,HDFC Nifty 50 Index Fund - Direct Plan - Growth Option,2026-01-22,245.8383
HDFC Nifty 50 Index Fund,119063,HDFC Nifty 50 Index Fund - Direct Plan - Growth Option,2026-01-23,243.4927
HDFC Nifty 50 Index Fund,119063,HDFC Nifty 50 Index Fund - Direct Plan - Growth Option,2026-01-27,244.7179
HDFC Nifty 50 Index Fund,119063,HDFC Nifty 50 Index Fund - Direct Plan - Growth Option,2026-01-28,246.3425
HDFC Nifty 50 Index Fund,119063,HDFC Nifty 50 Index Fund - Direct Plan - Growth Option,2026-01-29,247.0812
HDFC Nifty 50 Index Fund,119063,HDFC Nifty 50 Index Fund - Direct Plan - Growth Option,2026-01-30,246.125
HDFC Nifty 50 Index Fund,119063,HDFC Nifty 50 Index Fund - Direct Plan - Growth Option,2026-02-02,243.864
HDFC Nifty 50 Index Fund,119063,HDFC Nifty 50 Index Fund - Direct Plan - Growth Option,2026-02-03,250.0704
HDFC Nifty 50 Index Fund,119063,HDFC Nifty 50 Index Fund - Direct Plan - Growth Option,2026-02-04,250.5397
HDFC Nifty 50 Index Fund,119063,HDFC Nifty 50 Index Fund - Direct Plan - Growth Option,2026-02-05,249.2693
HDFC Nifty 50 Index Fund,119063,HDFC Nifty 50 Index Fund - Direct Plan - Growth Option,2026-02-06,249.8009
HDFC Nifty 50 Index Fund,119063,HDFC Nifty 50 Index Fund - Direct Plan - Growth Option,2026-02-09,251.5148
HDFC Nifty 50 Index Fund,119063,HDFC Nifty 50 Index Fund - Direct Plan - Growth Option,2026-02-10,252.1728
HDFC Nifty 50 Index Fund,119063,HDFC Nifty 50 Index Fund - Direct Plan - Growth Option,2026-02-11,252.3528
HDFC Nifty 50 Index Fund,119063,HDFC Nifty 50 Index Fund - Direct Plan - Growth Option,2026-02-12,250.9264
HDFC Nifty 50 Index Fund,119063,HDFC Nifty 50 Index Fund - Direct Plan - Growth Option,2026-02-13,247.6596
HDFC Nifty 50 Index Fund,119063,HDFC Nifty 50 Index Fund - Direct Plan - Growth Option,2026-02-16,249.7141
HDFC Nifty 50 Index Fund,119063,HDFC Nifty 50 Index Fund - Direct Plan - Growth Option,2026-02-17,250.1273
HDFC Nifty 50 Index Fund,119063,HDFC Nifty 50 Index Fund - Direct Plan - Growth Option,2026-02-18,251.0643
HDFC Nifty 50 Index Fund,119063,HDFC Nifty 50 Index Fund - Direct Plan - Growth Option,2026-02-19,247.5171
HDFC Nifty 50 Index Fund,119063,HDFC Nifty 50 Index Fund - Direct Plan - Growth Option,2026-02-20,248.6516
HDFC Nifty 50 Index Fund,119063,HDFC Nifty 50 Index Fund - Direct Plan - Growth Option,2026-02-23,250.0247
HDFC Nifty 50 Index Fund,119063,HDFC Nifty 50 Index Fund - Direct Plan - Growth Option,2026-02-24,247.221
HDFC Nifty 50 Index Fund,119063,HDFC Nifty 50 Index Fund - Direct Plan - Growth Option,2026-02-25,247.7817
HDFC Nifty 50 Index Fund,119063,HDFC Nifty 50 Index Fund - Direct Plan - Growth Option,2026-02-26,247.9165
HDFC Nifty 50 Index Fund,119063,HDFC Nifty 50 Index Fund - Direct Plan - Growth Option,2026-02-27,244.8257
HDFC Nifty 50 Index Fund,119063,HDFC Nifty 50 Index Fund - Direct Plan - Growth Option,2026-03-02,241.7791
HDFC Nifty 50 Index Fund,119063,HDFC Nifty 50 Index Fund - Direct Plan - Growth Option,2026-03-04,238.033
HDFC Nifty 50 Index Fund,119063,HDFC Nifty 50 Index Fund - Direct Plan - Growth Option,2026-03-05,240.8058
HDFC Nifty 50 Index Fund,119063,HDFC Nifty 50 Index Fund - Direct Plan - Growth Option,2026-03-06,237.7548
HDFC Nifty 50 Index Fund,119063,HDFC Nifty 50 Index Fund - Direct Plan - Growth Option,2026-03-09,233.6455
HDFC Nifty 50 Index Fund,119063,HDFC Nifty 50 Index Fund - Direct Plan - Growth Option,2026-03-10,235.9112
HDFC Nifty 50 Index Fund,119063,HDFC Nifty 50 Index Fund - Direct Plan - Growth Option,2026-03-11,232.0725
HDFC Nifty 50 Index Fund,119063,HDFC Nifty 50 Index Fund - Direct Plan - Growth Option,2026-03-12,229.8571
HDFC Nifty 50 Index Fund,119063,HDFC Nifty 50 Index Fund - Direct Plan - Growth Option,2026-03-13,225.1108
HDFC Nifty 50 Index Fund,119063,HDFC Nifty 50 Index Fund - Direct Plan - Growth Option,2026-03-16,227.6139
HDFC Nifty 50 Index Fund,119063,HDFC Nifty 50 Index Fund - Direct Plan - Growth Option,2026-03-17,229.2869
HDFC Nifty 50 Index Fund,119063,HDFC Nifty 50 Index Fund - Direct Plan - Growth Option,2026-03-18,231.1958
HDFC Nifty 50 Index Fund,119063,HDFC Nifty 50 Index Fund - Direct Plan - Growth Option,2026-03-19,223.6532
HDFC Nifty 50 Index Fund,119063,HDFC Nifty 50 Index Fund - Direct Plan - Growth Option,2026-03-20,224.7426
HDFC Nifty 50 Index Fund,119063,HDFC Nifty 50 Index Fund - Direct Plan - Growth Option,2026-03-23,218.8868
HDFC Nifty 50 Index Fund,119063,HDFC Nifty 50 Index Fund - Direct Plan - Growth Option,2026-03-24,222.7674
HDFC Nifty 50 Index Fund,119063,HDFC Nifty 50 Index Fund - Direct Plan - Growth Option,2026-03-25,226.5982
HDFC Nifty 50 Index Fund,119063,HDFC Nifty 50 Index Fund - Direct Plan - Growth Option,2026-03-27,221.8611
HDFC Nifty 50 Index Fund,119063,HDFC Nifty 50 Index Fund - Direct Plan - Growth Option,2026-03-30,217.1194
HDFC Nifty 50 Index Fund,119063,HDFC Nifty 50 Index Fund - Direct Plan - Growth Option,2026-03-31,217.1184
HDFC Nifty 50 Index Fund,119063,HDFC Nifty 50 Index Fund - Direct Plan - Growth Option,2026-04-01,220.5003
HDFC Nifty 50 Index Fund,119063,HDFC Nifty 50 Index Fund - Direct Plan - Growth Option,2026-04-02,220.8254
HDFC Nifty 50 Index Fund,119063,HDFC Nifty 50 Index Fund - Direct Plan - Growth Option,2026-04-06,223.2964
HDFC Nifty 50 Index Fund,119063,HDFC Nifty 50 Index Fund - Direct Plan - Growth Option,2026-04-07,224.7936
HDFC Nifty 50 Index Fund,119063,HDFC Nifty 50 Index Fund - Direct Plan - Growth Option,2026-04-08,233.2835
HDFC Nifty 50 Index Fund,119063,HDFC Nifty 50 Index Fund - Direct Plan - Growth Option,2026-04-09,231.122
HDFC Nifty 50 Index Fund,119063,HDFC Nifty 50 Index Fund - Direct Plan - Growth Option,2026-04-10,233.7978
HDFC Nifty 50 Index Fund,119063,HDFC Nifty 50 Index Fund - Direct Plan - Growth Option,2026-04-13,231.7723
HDFC Nifty 50 Index Fund,119063,HDFC Nifty 50 Index Fund - Direct Plan - Growth Option,2026-04-15,235.5455
HDFC Nifty 50 Index Fund,119063,HDFC Nifty 50 Index Fund - Direct Plan - Growth Option,2026-04-16,235.2075
HDFC Nifty 50 Index Fund,119063,HDFC Nifty 50 Index Fund - Direct Plan - Growth Option,2026-04-17,236.7297
HDFC Nifty 50 Index Fund,119063,HDFC Nifty 50 Index Fund - Direct Plan - Growth Option,2026-04-20,236.8352
HDFC Nifty 50 Index Fund,119063,HDFC Nifty 50 Index Fund - Direct Plan - Growth Option,2026-04-21,238.8918
HDFC Nifty 50 Index Fund,119063,HDFC Nifty 50 Index Fund - Direct Plan - Growth Option,2026-04-22,236.9605
HDFC Nifty 50 Index Fund,119063,HDFC Nifty 50 Index Fund - Direct Plan - Growth Option,2026-04-23,234.9661
HDFC Nifty 50 Index Fund,119063,HDFC Nifty 50 Index Fund - Direct Plan - Growth Option,2026-04-24,232.3439
HDFC Nifty 50 Index Fund,119063,HDFC Nifty 50 Index Fund - Direct Plan - Growth Option,2026-04-27,234.2331
HDFC Nifty 50 Index Fund,119063,HDFC Nifty 50 Index Fund - Direct Plan - Growth Option,2026-04-28,233.2888
HDFC Nifty 50 Index Fund,119063,HDFC Nifty 50 Index Fund - Direct Plan - Growth Option,2026-04-29,235.0556
HDFC Nifty 50 Index Fund,119063,HDFC Nifty 50 Index Fund - Direct Plan - Growth Option,2026-04-30,233.3031
HDFC Nifty 50 Index Fund,119063,HDFC Nifty 50 Index Fund - Direct Plan - Growth Option,2026-05-04,234.4802
HDFC Nifty 50 Index Fund,119063,HDFC Nifty 50 Index Fund - Direct Plan - Growth Option,2026-05-05,233.6373
HDFC Nifty 50 Index Fund,119063,HDFC Nifty 50 Index Fund - Direct Plan - Growth Option,2026-05-06,236.5345
HDFC Nifty 50 Index Fund,119063,HDFC Nifty 50 Index Fund - Direct Plan - Growth Option,2026-05-07,236.491
HDFC Nifty 50 Index Fund,119063,HDFC Nifty 50 Index Fund - Direct Plan - Growth Option,2026-05-08,235.0262
HDFC Nifty 50 Index Fund,119063,HDFC Nifty 50 Index Fund - Direct Plan - Growth Option,2026-05-11,231.5183
HDFC Nifty 50 Index Fund,119063,HDFC Nifty 50 Index Fund - Direct Plan - Growth Option,2026-05-12,227.276
HDFC Nifty 50 Index Fund,119063,HDFC Nifty 50 Index Fund - Direct Plan - Growth Option,2026-05-13,227.5962
HDFC Nifty 50 Index Fund,119063,HDFC Nifty 50 Index Fund - Direct Plan - Growth Option,2026-05-14,230.287
HDFC Nifty 50 Index Fund,119063,HDFC Nifty 50 Index Fund - Direct Plan - Growth Option,2026-05-15,229.99
HDFC Nifty 50 Index Fund,119063,HDFC Nifty 50 Index Fund - Direct Plan - Growth Option,2026-05-18,230.0476
HDFC Nifty 50 Index Fund,119063,HDFC Nifty 50 Index Fund - Direct Plan - Growth Option,2026-05-19,229.7357
HDFC Nifty 50 Index Fund,119063,HDFC Nifty 50 Index Fund - Direct Plan - Growth Option,2026-05-20,230.1326
HDFC Nifty 50 Index Fund,119063,HDFC Nifty 50 Index Fund - Direct Plan - Growth Option,2026-05-21,230.0892
HDFC Nifty 50 Index Fund,119063,HDFC Nifty 50 Index Fund - Direct Plan - Growth Option,2026-05-22,230.8106
HDFC Nifty 50 Index Fund,119063,HDFC Nifty 50 Index Fund - Direct Plan - Growth Option,2026-05-25,233.924
HDFC Nifty 50 Index Fund,119063,HDFC Nifty 50 Index Fund - Direct Plan - Growth Option,2026-05-26,232.7748
HDFC Nifty 50 Index Fund,119063,HDFC Nifty 50 Index Fund - Direct Plan - Growth Option,2026-05-27,232.7093
HDFC Nifty 50 Index Fund,119063,HDFC Nifty 50 Index Fund - Direct Plan - Growth Option,2026-05-29,229.2493
HDFC Nifty 50 Index Fund,119063,HDFC Nifty 50 Index Fund - Direct Plan - Growth Option,2026-06-01,227.6401
HDFC Nifty 50 Index Fund,119063,HDFC Nifty 50 Index Fund - Direct Plan - Growth Option,2026-06-02,228.619
HDFC Nifty 50 Index Fund,119063,HDFC Nifty 50 Index Fund - Direct Plan - Growth Option,2026-06-03,227.8602
HDFC Nifty 50 Index Fund,119063,HDFC Nifty 50 Index Fund - Direct Plan - Growth Option,2026-06-04,227.9646
HDFC Nifty 50 Index Fund,119063,HDFC Nifty 50 Index Fund - Direct Plan - Growth Option,2026-06-05,227.5797
HDFC Nifty 50 Index Fund,119063,HDFC Nifty 50 Index Fund - Direct Plan - Growth Option,2026-06-08,225.2052
HDFC Nifty 50 Index Fund,119063,HDFC Nifty 50 Index Fund - Direct Plan - Growth Option,2026-06-09,226.3617
HDFC Nifty 50 Index Fund,119063,HDFC Nifty 50 Index Fund - Direct Plan - Growth Option,2026-06-10,226.0962
HDFC Nifty 50 Index Fund,119063,HDFC Nifty 50 Index Fund - Direct Plan - Growth Option,2026-06-11,225.5762
HDFC Nifty 50 Index Fund,119063,HDFC Nifty 50 Index Fund - Direct Plan - Growth Option,2026-06-12,230.1422
HDFC Nifty 50 Index Fund,119063,HDFC Nifty 50 Index Fund - Direct Plan - Growth Option,2026-06-15,232.3818
HDFC Nifty 50 Index Fund,119063,HDFC Nifty 50 Index Fund - Direct Plan - Growth Option,2026-06-16,233.6948
HDFC Nifty 50 Index Fund,119063,HDFC Nifty 50 Index Fund - Direct Plan - Growth Option,2026-06-17,234.6313
HDFC Nifty 50 Index Fund,119063,HDFC Nifty 50 Index Fund - Direct Plan - Growth Option,2026-06-18,235.4295
HDFC Nifty 50 Index Fund,119063,HDFC Nifty 50 Index Fund - Direct Plan - Growth Option,2026-06-19,234.3625
HDFC Nifty 50 Index Fund,119063,HDFC Nifty 50 Index Fund - Direct Plan - Growth Option,2026-06-22,235.2303
HDFC Nifty 50 Index Fund,119063,HDFC Nifty 50 Index Fund - Direct Plan - Growth Option,2026-06-23,232.5809
HDFC Nifty 50 Index Fund,119063,HDFC Nifty 50 Index Fund - Direct Plan - Growth Option,2026-06-24,234.5013
HDFC Nifty 50 Index Fund,119063,HDFC Nifty 50 Index Fund - Direct Plan - Growth Option,2026-06-25,234.8333
HDFC Nifty 50 Index Fund,119063,HDFC Nifty 50 Index Fund - Direct Plan - Growth Option,2026-06-29,233.7579
HDFC Nifty 50 Index Fund,119063,HDFC Nifty 50 Index Fund - Direct Plan - Growth Option,2026-06-30,233.0091
HDFC Nifty 50 Index Fund,119063,HDFC Nifty 50 Index Fund - Direct Plan - Growth Option,2026-07-01,234.371
HDFC Nifty 50 Index Fund,119063,HDFC Nifty 50 Index Fund - Direct Plan - Growth Option,2026-07-02,236.0223
HDFC Nifty 50 Index Fund,119063,HDFC Nifty 50 Index Fund - Direct Plan - Growth Option,2026-07-03,237.0303
HDFC Nifty 50 Index Fund,119063,HDFC Nifty 50 Index Fund - Direct Plan - Growth Option,2026-07-06,238.5779
HDFC Nifty 50 Index Fund,119063,HDFC Nifty 50 Index Fund - Direct Plan - Growth Option,2026-07-07,238.2936
HDFC Nifty 50 Index Fund,119063,HDFC Nifty 50 Index Fund - Direct Plan - Growth Option,2026-07-08,233.2615
HDFC Nifty 50 Index Fund,119063,HDFC Nifty 50 Index Fund - Direct Plan - Growth Option,2026-07-09,234.0591
HDFC Nifty 50 Index Fund,119063,HDFC Nifty 50 Index Fund - Direct Plan - Growth Option,2026-07-10,236.4763
HDFC Nifty 50 Index Fund,119063,HDFC Nifty 50 Index Fund - Direct Plan - Growth Option,2026-07-13,236.5114
HDFC Nifty 50 Index Fund,119063,HDFC Nifty 50 Index Fund - Direct Plan - Growth Option,2026-07-14,234.962
HDFC Nifty 50 Index Fund,119063,HDFC Nifty 50 Index Fund - Direct Plan - Growth Option,2026-07-15,235.2438
HDFC Nifty 50 Index Fund,119063,HDFC Nifty 50 Index Fund - Direct Plan - Growth Option,2026-07-16,235.1864
HDFC Nifty 50 Index Fund,119063,HDFC Nifty 50 Index Fund - Direct Plan - Growth Option,2026-07-17,237.7681
HDFC Nifty 50 Index Fund,119063,HDFC Nifty 50 Index Fund - Direct Plan - Growth Option,2026-07-20,236.8303
HDFC Nifty 50 Index Fund,119063,HDFC Nifty 50 Index Fund - Direct Plan - Growth Option,2026-07-21,236.3334
HDFC Nifty 50 Index Fund,119063,HDFC Nifty 50 Index Fund - Direct Plan - Growth Option,2026-07-22,234.468
HDFC Nifty 50 Index Fund,119063,HDFC Nifty 50 Index Fund - Direct Plan - Growth Option,2026-07-23,233.2312
HDFC Nifty 50 Index Fund,119063,HDFC Nifty 50 Index Fund - Direct Plan - Growth Option,2026-07-24,232.3905
HDFC Nifty 50 Index Fund,119063,HDFC Nifty 50 Index Fund - Direct Plan - Growth Option,2026-07-27,234.6226
HDFC Nifty 50 Index Fund,119063,HDFC Nifty 50 Index Fund - Direct Plan - Growth Option,2026-07-28,234.5177
HDFC Nifty 50 Index Fund,119063,HDFC Nifty 50 Index Fund - Direct Plan - Growth Option,2026-07-29,237.0971
HDFC Nifty 50 Index Fund,119063,HDFC Nifty 50 Index Fund - Direct Plan - Growth Option,2026-07-30,237.7481
HDFC Nifty 50 Index Fund,119063,HDFC Nifty 50 Index Fund - Direct Plan - Growth Option,2026-07-31,238.446
HDFC Nifty 50 Index Fund,119063,HDFC Nifty 50 Index Fund - Direct Plan - Growth Option,2026-08-03,242.4339
HDFC Nifty 50 Index Fund,119063,HDFC Nifty 50 Index Fund - Direct Plan - Growth Option,2026-08-04,240.8781
HDFC Nifty 50 Index Fund,119063,HDFC Nifty 50 Index Fund - Direct Plan - Growth Option,2026-08-05,240.9719
HDFC Nifty 50 Index Fund,119063,HDFC Nifty 50 Index Fund - Direct Plan - Growth Option,2026-08-06,241.0808
HDFC Nifty 50 Index Fund,119063,HDFC Nifty 50 Index Fund - Direct Plan - Growth Option,2026-08-07,240.4883
HDFC Nifty 50 Index Fund,119063,HDFC Nifty 50 Index Fund - Direct Plan - Growth Option,2026-08-10,240.6158
HDFC Nifty 50 Index Fund,119063,HDFC Nifty 50 Index Fund - Direct Plan - Growth Option,2026-08-11,239.5184
HDFC Nifty 50 Index Fund,119063,HDFC Nifty 50 Index Fund - Direct Plan - Growth Option,2026-08-12,239.1673
HDFC Nifty 50 Index Fund,119063,HDFC Nifty 50 Index Fund - Direct Plan - Growth Option,2026-08-13,238.7886
HDFC Nifty 50 Index Fund,119063,HDFC Nifty 50 Index Fund - Direct Plan - Growth Option,2026-08-14,238.4972
HDFC Nifty 50 Index Fund,119063,HDFC Nifty 50 Index Fund - Direct Plan - Growth Option,2026-08-17,237.726
HDFC Nifty 50 Index Fund,119063,HDFC Nifty 50 Index Fund - Direct Plan - Growth Option,2026-08-18,236.4268
HDFC Nifty 50 Index Fund,119063,HDFC Nifty 50 Index Fund - Direct Plan - Growth Option,2026-08-19,235.6758
HDFC Nifty 50 Index Fund,119063,HDFC Nifty 50 Index Fund - Direct Plan - Growth Option,2026-08-20,237.1753
HDFC Nifty 50 Index Fund,119063,HDFC Nifty 50 Index Fund - Direct Plan - Growth Option,2026-08-21,237.3706
HDFC Nifty 50 Index Fund,119063,HDFC Nifty 50 Index Fund - Direct Plan - Growth Option,2026-08-24,237.0433
HDFC Nifty 50 Index Fund,119063,HDFC Nifty 50 Index Fund - Direct Plan - Growth Option,2026-08-25,238.1714
HDFC Nifty 50 Index Fund,119063,HDFC Nifty 50 Index Fund - Direct Plan - Growth Option,2026-08-26,236.927
HDFC Nifty 50 Index Fund,119063,HDFC Nifty 50 Index Fund - Direct Plan - Growth Option,2026-08-27,235.781
HDFC Nifty 50 Index Fund,119063,HDFC Nifty 50 Index Fund - Direct Plan - Growth Option,2026-08-28,236.6091
HDFC Nifty 50 Index Fund,119063,HDFC Nifty 50 Index Fund - Direct Plan - Growth Option,2026-08-31,235.672
HDFC Nifty 50 Index Fund,119063,HDFC Nifty 50 Index Fund - Direct Plan - Growth Option,2026-09-01,235.4289
HDFC Nifty 50 Index Fund,119063,HDFC Nifty 50 Index Fund - Direct Plan - Growth Option,2026-09-02,234.0789
HDFC Nifty 50 Index Fund,119063,HDFC Nifty 50 Index Fund - Direct Plan - Growth Option,2026-09-03,233.676
HDFC Nifty 50 Index Fund,119063,HDFC Nifty 50 Index Fund - Direct Plan - Growth Option,2026-09-04,233.9471
HDFC Nifty 50 Index Fund,119063,HDFC Nifty 50 Index Fund - Direct Plan - Growth Option,2026-09-07,232.7811
HDFC Nifty 50 Index Fund,119063,HDFC Nifty 50 Index Fund - Direct Plan - Growth Option,2026-09-08,231.369
HDFC Nifty 50 Index Fund,119063,HDFC Nifty 50 Index Fund - Direct Plan - Growth Option,2026-09-09,229.3746
HDFC Nifty 50 Index Fund,119063,HDFC Nifty 50 Index Fund - Direct Plan - Growth Option,2026-09-10,229.826
HDFC Nifty 50 Index Fund,119063,HDFC Nifty 50 Index Fund - Direct Plan - Growth Option,2026-09-11,229.0446
HDFC Nifty 50 Index Fund,119063,HDFC Nifty 50 Index Fund - Direct Plan - Growth Option,2026-09-15,226.3025
HDFC Nifty 50 Index Fund,119063,HDFC Nifty 50 Index Fund - Direct Plan - Growth Option,2026-09-16,227.2699
HDFC Nifty 50 Index Fund,119063,HDFC Nifty 50 Index Fund - Direct Plan - Growth Option,2026-09-17,227.7872
HDFC Nifty 50 Index Fund,119063,HDFC Nifty 50 Index Fund - Direct Plan - Growth Option,2026-09-18,228.5272
HDFC Nifty 50 Index Fund,119063,HDFC Nifty 50 Index Fund - Direct Plan - Growth Option,2026-09-21,229.1873
HDFC Nifty 50 Index Fund,119063,HDFC Nifty 50 Index Fund - Direct Plan - Growth Option,2026-09-22,228.3504
HDFC Nifty 50 Index Fund,119063,HDFC Nifty 50 Index Fund - Direct Plan - Growth Option,2026-09-23,229.5029
HDFC Nifty 50 Index Fund,119063,HDFC Nifty 50 Index Fund - Direct Plan - Growth Option,2026-09-24,225.7445
HDFC Nifty 50 Index Fund,119063,HDFC Nifty 50 Index Fund - Direct Plan - Growth Option,2026-09-25,226.5003
HDFC Nifty 50 Index Fund,119063,HDFC Nifty 50 Index Fund - Direct Plan - Growth Option,2026-09-28,222.9691
HDFC Nifty 50 Index Fund,119063,HDFC Nifty 50 Index Fund - Direct Plan - Growth Option,2026-09-29,222.3328
HDFC Nifty 50 Index Fund,119063,HDFC Nifty 50 Index Fund - Direct Plan - Growth Option,2026-09-30,221.3947
HDFC Nifty 50 Index Fund,119063,HDFC Nifty 50 Index Fund - Direct Plan - Growth Option,2026-10-01,219.4499
HDFC Mid Cap Fund,118989,HDFC Mid Cap Fund - Direct Plan - Growth Option,2025-01-01,209.098
HDFC Mid Cap Fund,118989,HDFC Mid Cap Fund - Direct Plan - Growth Option,2025-01-02,211.223
HDFC Mid Cap Fund,118989,HDFC Mid Cap Fund - Direct Plan - Growth Option,2025-01-03,210.939
HDFC Mid Cap Fund,118989,HDFC Mid Cap Fund - Direct Plan - Growth Option,2025-01-06,206.217
HDFC Mid Cap Fund,118989,HDFC Mid Cap Fund - Direct Plan - Growth Option,2025-01-07,207.124
HDFC Mid Cap Fund,118989,HDFC Mid Cap Fund - Direct Plan - Growth Option,2025-01-08,204.985
HDFC Mid Cap Fund,118989,HDFC Mid Cap Fund - Direct Plan - Growth Option,2025-01-09,203.626
HDFC Mid Cap Fund,118989,HDFC Mid Cap Fund - Direct Plan - Growth Option,2025-01-10,200.567
HDFC Mid Cap Fund,118989,HDFC Mid Cap Fund - Direct Plan - Growth Option,2025-01-13,193.758
HDFC Mid Cap Fund,118989,HDFC Mid Cap Fund - Direct Plan - Growth Option,2025-01-14,196.352
HDFC Mid Cap Fund,118989,HDFC Mid Cap Fund - Direct Plan - Growth Option,2025-01-15,196.768
HDFC Mid Cap Fund,118989,HDFC Mid Cap Fund - Direct Plan - Growth Option,2025-01-16,198.762
HDFC Mid Cap Fund,118989,HDFC Mid Cap Fund - Direct Plan - Growth Option,2025-01-17,198.216
HDFC Mid Cap Fund,118989,HDFC Mid Cap Fund - Direct Plan - Growth Option,2025-01-20,199.234
HDFC Mid Cap Fund,118989,HDFC Mid Cap Fund - Direct Plan - Growth Option,2025-01-21,196.363
HDFC Mid Cap Fund,118989,HDFC Mid Cap Fund - Direct Plan - Growth Option,2025-01-22,194.886
HDFC Mid Cap Fund,118989,HDFC Mid Cap Fund - Direct Plan - Growth Option,2025-01-23,197.604
HDFC Mid Cap Fund,118989,HDFC Mid Cap Fund - Direct Plan - Growth Option,2025-01-24,194.563
HDFC Mid Cap Fund,118989,HDFC Mid Cap Fund - Direct Plan - Growth Option,2025-01-27,190.002
HDFC Mid Cap Fund,118989,HDFC Mid Cap Fund - Direct Plan - Growth Option,2025-01-28,189.346
HDFC Mid Cap Fund,118989,HDFC Mid Cap Fund - Direct Plan - Growth Option,2025-01-29,193.404
HDFC Mid Cap Fund,118989,HDFC Mid Cap Fund - Direct Plan - Growth Option,2025-01-30,193.484
HDFC Mid Cap Fund,118989,HDFC Mid Cap Fund - Direct Plan - Growth Option,2025-01-31,195.306
HDFC Mid Cap Fund,118989,HDFC Mid Cap Fund - Direct Plan - Growth Option,2025-02-03,193.041
HDFC Mid Cap Fund,118989,HDFC Mid Cap Fund - Direct Plan - Growth Option,2025-02-04,195.631
HDFC Mid Cap Fund,118989,HDFC Mid Cap Fund - Direct Plan - Growth Option,2025-02-05,197.587
HDFC Mid Cap Fund,118989,HDFC Mid Cap Fund - Direct Plan - Growth Option,2025-02-06,196.219
HDFC Mid Cap Fund,118989,HDFC Mid Cap Fund - Direct Plan - Growth Option,2025-02-07,196.636
HDFC Mid Cap Fund,118989,HDFC Mid Cap Fund - Direct Plan - Growth Option,2025-02-10,193.168
HDFC Mid Cap Fund,118989,HDFC Mid Cap Fund - Direct Plan - Growth Option,2025-02-11,188.393
HDFC Mid Cap Fund,118989,HDFC Mid Cap Fund - Direct Plan - Growth Option,2025-02-12,187.544
HDFC Mid Cap Fund,118989,HDFC Mid Cap Fund - Direct Plan - Growth Option,2025-02-13,187.871
HDFC Mid Cap Fund,118989,HDFC Mid Cap Fund - Direct Plan - Growth Option,2025-02-14,184.343
HDFC Mid Cap Fund,118989,HDFC Mid Cap Fund - Direct Plan - Growth Option,2025-02-17,184.794
HDFC Mid Cap Fund,118989,HDFC Mid Cap Fund - Direct Plan - Growth Option,2025-02-18,184.291
HDFC Mid Cap Fund,118989,HDFC Mid Cap Fund - Direct Plan - Growth Option,2025-02-19,186.039
HDFC Mid Cap Fund,118989,HDFC Mid Cap Fund - Direct Plan - Growth Option,2025-02-20,187.775
HDFC Mid Cap Fund,118989,HDFC Mid Cap Fund - Direct Plan - Growth Option,2025-02-21,185.65
HDFC Mid Cap Fund,118989,HDFC Mid Cap Fund - Direct Plan - Growth Option,2025-02-24,184.079
HDFC Mid Cap Fund,118989,HDFC Mid Cap Fund - Direct Plan - Growth Option,2025-02-25,183.104
HDFC Mid Cap Fund,118989,HDFC Mid Cap Fund - Direct Plan - Growth Option,2025-02-27,182.39
HDFC Mid Cap Fund,118989,HDFC Mid Cap Fund - Direct Plan - Growth Option,2025-02-28,178.626
HDFC Mid Cap Fund,118989,HDFC Mid Cap Fund - Direct Plan - Growth Option,2025-03-03,178.67
HDFC Mid Cap Fund,118989,HDFC Mid Cap Fund - Direct Plan - Growth Option,2025-03-04,178.242
HDFC Mid Cap Fund,118989,HDFC Mid Cap Fund - Direct Plan - Growth Option,2025-03-05,182.77
HDFC Mid Cap Fund,118989,HDFC Mid Cap Fund - Direct Plan - Growth Option,2025-03-06,184.163
HDFC Mid Cap Fund,118989,HDFC Mid Cap Fund - Direct Plan - Growth Option,2025-03-07,183.279
HDFC Mid Cap Fund,118989,HDFC Mid Cap Fund - Direct Plan - Growth Option,2025-03-10,181.349
HDFC Mid Cap Fund,118989,HDFC Mid Cap Fund - Direct Plan - Growth Option,2025-03-11,181.318
HDFC Mid Cap Fund,118989,HDFC Mid Cap Fund - Direct Plan - Growth Option,2025-03-12,180.444
HDFC Mid Cap Fund,118989,HDFC Mid Cap Fund - Direct Plan - Growth Option,2025-03-13,178.72
HDFC Mid Cap Fund,118989,HDFC Mid Cap Fund - Direct Plan - Growth Option,2025-03-17,179.946
HDFC Mid Cap Fund,118989,HDFC Mid Cap Fund - Direct Plan - Growth Option,2025-03-18,183.55
HDFC Mid Cap Fund,118989,HDFC Mid Cap Fund - Direct Plan - Growth Option,2025-03-19,186.667
HDFC Mid Cap Fund,118989,HDFC Mid Cap Fund - Direct Plan - Growth Option,2025-03-20,188.315
HDFC Mid Cap Fund,118989,HDFC Mid Cap Fund - Direct Plan - Growth Option,2025-03-21,190.675
HDFC Mid Cap Fund,118989,HDFC Mid Cap Fund - Direct Plan - Growth Option,2025-03-24,192.757
HDFC Mid Cap Fund,118989,HDFC Mid Cap Fund - Direct Plan - Growth Option,2025-03-25,191.35
HDFC Mid Cap Fund,118989,HDFC Mid Cap Fund - Direct Plan - Growth Option,2025-03-26,189.936
HDFC Mid Cap Fund,118989,HDFC Mid Cap Fund - Direct Plan - Growth Option,2025-03-27,191.291
HDFC Mid Cap Fund,118989,HDFC Mid Cap Fund - Direct Plan - Growth Option,2025-03-28,190.726
HDFC Mid Cap Fund,118989,HDFC Mid Cap Fund - Direct Plan - Growth Option,2025-03-31,190.72
HDFC Mid Cap Fund,118989,HDFC Mid Cap Fund - Direct Plan - Growth Option,2025-04-01,188.3
HDFC Mid Cap Fund,118989,HDFC Mid Cap Fund - Direct Plan - Growth Option,2025-04-02,189.787
HDFC Mid Cap Fund,118989,HDFC Mid Cap Fund - Direct Plan - Growth Option,2025-04-03,189.681
HDFC Mid Cap Fund,118989,HDFC Mid Cap Fund - Direct Plan - Growth Option,2025-04-04,184.712
HDFC Mid Cap Fund,118989,HDFC Mid Cap Fund - Direct Plan - Growth Option,2025-04-07,179.056
HDFC Mid Cap Fund,118989,HDFC Mid Cap Fund - Direct Plan - Growth Option,2025-04-08,181.742
HDFC Mid Cap Fund,118989,HDFC Mid Cap Fund - Direct Plan - Growth Option,2025-04-09,180.45
HDFC Mid Cap Fund,118989,HDFC Mid Cap Fund - Direct Plan - Growth Option,2025-04-11,183.577
HDFC Mid Cap Fund,118989,HDFC Mid Cap Fund - Direct Plan - Growth Option,2025-04-15,188.529
HDFC Mid Cap Fund,118989,HDFC Mid Cap Fund - Direct Plan - Growth Option,2025-04-16,190.178
HDFC Mid Cap Fund,118989,HDFC Mid Cap Fund - Direct Plan - Growth Option,2025-04-17,191.421
HDFC Mid Cap Fund,118989,HDFC Mid Cap Fund - Direct Plan - Growth Option,2025-04-21,194.352
HDFC Mid Cap Fund,118989,HDFC Mid Cap Fund - Direct Plan - Growth Option,2025-04-22,195.51
HDFC Mid Cap Fund,118989,HDFC Mid Cap Fund - Direct Plan - Growth Option,2025-04-23,197.122
HDFC Mid Cap Fund,118989,HDFC Mid Cap Fund - Direct Plan - Growth Option,2025-04-24,197.241
HDFC Mid Cap Fund,118989,HDFC Mid Cap Fund - Direct Plan - Growth Option,2025-04-25,194.244
HDFC Mid Cap Fund,118989,HDFC Mid Cap Fund - Direct Plan - Growth Option,2025-04-28,195.999
HDFC Mid Cap Fund,118989,HDFC Mid Cap Fund - Direct Plan - Growth Option,2025-04-29,196.381
HDFC Mid Cap Fund,118989,HDFC Mid Cap Fund - Direct Plan - Growth Option,2025-04-30,195.45
HDFC Mid Cap Fund,118989,HDFC Mid Cap Fund - Direct Plan - Growth Option,2025-05-02,194.99
HDFC Mid Cap Fund,118989,HDFC Mid Cap Fund - Direct Plan - Growth Option,2025-05-05,197.523
HDFC Mid Cap Fund,118989,HDFC Mid Cap Fund - Direct Plan - Growth Option,2025-05-06,194.533
HDFC Mid Cap Fund,118989,HDFC Mid Cap Fund - Direct Plan - Growth Option,2025-05-07,196.428
HDFC Mid Cap Fund,118989,HDFC Mid Cap Fund - Direct Plan - Growth Option,2025-05-08,194.013
HDFC Mid Cap Fund,118989,HDFC Mid Cap Fund - Direct Plan - Growth Option,2025-05-09,193.533
HDFC Mid Cap Fund,118989,HDFC Mid Cap Fund - Direct Plan - Growth Option,2025-05-12,199.462
HDFC Mid Cap Fund,118989,HDFC Mid Cap Fund - Direct Plan - Growth Option,2025-05-13,200.003
HDFC Mid Cap Fund,118989,HDFC Mid Cap Fund - Direct Plan - Growth Option,2025-05-14,202.603
HDFC Mid Cap Fund,118989,HDFC Mid Cap Fund - Direct Plan - Growth Option,2025-05-15,203.713
HDFC Mid Cap Fund,118989,HDFC Mid Cap Fund - Direct Plan - Growth Option,2025-05-16,205.197
HDFC Mid Cap Fund,118989,HDFC Mid Cap Fund - Direct Plan - Growth Option,2025-05-19,205.708
HDFC Mid Cap Fund,118989,HDFC Mid Cap Fund - Direct Plan - Growth Option,2025-05-20,203.771
HDFC Mid Cap Fund,118989,HDFC Mid Cap Fund - Direct Plan - Growth Option,2025-05-21,205.363
HDFC Mid Cap Fund,118989,HDFC Mid Cap Fund - Direct Plan - Growth Option,2025-05-22,205.023
HDFC Mid Cap Fund,118989,HDFC Mid Cap Fund - Direct Plan - Growth Option,2025-05-23,206.302
HDFC Mid Cap Fund,118989,HDFC Mid Cap Fund - Direct Plan - Growth Option,2025-05-26,206.696
HDFC Mid Cap Fund,118989,HDFC Mid Cap Fund - Direct Plan - Growth Option,2025-05-27,206.931
HDFC Mid Cap Fund,118989,HDFC Mid Cap Fund - Direct Plan - Growth Option,2025-05-28,207.167
HDFC Mid Cap Fund,118989,HDFC Mid Cap Fund - Direct Plan - Growth Option,2025-05-29,207.48
HDFC Mid Cap Fund,118989,HDFC Mid Cap Fund - Direct Plan - Growth Option,2025-05-30,206.904
HDFC Mid Cap Fund,118989,HDFC Mid Cap Fund - Direct Plan - Growth Option,2025-06-02,208.154
HDFC Mid Cap Fund,118989,HDFC Mid Cap Fund - Direct Plan - Growth Option,2025-06-03,207.526
HDFC Mid Cap Fund,118989,HDFC Mid Cap Fund - Direct Plan - Growth Option,2025-06-04,208.459
HDFC Mid Cap Fund,118989,HDFC Mid Cap Fund - Direct Plan - Growth Option,2025-06-05,209.242
HDFC Mid Cap Fund,118989,HDFC Mid Cap Fund - Direct Plan - Growth Option,2025-06-06,210.705
HDFC Mid Cap Fund,118989,HDFC Mid Cap Fund - Direct Plan - Growth Option,2025-06-09,212.978
HDFC Mid Cap Fund,118989,HDFC Mid Cap Fund - Direct Plan - Growth Option,2025-06-10,213.109
HDFC Mid Cap Fund,118989,HDFC Mid Cap Fund - Direct Plan - Growth Option,2025-06-11,212.554
HDFC Mid Cap Fund,118989,HDFC Mid Cap Fund - Direct Plan - Growth Option,2025-06-12,209.783
HDFC Mid Cap Fund,118989,HDFC Mid Cap Fund - Direct Plan - Growth Option,2025-06-13,209.042
HDFC Mid Cap Fund,118989,HDFC Mid Cap Fund - Direct Plan - Growth Option,2025-06-16,210.874
HDFC Mid Cap Fund,118989,HDFC Mid Cap Fund - Direct Plan - Growth Option,2025-06-17,210.132
HDFC Mid Cap Fund,118989,HDFC Mid Cap Fund - Direct Plan - Growth Option,2025-06-18,210.016
HDFC Mid Cap Fund,118989,HDFC Mid Cap Fund - Direct Plan - Growth Option,2025-06-19,207.644
HDFC Mid Cap Fund,118989,HDFC Mid Cap Fund - Direct Plan - Growth Option,2025-06-20,209.226
HDFC Mid Cap Fund,118989,HDFC Mid Cap Fund - Direct Plan - Growth Option,2025-06-23,209.361
HDFC Mid Cap Fund,118989,HDFC Mid Cap Fund - Direct Plan - Growth Option,2025-06-24,211.266
HDFC Mid Cap Fund,118989,HDFC Mid Cap Fund - Direct Plan - Growth Option,2025-06-25,212.704
HDFC Mid Cap Fund,118989,HDFC Mid Cap Fund - Direct Plan - Growth Option,2025-06-26,213.831
HDFC Mid Cap Fund,118989,HDFC Mid Cap Fund - Direct Plan - Growth Option,2025-06-27,214.426
HDFC Mid Cap Fund,118989,HDFC Mid Cap Fund - Direct Plan - Growth Option,2025-06-30,216.474
HDFC Mid Cap Fund,118989,HDFC Mid Cap Fund - Direct Plan - Growth Option,2025-07-01,216.604
HDFC Mid Cap Fund,118989,HDFC Mid Cap Fund - Direct Plan - Growth Option,2025-07-02,216.834
HDFC Mid Cap Fund,118989,HDFC Mid Cap Fund - Direct Plan - Growth Option,2025-07-03,216.556
HDFC Mid Cap Fund,118989,HDFC Mid Cap Fund - Direct Plan - Growth Option,2025-07-04,217.529
HDFC Mid Cap Fund,118989,HDFC Mid Cap Fund - Direct Plan - Growth Option,2025-07-07,217.42
HDFC Mid Cap Fund,118989,HDFC Mid Cap Fund - Direct Plan - Growth Option,2025-07-08,217.446
HDFC Mid Cap Fund,118989,HDFC Mid Cap Fund - Direct Plan - Growth Option,2025-07-09,217.447
HDFC Mid Cap Fund,118989,HDFC Mid Cap Fund - Direct Plan - Growth Option,2025-07-10,216.612
HDFC Mid Cap Fund,118989,HDFC Mid Cap Fund - Direct Plan - Growth Option,2025-07-11,215.905
HDFC Mid Cap Fund,118989,HDFC Mid Cap Fund - Direct Plan - Growth Option,2025-07-14,216.835
HDFC Mid Cap Fund,118989,HDFC Mid Cap Fund - Direct Plan - Growth Option,2025-07-15,218.593
HDFC Mid Cap Fund,118989,HDFC Mid Cap Fund - Direct Plan - Growth Option,2025-07-16,218.734
HDFC Mid Cap Fund,118989,HDFC Mid Cap Fund - Direct Plan - Growth Option,2025-07-17,218.853
HDFC Mid Cap Fund,118989,HDFC Mid Cap Fund - Direct Plan - Growth Option,2025-07-18,217.979
HDFC Mid Cap Fund,118989,HDFC Mid Cap Fund - Direct Plan - Growth Option,2025-07-21,218.204
HDFC Mid Cap Fund,118989,HDFC Mid Cap Fund - Direct Plan - Growth Option,2025-07-22,217.502
HDFC Mid Cap Fund,118989,HDFC Mid Cap Fund - Direct Plan - Growth Option,2025-07-23,217.842
HDFC Mid Cap Fund,118989,HDFC Mid Cap Fund - Direct Plan - Growth Option,2025-07-24,216.847
HDFC Mid Cap Fund,118989,HDFC Mid Cap Fund - Direct Plan - Growth Option,2025-07-25,214.192
HDFC Mid Cap Fund,118989,HDFC Mid Cap Fund - Direct Plan - Growth Option,2025-07-28,213.152
HDFC Mid Cap Fund,118989,HDFC Mid Cap Fund - Direct Plan - Growth Option,2025-07-29,214.366
HDFC Mid Cap Fund,118989,HDFC Mid Cap Fund - Direct Plan - Growth Option,2025-07-30,214.733
HDFC Mid Cap Fund,118989,HDFC Mid Cap Fund - Direct Plan - Growth Option,2025-07-31,213.543
HDFC Mid Cap Fund,118989,HDFC Mid Cap Fund - Direct Plan - Growth Option,2025-08-01,210.433
HDFC Mid Cap Fund,118989,HDFC Mid Cap Fund - Direct Plan - Growth Option,2025-08-04,212.022
HDFC Mid Cap Fund,118989,HDFC Mid Cap Fund - Direct Plan - Growth Option,2025-08-05,211.303
HDFC Mid Cap Fund,118989,HDFC Mid Cap Fund - Direct Plan - Growth Option,2025-08-06,209.07
HDFC Mid Cap Fund,118989,HDFC Mid Cap Fund - Direct Plan - Growth Option,2025-08-07,210.196
HDFC Mid Cap Fund,118989,HDFC Mid Cap Fund - Direct Plan - Growth Option,2025-08-08,208.66
HDFC Mid Cap Fund,118989,HDFC Mid Cap Fund - Direct Plan - Growth Option,2025-08-11,209.808
HDFC Mid Cap Fund,118989,HDFC Mid Cap Fund - Direct Plan - Growth Option,2025-08-12,209.873
HDFC Mid Cap Fund,118989,HDFC Mid Cap Fund - Direct Plan - Growth Option,2025-08-13,210.62
HDFC Mid Cap Fund,118989,HDFC Mid Cap Fund - Direct Plan - Growth Option,2025-08-14,210.619
HDFC Mid Cap Fund,118989,HDFC Mid Cap Fund - Direct Plan - Growth Option,2025-08-18,212.99
HDFC Mid Cap Fund,118989,HDFC Mid Cap Fund - Direct Plan - Growth Option,2025-08-19,213.959
HDFC Mid Cap Fund,118989,HDFC Mid Cap Fund - Direct Plan - Growth Option,2025-08-20,214.837
HDFC Mid Cap Fund,118989,HDFC Mid Cap Fund - Direct Plan - Growth Option,2025-08-21,214.333
HDFC Mid Cap Fund,118989,HDFC Mid Cap Fund - Direct Plan - Growth Option,2025-08-22,214.055
HDFC Mid Cap Fund,118989,HDFC Mid Cap Fund - Direct Plan - Growth Option,2025-08-25,213.977
HDFC Mid Cap Fund,118989,HDFC Mid Cap Fund - Direct Plan - Growth Option,2025-08-26,211.708
HDFC Mid Cap Fund,118989,HDFC Mid Cap Fund - Direct Plan - Growth Option,2025-08-28,210.116
HDFC Mid Cap Fund,118989,HDFC Mid Cap Fund - Direct Plan - Growth Option,2025-08-29,209.335
HDFC Mid Cap Fund,118989,HDFC Mid Cap Fund - Direct Plan - Growth Option,2025-09-01,211.766
HDFC Mid Cap Fund,118989,HDFC Mid Cap Fund - Direct Plan - Growth Option,2025-09-02,212.253
HDFC Mid Cap Fund,118989,HDFC Mid Cap Fund - Direct Plan - Growth Option,2025-09-03,213.155
HDFC Mid Cap Fund,118989,HDFC Mid Cap Fund - Direct Plan - Growth Option,2025-09-04,211.92
HDFC Mid Cap Fund,118989,HDFC Mid Cap Fund - Direct Plan - Growth Option,2025-09-05,211.634
HDFC Mid Cap Fund,118989,HDFC Mid Cap Fund - Direct Plan - Growth Option,2025-09-08,211.986
HDFC Mid Cap Fund,118989,HDFC Mid Cap Fund - Direct Plan - Growth Option,2025-09-09,212.848
HDFC Mid Cap Fund,118989,HDFC Mid Cap Fund - Direct Plan - Growth Option,2025-09-10,215.014
HDFC Mid Cap Fund,118989,HDFC Mid Cap Fund - Direct Plan - Growth Option,2025-09-11,215.465
HDFC Mid Cap Fund,118989,HDFC Mid Cap Fund - Direct Plan - Growth Option,2025-09-12,215.358
HDFC Mid Cap Fund,118989,HDFC Mid Cap Fund - Direct Plan - Growth Option,2025-09-15,215.615
HDFC Mid Cap Fund,118989,HDFC Mid Cap Fund - Direct Plan - Growth Option,2025-09-16,217.027
HDFC Mid Cap Fund,118989,HDFC Mid Cap Fund - Direct Plan - Growth Option,2025-09-17,217.233
HDFC Mid Cap Fund,118989,HDFC Mid Cap Fund - Direct Plan - Growth Option,2025-09-18,218.333
HDFC Mid Cap Fund,118989,HDFC Mid Cap Fund - Direct Plan - Growth Option,2025-09-19,218.769
HDFC Mid Cap Fund,118989,HDFC Mid Cap Fund - Direct Plan - Growth Option,2025-09-22,216.406
HDFC Mid Cap Fund,118989,HDFC Mid Cap Fund - Direct Plan - Growth Option,2025-09-23,215.912
HDFC Mid Cap Fund,118989,HDFC Mid Cap Fund - Direct Plan - Growth Option,2025-09-24,214.521
HDFC Mid Cap Fund,118989,HDFC Mid Cap Fund - Direct Plan - Growth Option,2025-09-25,213.332
HDFC Mid Cap Fund,118989,HDFC Mid Cap Fund - Direct Plan - Growth Option,2025-09-26,210.143
HDFC Mid Cap Fund,118989,HDFC Mid Cap Fund - Direct Plan - Growth Option,2025-09-30,211.773
HDFC Mid Cap Fund,118989,HDFC Mid Cap Fund - Direct Plan - Growth Option,2025-10-01,212.457
HDFC Mid Cap Fund,118989,HDFC Mid Cap Fund - Direct Plan - Growth Option,2025-10-03,213.642
HDFC Mid Cap Fund,118989,HDFC Mid Cap Fund - Direct Plan - Growth Option,2025-10-06,215.389
HDFC Mid Cap Fund,118989,HDFC Mid Cap Fund - Direct Plan - Growth Option,2025-10-07,215.969
HDFC Mid Cap Fund,118989,HDFC Mid Cap Fund - Direct Plan - Growth Option,2025-10-08,215.6
HDFC Mid Cap Fund,118989,HDFC Mid Cap Fund - Direct Plan - Growth Option,2025-10-09,216.544
HDFC Mid Cap Fund,118989,HDFC Mid Cap Fund - Direct Plan - Growth Option,2025-10-10,217.337
HDFC Mid Cap Fund,118989,HDFC Mid Cap Fund - Direct Plan - Growth Option,2025-10-13,216.977
HDFC Mid Cap Fund,118989,HDFC Mid Cap Fund - Direct Plan - Growth Option,2025-10-14,216.044
HDFC Mid Cap Fund,118989,HDFC Mid Cap Fund - Direct Plan - Growth Option,2025-10-15,218.098
HDFC Mid Cap Fund,118989,HDFC Mid Cap Fund - Direct Plan - Growth Option,2025-10-16,218.556
HDFC Mid Cap Fund,118989,HDFC Mid Cap Fund - Direct Plan - Growth Option,2025-10-17,217.991
HDFC Mid Cap Fund,118989,HDFC Mid Cap Fund - Direct Plan - Growth Option,2025-10-20,220.059
HDFC Mid Cap Fund,118989,HDFC Mid Cap Fund - Direct Plan - Growth Option,2025-10-23,220.415
HDFC Mid Cap Fund,118989,HDFC Mid Cap Fund - Direct Plan - Growth Option,2025-10-24,219.563
HDFC Mid Cap Fund,118989,HDFC Mid Cap Fund - Direct Plan - Growth Option,2025-10-27,221.623
HDFC Mid Cap Fund,118989,HDFC Mid Cap Fund - Direct Plan - Growth Option,2025-10-28,221.825
HDFC Mid Cap Fund,118989,HDFC Mid Cap Fund - Direct Plan - Growth Option,2025-10-29,222.518
HDFC Mid Cap Fund,118989,HDFC Mid Cap Fund - Direct Plan - Growth Option,2025-10-30,222.577
HDFC Mid Cap Fund,118989,HDFC Mid Cap Fund - Direct Plan - Growth Option,2025-10-31,221.524
HDFC Mid Cap Fund,118989,HDFC Mid Cap Fund - Direct Plan - Growth Option,2025-11-03,223.347
HDFC Mid Cap Fund,118989,HDFC Mid Cap Fund - Direct Plan - Growth Option,2025-11-04,223.506
HDFC Mid Cap Fund,118989,HDFC Mid Cap Fund - Direct Plan - Growth Option,2025-11-06,221.161
HDFC Mid Cap Fund,118989,HDFC Mid Cap Fund - Direct Plan - Growth Option,2025-11-07,221.567
HDFC Mid Cap Fund,118989,HDFC Mid Cap Fund - Direct Plan - Growth Option,2025-11-10,222.303
HDFC Mid Cap Fund,118989,HDFC Mid Cap Fund - Direct Plan - Growth Option,2025-11-11,222.608
HDFC Mid Cap Fund,118989,HDFC Mid Cap Fund - Direct Plan - Growth Option,2025-11-12,224.607
HDFC Mid Cap Fund,118989,HDFC Mid Cap Fund - Direct Plan - Growth Option,2025-11-13,224.351
HDFC Mid Cap Fund,118989,HDFC Mid Cap Fund - Direct Plan - Growth Option,2025-11-14,224.345
HDFC Mid Cap Fund,118989,HDFC Mid Cap Fund - Direct Plan - Growth Option,2025-11-17,226.08
HDFC Mid Cap Fund,118989,HDFC Mid Cap Fund - Direct Plan - Growth Option,2025-11-18,224.791
HDFC Mid Cap Fund,118989,HDFC Mid Cap Fund - Direct Plan - Growth Option,2025-11-19,225.472
HDFC Mid Cap Fund,118989,HDFC Mid Cap Fund - Direct Plan - Growth Option,2025-11-20,225.649
HDFC Mid Cap Fund,118989,HDFC Mid Cap Fund - Direct Plan - Growth Option,2025-11-21,223.281
HDFC Mid Cap Fund,118989,HDFC Mid Cap Fund - Direct Plan - Growth Option,2025-11-24,223.442
HDFC Mid Cap Fund,118989,HDFC Mid Cap Fund - Direct Plan - Growth Option,2025-11-25,224.146
HDFC Mid Cap Fund,118989,HDFC Mid Cap Fund - Direct Plan - Growth Option,2025-11-26,226.261
HDFC Mid Cap Fund,118989,HDFC Mid Cap Fund - Direct Plan - Growth Option,2025-11-27,226.082
HDFC Mid Cap Fund,118989,HDFC Mid Cap Fund - Direct Plan - Growth Option,2025-11-28,226.069
HDFC Mid Cap Fund,118989,HDFC Mid Cap Fund - Direct Plan - Growth Option,2025-12-01,225.84
HDFC Mid Cap Fund,118989,HDFC Mid Cap Fund - Direct Plan - Growth Option,2025-12-02,225.889
HDFC Mid Cap Fund,118989,HDFC Mid Cap Fund - Direct Plan - Growth Option,2025-12-03,224.194
HDFC Mid Cap Fund,118989,HDFC Mid Cap Fund - Direct Plan - Growth Option,2025-12-04,224.265
HDFC Mid Cap Fund,118989,HDFC Mid Cap Fund - Direct Plan - Growth Option,2025-12-05,224.68
HDFC Mid Cap Fund,118989,HDFC Mid Cap Fund - Direct Plan - Growth Option,2025-12-08,221.483
HDFC Mid Cap Fund,118989,HDFC Mid Cap Fund - Direct Plan - Growth Option,2025-12-09,222.55
HDFC Mid Cap Fund,118989,HDFC Mid Cap Fund - Direct Plan - Growth Option,2025-12-10,221.139
HDFC Mid Cap Fund,118989,HDFC Mid Cap Fund - Direct Plan - Growth Option,2025-12-11,221.622
HDFC Mid Cap Fund,118989,HDFC Mid Cap Fund - Direct Plan - Growth Option,2025-12-12,223.398
HDFC Mid Cap Fund,118989,HDFC Mid Cap Fund - Direct Plan - Growth Option,2025-12-15,223.775
HDFC Mid Cap Fund,118989,HDFC Mid Cap Fund - Direct Plan - Growth Option,2025-12-16,222.449
HDFC Mid Cap Fund,118989,HDFC Mid Cap Fund - Direct Plan - Growth Option,2025-12-17,222.001
HDFC Mid Cap Fund,118989,HDFC Mid Cap Fund - Direct Plan - Growth Option,2025-12-18,222.128
HDFC Mid Cap Fund,118989,HDFC Mid Cap Fund - Direct Plan - Growth Option,2025-12-19,224.13
HDFC Mid Cap Fund,118989,HDFC Mid Cap Fund - Direct Plan - Growth Option,2025-12-22,225.488
HDFC Mid Cap Fund,118989,HDFC Mid Cap Fund - Direct Plan - Growth Option,2025-12-23,224.885
HDFC Mid Cap Fund,118989,HDFC Mid Cap Fund - Direct Plan - Growth Option,2025-12-24,223.507
HDFC Mid Cap Fund,118989,HDFC Mid Cap Fund - Direct Plan - Growth Option,2025-12-26,222.776
HDFC Mid Cap Fund,118989,HDFC Mid Cap Fund - Direct Plan - Growth Option,2025-12-29,222.41
HDFC Mid Cap Fund,118989,HDFC Mid Cap Fund - Direct Plan - Growth Option,2025-12-30,222.385
HDFC Mid Cap Fund,118989,HDFC Mid Cap Fund - Direct Plan - Growth Option,2025-12-31,224.745
HDFC Mid Cap Fund,118989,HDFC Mid Cap Fund - Direct Plan - Growth Option,2026-01-01,225.02
HDFC Mid Cap Fund,118989,HDFC Mid Cap Fund - Direct Plan - Growth Option,2026-01-02,226.581
HDFC Mid Cap Fund,118989,HDFC Mid Cap Fund - Direct Plan - Growth Option,2026-01-05,226.659
HDFC Mid Cap Fund,118989,HDFC Mid Cap Fund - Direct Plan - Growth Option,2026-01-06,226.631
HDFC Mid Cap Fund,118989,HDFC Mid Cap Fund - Direct Plan - Growth Option,2026-01-07,226.959
HDFC Mid Cap Fund,118989,HDFC Mid Cap Fund - Direct Plan - Growth Option,2026-01-08,223.692
HDFC Mid Cap Fund,118989,HDFC Mid Cap Fund - Direct Plan - Growth Option,2026-01-09,222.322
HDFC Mid Cap Fund,118989,HDFC Mid Cap Fund - Direct Plan - Growth Option,2026-01-12,221.703
HDFC Mid Cap Fund,118989,HDFC Mid Cap Fund - Direct Plan - Growth Option,2026-01-13,221.659
HDFC Mid Cap Fund,118989,HDFC Mid Cap Fund - Direct Plan - Growth Option,2026-01-14,222.23
HDFC Mid Cap Fund,118989,HDFC Mid Cap Fund - Direct Plan - Growth Option,2026-01-16,223.518
HDFC Mid Cap Fund,118989,HDFC Mid Cap Fund - Direct Plan - Growth Option,2026-01-19,222.776
HDFC Mid Cap Fund,118989,HDFC Mid Cap Fund - Direct Plan - Growth Option,2026-01-20,218.895
HDFC Mid Cap Fund,118989,HDFC Mid Cap Fund - Direct Plan - Growth Option,2026-01-21,218.092
HDFC Mid Cap Fund,118989,HDFC Mid Cap Fund - Direct Plan - Growth Option,2026-01-22,220.498
HDFC Mid Cap Fund,118989,HDFC Mid Cap Fund - Direct Plan - Growth Option,2026-01-23,217.297
HDFC Mid Cap Fund,118989,HDFC Mid Cap Fund - Direct Plan - Growth Option,2026-01-27,217.845
HDFC Mid Cap Fund,118989,HDFC Mid Cap Fund - Direct Plan - Growth Option,2026-01-28,219.869
HDFC Mid Cap Fund,118989,HDFC Mid Cap Fund - Direct Plan - Growth Option,2026-01-29,220.054
HDFC Mid Cap Fund,118989,HDFC Mid Cap Fund - Direct Plan - Growth Option,2026-01-30,221.441
HDFC Mid Cap Fund,118989,HDFC Mid Cap Fund - Direct Plan - Growth Option,2026-02-02,218.917
HDFC Mid Cap Fund,118989,HDFC Mid Cap Fund - Direct Plan - Growth Option,2026-02-03,224.323
HDFC Mid Cap Fund,118989,HDFC Mid Cap Fund - Direct Plan - Growth Option,2026-02-04,224.742
HDFC Mid Cap Fund,118989,HDFC Mid Cap Fund - Direct Plan - Growth Option,2026-02-05,224.598
HDFC Mid Cap Fund,118989,HDFC Mid Cap Fund - Direct Plan - Growth Option,2026-02-06,223.961
HDFC Mid Cap Fund,118989,HDFC Mid Cap Fund - Direct Plan - Growth Option,2026-02-09,226.725
HDFC Mid Cap Fund,118989,HDFC Mid Cap Fund - Direct Plan - Growth Option,2026-02-10,226.936
HDFC Mid Cap Fund,118989,HDFC Mid Cap Fund - Direct Plan - Growth Option,2026-02-11,227.177
HDFC Mid Cap Fund,118989,HDFC Mid Cap Fund - Direct Plan - Growth Option,2026-02-12,226.103
HDFC Mid Cap Fund,118989,HDFC Mid Cap Fund - Direct Plan - Growth Option,2026-02-13,223.49
HDFC Mid Cap Fund,118989,HDFC Mid Cap Fund - Direct Plan - Growth Option,2026-02-16,224.57
HDFC Mid Cap Fund,118989,HDFC Mid Cap Fund - Direct Plan - Growth Option,2026-02-17,226.052
HDFC Mid Cap Fund,118989,HDFC Mid Cap Fund - Direct Plan - Growth Option,2026-02-18,226.722
HDFC Mid Cap Fund,118989,HDFC Mid Cap Fund - Direct Plan - Growth Option,2026-02-19,223.599
HDFC Mid Cap Fund,118989,HDFC Mid Cap Fund - Direct Plan - Growth Option,2026-02-20,224.106
HDFC Mid Cap Fund,118989,HDFC Mid Cap Fund - Direct Plan - Growth Option,2026-02-23,224.869
HDFC Mid Cap Fund,118989,HDFC Mid Cap Fund - Direct Plan - Growth Option,2026-02-24,224.603
HDFC Mid Cap Fund,118989,HDFC Mid Cap Fund - Direct Plan - Growth Option,2026-02-25,225.855
HDFC Mid Cap Fund,118989,HDFC Mid Cap Fund - Direct Plan - Growth Option,2026-02-26,226.799
HDFC Mid Cap Fund,118989,HDFC Mid Cap Fund - Direct Plan - Growth Option,2026-02-27,223.956
HDFC Mid Cap Fund,118989,HDFC Mid Cap Fund - Direct Plan - Growth Option,2026-03-02,220.177
HDFC Mid Cap Fund,118989,HDFC Mid Cap Fund - Direct Plan - Growth Option,2026-03-04,214.603
HDFC Mid Cap Fund,118989,HDFC Mid Cap Fund - Direct Plan - Growth Option,2026-03-05,217.045
HDFC Mid Cap Fund,118989,HDFC Mid Cap Fund - Direct Plan - Growth Option,2026-03-06,215.237
HDFC Mid Cap Fund,118989,HDFC Mid Cap Fund - Direct Plan - Growth Option,2026-03-09,210.943
HDFC Mid Cap Fund,118989,HDFC Mid Cap Fund - Direct Plan - Growth Option,2026-03-10,214.598
HDFC Mid Cap Fund,118989,HDFC Mid Cap Fund - Direct Plan - Growth Option,2026-03-11,212.648
HDFC Mid Cap Fund,118989,HDFC Mid Cap Fund - Direct Plan - Growth Option,2026-03-12,211.452
HDFC Mid Cap Fund,118989,HDFC Mid Cap Fund - Direct Plan - Growth Option,2026-03-13,205.997
HDFC Mid Cap Fund,118989,HDFC Mid Cap Fund - Direct Plan - Growth Option,2026-03-16,205.631
HDFC Mid Cap Fund,118989,HDFC Mid Cap Fund - Direct Plan - Growth Option,2026-03-17,206.218
HDFC Mid Cap Fund,118989,HDFC Mid Cap Fund - Direct Plan - Growth Option,2026-03-18,209.623
HDFC Mid Cap Fund,118989,HDFC Mid Cap Fund - Direct Plan - Growth Option,2026-03-19,203.612
HDFC Mid Cap Fund,118989,HDFC Mid Cap Fund - Direct Plan - Growth Option,2026-03-20,204.935
HDFC Mid Cap Fund,118989,HDFC Mid Cap Fund - Direct Plan - Growth Option,2026-03-23,198.616
HDFC Mid Cap Fund,118989,HDFC Mid Cap Fund - Direct Plan - Growth Option,2026-03-24,202.868
HDFC Mid Cap Fund,118989,HDFC Mid Cap Fund - Direct Plan - Growth Option,2026-03-25,207.591
HDFC Mid Cap Fund,118989,HDFC Mid Cap Fund - Direct Plan - Growth Option,2026-03-27,204.038
HDFC Mid Cap Fund,118989,HDFC Mid Cap Fund - Direct Plan - Growth Option,2026-03-30,199.417
HDFC Mid Cap Fund,118989,HDFC Mid Cap Fund - Direct Plan - Growth Option,2026-03-31,199.417
HDFC Mid Cap Fund,118989,HDFC Mid Cap Fund - Direct Plan - Growth Option,2026-04-01,202.75
HDFC Mid Cap Fund,118989,HDFC Mid Cap Fund - Direct Plan - Growth Option,2026-04-02,202.243
HDFC Mid Cap Fund,118989,HDFC Mid Cap Fund - Direct Plan - Growth Option,2026-04-06,204.438
HDFC Mid Cap Fund,118989,HDFC Mid Cap Fund - Direct Plan - Growth Option,2026-04-07,205.14
HDFC Mid Cap Fund,118989,HDFC Mid Cap Fund - Direct Plan - Growth Option,2026-04-08,212.727
HDFC Mid Cap Fund,118989,HDFC Mid Cap Fund - Direct Plan - Growth Option,2026-04-09,212.58
HDFC Mid Cap Fund,118989,HDFC Mid Cap Fund - Direct Plan - Growth Option,2026-04-10,215.548
HDFC Mid Cap Fund,118989,HDFC Mid Cap Fund - Direct Plan - Growth Option,2026-04-13,213.692
HDFC Mid Cap Fund,118989,HDFC Mid Cap Fund - Direct Plan - Growth Option,2026-04-15,217.52
HDFC Mid Cap Fund,118989,HDFC Mid Cap Fund - Direct Plan - Growth Option,2026-04-16,218.214
HDFC Mid Cap Fund,118989,HDFC Mid Cap Fund - Direct Plan - Growth Option,2026-04-17,220.058
HDFC Mid Cap Fund,118989,HDFC Mid Cap Fund - Direct Plan - Growth Option,2026-04-20,219.674
HDFC Mid Cap Fund,118989,HDFC Mid Cap Fund - Direct Plan - Growth Option,2026-04-21,221.424
HDFC Mid Cap Fund,118989,HDFC Mid Cap Fund - Direct Plan - Growth Option,2026-04-22,221.614
HDFC Mid Cap Fund,118989,HDFC Mid Cap Fund - Direct Plan - Growth Option,2026-04-23,220.625
HDFC Mid Cap Fund,118989,HDFC Mid Cap Fund - Direct Plan - Growth Option,2026-04-24,218.074
HDFC Mid Cap Fund,118989,HDFC Mid Cap Fund - Direct Plan - Growth Option,2026-04-27,220.638
HDFC Mid Cap Fund,118989,HDFC Mid Cap Fund - Direct Plan - Growth Option,2026-04-28,220.217
HDFC Mid Cap Fund,118989,HDFC Mid Cap Fund - Direct Plan - Growth Option,2026-04-29,219.606
HDFC Mid Cap Fund,118989,HDFC Mid Cap Fund - Direct Plan - Growth Option,2026-04-30,217.72
HDFC Mid Cap Fund,118989,HDFC Mid Cap Fund - Direct Plan - Growth Option,2026-05-04,218.531
HDFC Mid Cap Fund,118989,HDFC Mid Cap Fund - Direct Plan - Growth Option,2026-05-05,218.745
HDFC Mid Cap Fund,118989,HDFC Mid Cap Fund - Direct Plan - Growth Option,2026-05-06,222.525
HDFC Mid Cap Fund,118989,HDFC Mid Cap Fund - Direct Plan - Growth Option,2026-05-07,223.738
HDFC Mid Cap Fund,118989,HDFC Mid Cap Fund - Direct Plan - Growth Option,2026-05-08,223.895
HDFC Mid Cap Fund,118989,HDFC Mid Cap Fund - Direct Plan - Growth Option,2026-05-11,221.255
HDFC Mid Cap Fund,118989,HDFC Mid Cap Fund - Direct Plan - Growth Option,2026-05-12,216.616
HDFC Mid Cap Fund,118989,HDFC Mid Cap Fund - Direct Plan - Growth Option,2026-05-13,216.713
HDFC Mid Cap Fund,118989,HDFC Mid Cap Fund - Direct Plan - Growth Option,2026-05-14,218.889
HDFC Mid Cap Fund,118989,HDFC Mid Cap Fund - Direct Plan - Growth Option,2026-05-15,218.423
HDFC Mid Cap Fund,118989,HDFC Mid Cap Fund - Direct Plan - Growth Option,2026-05-18,217.978
HDFC Mid Cap Fund,118989,HDFC Mid Cap Fund - Direct Plan - Growth Option,2026-05-19,219.799
HDFC Mid Cap Fund,118989,HDFC Mid Cap Fund - Direct Plan - Growth Option,2026-05-20,220.391
HDFC Mid Cap Fund,118989,HDFC Mid Cap Fund - Direct Plan - Growth Option,2026-05-21,220.534
HDFC Mid Cap Fund,118989,HDFC Mid Cap Fund - Direct Plan - Growth Option,2026-05-22,220.359
HDFC Mid Cap Fund,118989,HDFC Mid Cap Fund - Direct Plan - Growth Option,2026-05-25,222.381
HDFC Mid Cap Fund,118989,HDFC Mid Cap Fund - Direct Plan - Growth Option,2026-05-26,223.135
HDFC Mid Cap Fund,118989,HDFC Mid Cap Fund - Direct Plan - Growth Option,2026-05-27,223.585
HDFC Mid Cap Fund,118989,HDFC Mid Cap Fund - Direct Plan - Growth Option,2026-05-29,221.322
HDFC Mid Cap Fund,118989,HDFC Mid Cap Fund - Direct Plan - Growth Option,2026-06-01,218.882
HDFC Mid Cap Fund,118989,HDFC Mid Cap Fund - Direct Plan - Growth Option,2026-06-02,219.673
HDFC Mid Cap Fund,118989,HDFC Mid Cap Fund - Direct Plan - Growth Option,2026-06-03,219.077
HDFC Mid Cap Fund,118989,HDFC Mid Cap Fund - Direct Plan - Growth Option,2026-06-04,219.942
HDFC Mid Cap Fund,118989,HDFC Mid Cap Fund - Direct Plan - Growth Option,2026-06-05,220.327
HDFC Mid Cap Fund,118989,HDFC Mid Cap Fund - Direct Plan - Growth Option,2026-06-08,218.0
HDFC Mid Cap Fund,118989,HDFC Mid Cap Fund - Direct Plan - Growth Option,2026-06-09,220.409
HDFC Mid Cap Fund,118989,HDFC Mid Cap Fund - Direct Plan - Growth Option,2026-06-10,218.508
HDFC Mid Cap Fund,118989,HDFC Mid Cap Fund - Direct Plan - Growth Option,2026-06-11,216.81
HDFC Mid Cap Fund,118989,HDFC Mid Cap Fund - Direct Plan - Growth Option,2026-06-12,220.156
HDFC Mid Cap Fund,118989,HDFC Mid Cap Fund - Direct Plan - Growth Option,2026-06-15,223.036
HDFC Mid Cap Fund,118989,HDFC Mid Cap Fund - Direct Plan - Growth Option,2026-06-16,223.292
HDFC Mid Cap Fund,118989,HDFC Mid Cap Fund - Direct Plan - Growth Option,2026-06-17,224.28
HDFC Mid Cap Fund,118989,HDFC Mid Cap Fund - Direct Plan - Growth Option,2026-06-18,225.63
HDFC Mid Cap Fund,118989,HDFC Mid Cap Fund - Direct Plan - Growth Option,2026-06-19,226.497
HDFC Mid Cap Fund,118989,HDFC Mid Cap Fund - Direct Plan - Growth Option,2026-06-22,227.616
HDFC Mid Cap Fund,118989,HDFC Mid Cap Fund - Direct Plan - Growth Option,2026-06-23,226.634
HDFC Mid Cap Fund,118989,HDFC Mid Cap Fund - Direct Plan - Growth Option,2026-06-24,227.898
HDFC Mid Cap Fund,118989,HDFC Mid Cap Fund - Direct Plan - Growth Option,2026-06-25,226.915
HDFC Mid Cap Fund,118989,HDFC Mid Cap Fund - Direct Plan - Growth Option,2026-06-29,225.317
HDFC Mid Cap Fund,118989,HDFC Mid Cap Fund - Direct Plan - Growth Option,2026-06-30,226.765
HDFC Mid Cap Fund,118989,HDFC Mid Cap Fund - Direct Plan - Growth Option,2026-07-01,227.179
HDFC Mid Cap Fund,118989,HDFC Mid Cap Fund - Direct Plan - Growth Option,2026-07-02,229.575
HDFC Mid Cap Fund,118989,HDFC Mid Cap Fund - Direct Plan - Growth Option,2026-07-03,229.594
HDFC Mid Cap Fund,118989,HDFC Mid Cap Fund - Direct Plan - Growth Option,2026-07-06,230.395
HDFC Mid Cap Fund,118989,HDFC Mid Cap Fund - Direct Plan - Growth Option,2026-07-07,231.094
HDFC Mid Cap Fund,118989,HDFC Mid Cap Fund - Direct Plan - Growth Option,2026-07-08,226.564
HDFC Mid Cap Fund,118989,HDFC Mid Cap Fund - Direct Plan - Growth Option,2026-07-09,228.93
HDFC Mid Cap Fund,118989,HDFC Mid Cap Fund - Direct Plan - Growth Option,2026-07-10,231.97
HDFC Mid Cap Fund,118989,HDFC Mid Cap Fund - Direct Plan - Growth Option,2026-07-13,231.567
HDFC Mid Cap Fund,118989,HDFC Mid Cap Fund - Direct Plan - Growth Option,2026-07-14,230.008
HDFC Mid Cap Fund,118989,HDFC Mid Cap Fund - Direct Plan - Growth Option,2026-07-15,230.532
HDFC Mid Cap Fund,118989,HDFC Mid Cap Fund - Direct Plan - Growth Option,2026-07-16,229.588
HDFC Mid Cap Fund,118989,HDFC Mid Cap Fund - Direct Plan - Growth Option,2026-07-17,229.279
HDFC Mid Cap Fund,118989,HDFC Mid Cap Fund - Direct Plan - Growth Option,2026-07-20,229.599
HDFC Mid Cap Fund,118989,HDFC Mid Cap Fund - Direct Plan - Growth Option,2026-07-21,230.924
HDFC Mid Cap Fund,118989,HDFC Mid Cap Fund - Direct Plan - Growth Option,2026-07-22,228.607
HDFC Mid Cap Fund,118989,HDFC Mid Cap Fund - Direct Plan - Growth Option,2026-07-23,226.902
HDFC Mid Cap Fund,118989,HDFC Mid Cap Fund - Direct Plan - Growth Option,2026-07-24,227.323
HDFC Mid Cap Fund,118989,HDFC Mid Cap Fund - Direct Plan - Growth Option,2026-07-27,229.628
HDFC Mid Cap Fund,118989,HDFC Mid Cap Fund - Direct Plan - Growth Option,2026-07-28,230.927
HDFC Mid Cap Fund,118989,HDFC Mid Cap Fund - Direct Plan - Growth Option,2026-07-29,232.805
HDFC Mid Cap Fund,118989,HDFC Mid Cap Fund - Direct Plan - Growth Option,2026-07-30,232.749
HDFC Mid Cap Fund,118989,HDFC Mid Cap Fund - Direct Plan - Growth Option,2026-07-31,233.488
HDFC Mid Cap Fund,118989,HDFC Mid Cap Fund - Direct Plan - Growth Option,2026-08-03,236.539
HDFC Mid Cap Fund,118989,HDFC Mid Cap Fund - Direct Plan - Growth Option,2026-08-04,235.305
HDFC Mid Cap Fund,118989,HDFC Mid Cap Fund - Direct Plan - Growth Option,2026-08-05,235.979
HDFC Mid Cap Fund,118989,HDFC Mid Cap Fund - Direct Plan - Growth Option,2026-08-06,235.895
HDFC Mid Cap Fund,118989,HDFC Mid Cap Fund - Direct Plan - Growth Option,2026-08-07,236.719
HDFC Mid Cap Fund,118989,HDFC Mid Cap Fund - Direct Plan - Growth Option,2026-08-10,236.831
HDFC Mid Cap Fund,118989,HDFC Mid Cap Fund - Direct Plan - Growth Option,2026-08-11,237.096
HDFC Mid Cap Fund,118989,HDFC Mid Cap Fund - Direct Plan - Growth Option,2026-08-12,236.891
HDFC Mid Cap Fund,118989,HDFC Mid Cap Fund - Direct Plan - Growth Option,2026-08-13,237.08
HDFC Mid Cap Fund,118989,HDFC Mid Cap Fund - Direct Plan - Growth Option,2026-08-14,236.372
HDFC Mid Cap Fund,118989,HDFC Mid Cap Fund - Direct Plan - Growth Option,2026-08-17,236.914
HDFC Mid Cap Fund,118989,HDFC Mid Cap Fund - Direct Plan - Growth Option,2026-08-18,235.873
HDFC Mid Cap Fund,118989,HDFC Mid Cap Fund - Direct Plan - Growth Option,2026-08-19,235.526
HDFC Mid Cap Fund,118989,HDFC Mid Cap Fund - Direct Plan - Growth Option,2026-08-20,236.424
HDFC Mid Cap Fund,118989,HDFC Mid Cap Fund - Direct Plan - Growth Option,2026-08-21,236.588
HDFC Mid Cap Fund,118989,HDFC Mid Cap Fund - Direct Plan - Growth Option,2026-08-24,237.124
HDFC Mid Cap Fund,118989,HDFC Mid Cap Fund - Direct Plan - Growth Option,2026-08-25,237.629
HDFC Mid Cap Fund,118989,HDFC Mid Cap Fund - Direct Plan - Growth Option,2026-08-26,237.356
HDFC Mid Cap Fund,118989,HDFC Mid Cap Fund - Direct Plan - Growth Option,2026-08-27,236.919
HDFC Mid Cap Fund,118989,HDFC Mid Cap Fund - Direct Plan - Growth Option,2026-08-28,237.066
HDFC Mid Cap Fund,118989,HDFC Mid Cap Fund - Direct Plan - Growth Option,2026-08-31,237.519
HDFC Mid Cap Fund,118989,HDFC Mid Cap Fund - Direct Plan - Growth Option,2026-09-01,236.391
HDFC Mid Cap Fund,118989,HDFC Mid Cap Fund - Direct Plan - Growth Option,2026-09-02,235.185
HDFC Mid Cap Fund,118989,HDFC Mid Cap Fund - Direct Plan - Growth Option,2026-09-03,235.494
HDFC Mid Cap Fund,118989,HDFC Mid Cap Fund - Direct Plan - Growth Option,2026-09-04,234.584
HDFC Mid Cap Fund,118989,HDFC Mid Cap Fund - Direct Plan - Growth Option,2026-09-07,233.47
HDFC Mid Cap Fund,118989,HDFC Mid Cap Fund - Direct Plan - Growth Option,2026-09-08,233.745
HDFC Mid Cap Fund,118989,HDFC Mid Cap Fund - Direct Plan - Growth Option,2026-09-09,232.269
HDFC Mid Cap Fund,118989,HDFC Mid Cap Fund - Direct Plan - Growth Option,2026-09-10,231.64
HDFC Mid Cap Fund,118989,HDFC Mid Cap Fund - Direct Plan - Growth Option,2026-09-11,230.603
HDFC Mid Cap Fund,118989,HDFC Mid Cap Fund - Direct Plan - Growth Option,2026-09-15,226.595
HDFC Mid Cap Fund,118989,HDFC Mid Cap Fund - Direct Plan - Growth Option,2026-09-16,227.703
HDFC Mid Cap Fund,118989,HDFC Mid Cap Fund - Direct Plan - Growth Option,2026-09-17,229.51
HDFC Mid Cap Fund,118989,HDFC Mid Cap Fund - Direct Plan - Growth Option,2026-09-18,231.413
HDFC Mid Cap Fund,118989,HDFC Mid Cap Fund - Direct Plan - Growth Option,2026-09-21,230.669
HDFC Mid Cap Fund,118989,HDFC Mid Cap Fund - Direct Plan - Growth Option,2026-09-22,229.926
HDFC Mid Cap Fund,118989,HDFC Mid Cap Fund - Direct Plan - Growth Option,2026-09-23,231.07
HDFC Mid Cap Fund,118989,HDFC Mid Cap Fund - Direct Plan - Growth Option,2026-09-24,226.836
HDFC Mid Cap Fund,118989,HDFC Mid Cap Fund - Direct Plan - Growth Option,2026-09-25,226.38
HDFC Mid Cap Fund,118989,HDFC Mid Cap Fund - Direct Plan - Growth Option,2026-09-28,223.172
HDFC Mid Cap Fund,118989,HDFC Mid Cap Fund - Direct Plan - Growth Option,2026-09-29,221.354
HDFC Mid Cap Fund,118989,HDFC Mid Cap Fund - Direct Plan - Growth Option,2026-09-30,220.579
HDFC Mid Cap Fund,118989,HDFC Mid Cap Fund - Direct Plan - Growth Option,2026-10-01,219.441
UTI Children's Hybrid Fund,100678,UTI Children's Hybrid Fund - Regular Plan - Growth,2025-01-01,38.9184
UTI Children's Hybrid Fund,100678,UTI Children's Hybrid Fund - Regular Plan - Growth,2025-01-02,39.1689
UTI Children's Hybrid Fund,100678,UTI Children's Hybrid Fund - Regular Plan - Growth,2025-01-03,39.1131
UTI Children's Hybrid Fund,100678,UTI Children's Hybrid Fund - Regular Plan - Growth,2025-01-06,38.9017
UTI Children's Hybrid Fund,100678,UTI Children's Hybrid Fund - Regular Plan - Growth,2025-01-07,38.9515
UTI Children's Hybrid Fund,100678,UTI Children's Hybrid Fund - Regular Plan - Growth,2025-01-08,38.8741
UTI Children's Hybrid Fund,100678,UTI Children's Hybrid Fund - Regular Plan - Growth,2025-01-09,38.7668
UTI Children's Hybrid Fund,100678,UTI Children's Hybrid Fund - Regular Plan - Growth,2025-01-10,38.6161
UTI Children's Hybrid Fund,100678,UTI Children's Hybrid Fund - Regular Plan - Growth,2025-01-13,38.1024
UTI Children's Hybrid Fund,100678,UTI Children's Hybrid Fund - Regular Plan - Growth,2025-01-14,38.2383
UTI Children's Hybrid Fund,100678,UTI Children's Hybrid Fund - Regular Plan - Growth,2025-01-15,38.3191
UTI Children's Hybrid Fund,100678,UTI Children's Hybrid Fund - Regular Plan - Growth,2025-01-16,38.4856
UTI Children's Hybrid Fund,100678,UTI Children's Hybrid Fund - Regular Plan - Growth,2025-01-17,38.4001
UTI Children's Hybrid Fund,100678,UTI Children's Hybrid Fund - Regular Plan - Growth,2025-01-20,38.4527
UTI Children's Hybrid Fund,100678,UTI Children's Hybrid Fund - Regular Plan - Growth,2025-01-21,38.2287
UTI Children's Hybrid Fund,100678,UTI Children's Hybrid Fund - Regular Plan - Growth,2025-01-22,38.2202
UTI Children's Hybrid Fund,100678,UTI Children's Hybrid Fund - Regular Plan - Growth,2025-01-23,38.3857
UTI Children's Hybrid Fund,100678,UTI Children's Hybrid Fund - Regular Plan - Growth,2025-01-24,38.2662
UTI Children's Hybrid Fund,100678,UTI Children's Hybrid Fund - Regular Plan - Growth,2025-01-27,38.031
UTI Children's Hybrid Fund,100678,UTI Children's Hybrid Fund - Regular Plan - Growth,2025-01-28,38.1092
UTI Children's Hybrid Fund,100678,UTI Children's Hybrid Fund - Regular Plan - Growth,2025-01-29,38.3106
UTI Children's Hybrid Fund,100678,UTI Children's Hybrid Fund - Regular Plan - Growth,2025-01-30,38.3276
UTI Children's Hybrid Fund,100678,UTI Children's Hybrid Fund - Regular Plan - Growth,2025-01-31,38.4425
UTI Children's Hybrid Fund,100678,UTI Children's Hybrid Fund - Regular Plan - Growth,2025-02-03,38.5764
UTI Children's Hybrid Fund,100678,UTI Children's Hybrid Fund - Regular Plan - Growth,2025-02-04,38.6954
UTI Children's Hybrid Fund,100678,UTI Children's Hybrid Fund - Regular Plan - Growth,2025-02-05,38.7194
UTI Children's Hybrid Fund,100678,UTI Children's Hybrid Fund - Regular Plan - Growth,2025-02-06,38.6183
UTI Children's Hybrid Fund,100678,UTI Children's Hybrid Fund - Regular Plan - Growth,2025-02-07,38.5675
UTI Children's Hybrid Fund,100678,UTI Children's Hybrid Fund - Regular Plan - Growth,2025-02-10,38.3838
UTI Children's Hybrid Fund,100678,UTI Children's Hybrid Fund - Regular Plan - Growth,2025-02-11,38.1446
UTI Children's Hybrid Fund,100678,UTI Children's Hybrid Fund - Regular Plan - Growth,2025-02-12,38.096
UTI Children's Hybrid Fund,100678,UTI Children's Hybrid Fund - Regular Plan - Growth,2025-02-13,38.111
UTI Children's Hybrid Fund,100678,UTI Children's Hybrid Fund - Regular Plan - Growth,2025-02-14,37.9766
UTI Children's Hybrid Fund,100678,UTI Children's Hybrid Fund - Regular Plan - Growth,2025-02-17,37.9713
UTI Children's Hybrid Fund,100678,UTI Children's Hybrid Fund - Regular Plan - Growth,2025-02-18,38.0001
UTI Children's Hybrid Fund,100678,UTI Children's Hybrid Fund - Regular Plan - Growth,2025-02-19,38.0603
UTI Children's Hybrid Fund,100678,UTI Children's Hybrid Fund - Regular Plan - Growth,2025-02-20,38.0752
UTI Children's Hybrid Fund,100678,UTI Children's Hybrid Fund - Regular Plan - Growth,2025-02-21,37.9725
UTI Children's Hybrid Fund,100678,UTI Children's Hybrid Fund - Regular Plan - Growth,2025-02-24,37.8175
UTI Children's Hybrid Fund,100678,UTI Children's Hybrid Fund - Regular Plan - Growth,2025-02-25,37.8336
UTI Children's Hybrid Fund,100678,UTI Children's Hybrid Fund - Regular Plan - Growth,2025-02-27,37.7399
UTI Children's Hybrid Fund,100678,UTI Children's Hybrid Fund - Regular Plan - Growth,2025-02-28,37.3901
UTI Children's Hybrid Fund,100678,UTI Children's Hybrid Fund - Regular Plan - Growth,2025-03-03,37.4414
UTI Children's Hybrid Fund,100678,UTI Children's Hybrid Fund - Regular Plan - Growth,2025-03-04,37.408
UTI Children's Hybrid Fund,100678,UTI Children's Hybrid Fund - Regular Plan - Growth,2025-03-05,37.6286
UTI Children's Hybrid Fund,100678,UTI Children's Hybrid Fund - Regular Plan - Growth,2025-03-06,37.8112
UTI Children's Hybrid Fund,100678,UTI Children's Hybrid Fund - Regular Plan - Growth,2025-03-07,37.7932
UTI Children's Hybrid Fund,100678,UTI Children's Hybrid Fund - Regular Plan - Growth,2025-03-10,37.7193
UTI Children's Hybrid Fund,100678,UTI Children's Hybrid Fund - Regular Plan - Growth,2025-03-11,37.7503
UTI Children's Hybrid Fund,100678,UTI Children's Hybrid Fund - Regular Plan - Growth,2025-03-12,37.7203
UTI Children's Hybrid Fund,100678,UTI Children's Hybrid Fund - Regular Plan - Growth,2025-03-13,37.6741
UTI Children's Hybrid Fund,100678,UTI Children's Hybrid Fund - Regular Plan - Growth,2025-03-17,37.791
UTI Children's Hybrid Fund,100678,UTI Children's Hybrid Fund - Regular Plan - Growth,2025-03-18,38.0547
UTI Children's Hybrid Fund,100678,UTI Children's Hybrid Fund - Regular Plan - Growth,2025-03-19,38.1795
UTI Children's Hybrid Fund,100678,UTI Children's Hybrid Fund - Regular Plan - Growth,2025-03-20,38.3366
UTI Children's Hybrid Fund,100678,UTI Children's Hybrid Fund - Regular Plan - Growth,2025-03-21,38.4801
UTI Children's Hybrid Fund,100678,UTI Children's Hybrid Fund - Regular Plan - Growth,2025-03-24,38.6539
UTI Children's Hybrid Fund,100678,UTI Children's Hybrid Fund - Regular Plan - Growth,2025-03-25,38.6672
UTI Children's Hybrid Fund,100678,UTI Children's Hybrid Fund - Regular Plan - Growth,2025-03-26,38.5973
UTI Children's Hybrid Fund,100678,UTI Children's Hybrid Fund - Regular Plan - Growth,2025-03-27,38.7227
UTI Children's Hybrid Fund,100678,UTI Children's Hybrid Fund - Regular Plan - Growth,2025-03-28,38.7442
UTI Children's Hybrid Fund,100678,UTI Children's Hybrid Fund - Regular Plan - Growth,2025-03-31,38.749
UTI Children's Hybrid Fund,100678,UTI Children's Hybrid Fund - Regular Plan - Growth,2025-04-01,38.5482
UTI Children's Hybrid Fund,100678,UTI Children's Hybrid Fund - Regular Plan - Growth,2025-04-02,38.8554
UTI Children's Hybrid Fund,100678,UTI Children's Hybrid Fund - Regular Plan - Growth,2025-04-03,38.8014
UTI Children's Hybrid Fund,100678,UTI Children's Hybrid Fund - Regular Plan - Growth,2025-04-04,38.5944
UTI Children's Hybrid Fund,100678,UTI Children's Hybrid Fund - Regular Plan - Growth,2025-04-07,38.1336
UTI Children's Hybrid Fund,100678,UTI Children's Hybrid Fund - Regular Plan - Growth,2025-04-08,38.3887
UTI Children's Hybrid Fund,100678,UTI Children's Hybrid Fund - Regular Plan - Growth,2025-04-09,38.3584
UTI Children's Hybrid Fund,100678,UTI Children's Hybrid Fund - Regular Plan - Growth,2025-04-11,38.6194
UTI Children's Hybrid Fund,100678,UTI Children's Hybrid Fund - Regular Plan - Growth,2025-04-15,39.0278
UTI Children's Hybrid Fund,100678,UTI Children's Hybrid Fund - Regular Plan - Growth,2025-04-16,39.1638
UTI Children's Hybrid Fund,100678,UTI Children's Hybrid Fund - Regular Plan - Growth,2025-04-17,39.3753
UTI Children's Hybrid Fund,100678,UTI Children's Hybrid Fund - Regular Plan - Growth,2025-04-21,39.6314
UTI Children's Hybrid Fund,100678,UTI Children's Hybrid Fund - Regular Plan - Growth,2025-04-22,39.6986
UTI Children's Hybrid Fund,100678,UTI Children's Hybrid Fund - Regular Plan - Growth,2025-04-23,39.8064
UTI Children's Hybrid Fund,100678,UTI Children's Hybrid Fund - Regular Plan - Growth,2025-04-24,39.7399
UTI Children's Hybrid Fund,100678,UTI Children's Hybrid Fund - Regular Plan - Growth,2025-04-25,39.4937
UTI Children's Hybrid Fund,100678,UTI Children's Hybrid Fund - Regular Plan - Growth,2025-04-28,39.625
UTI Children's Hybrid Fund,100678,UTI Children's Hybrid Fund - Regular Plan - Growth,2025-04-29,39.7141
UTI Children's Hybrid Fund,100678,UTI Children's Hybrid Fund - Regular Plan - Growth,2025-04-30,39.6875
UTI Children's Hybrid Fund,100678,UTI Children's Hybrid Fund - Regular Plan - Growth,2025-05-02,39.6334
UTI Children's Hybrid Fund,100678,UTI Children's Hybrid Fund - Regular Plan - Growth,2025-05-05,39.8055
UTI Children's Hybrid Fund,100678,UTI Children's Hybrid Fund - Regular Plan - Growth,2025-05-06,39.6638
UTI Children's Hybrid Fund,100678,UTI Children's Hybrid Fund - Regular Plan - Growth,2025-05-07,39.7717
UTI Children's Hybrid Fund,100678,UTI Children's Hybrid Fund - Regular Plan - Growth,2025-05-08,39.5491
UTI Children's Hybrid Fund,100678,UTI Children's Hybrid Fund - Regular Plan - Growth,2025-05-09,39.3797
UTI Children's Hybrid Fund,100678,UTI Children's Hybrid Fund - Regular Plan - Growth,2025-05-12,39.9568
UTI Children's Hybrid Fund,100678,UTI Children's Hybrid Fund - Regular Plan - Growth,2025-05-13,39.9543
UTI Children's Hybrid Fund,100678,UTI Children's Hybrid Fund - Regular Plan - Growth,2025-05-14,40.1092
UTI Children's Hybrid Fund,100678,UTI Children's Hybrid Fund - Regular Plan - Growth,2025-05-15,40.3064
UTI Children's Hybrid Fund,100678,UTI Children's Hybrid Fund - Regular Plan - Growth,2025-05-16,40.4035
UTI Children's Hybrid Fund,100678,UTI Children's Hybrid Fund - Regular Plan - Growth,2025-05-19,40.4206
UTI Children's Hybrid Fund,100678,UTI Children's Hybrid Fund - Regular Plan - Growth,2025-05-20,40.2421
UTI Children's Hybrid Fund,100678,UTI Children's Hybrid Fund - Regular Plan - Growth,2025-05-21,40.4248
UTI Children's Hybrid Fund,100678,UTI Children's Hybrid Fund - Regular Plan - Growth,2025-05-22,40.302
UTI Children's Hybrid Fund,100678,UTI Children's Hybrid Fund - Regular Plan - Growth,2025-05-23,40.4568
UTI Children's Hybrid Fund,100678,UTI Children's Hybrid Fund - Regular Plan - Growth,2025-05-26,40.5427
UTI Children's Hybrid Fund,100678,UTI Children's Hybrid Fund - Regular Plan - Growth,2025-05-27,40.482
UTI Children's Hybrid Fund,100678,UTI Children's Hybrid Fund - Regular Plan - Growth,2025-05-28,40.4685
UTI Children's Hybrid Fund,100678,UTI Children's Hybrid Fund - Regular Plan - Growth,2025-05-29,40.4896
UTI Children's Hybrid Fund,100678,UTI Children's Hybrid Fund - Regular Plan - Growth,2025-05-30,40.3921
UTI Children's Hybrid Fund,100678,UTI Children's Hybrid Fund - Regular Plan - Growth,2025-06-02,40.3838
UTI Children's Hybrid Fund,100678,UTI Children's Hybrid Fund - Regular Plan - Growth,2025-06-03,40.2945
UTI Children's Hybrid Fund,100678,UTI Children's Hybrid Fund - Regular Plan - Growth,2025-06-04,40.3926
UTI Children's Hybrid Fund,100678,UTI Children's Hybrid Fund - Regular Plan - Growth,2025-06-05,40.4655
UTI Children's Hybrid Fund,100678,UTI Children's Hybrid Fund - Regular Plan - Growth,2025-06-06,40.6094
UTI Children's Hybrid Fund,100678,UTI Children's Hybrid Fund - Regular Plan - Growth,2025-06-09,40.5842
UTI Children's Hybrid Fund,100678,UTI Children's Hybrid Fund - Regular Plan - Growth,2025-06-10,40.5011
UTI Children's Hybrid Fund,100678,UTI Children's Hybrid Fund - Regular Plan - Growth,2025-06-11,40.4803
UTI Children's Hybrid Fund,100678,UTI Children's Hybrid Fund - Regular Plan - Growth,2025-06-12,40.3041
UTI Children's Hybrid Fund,100678,UTI Children's Hybrid Fund - Regular Plan - Growth,2025-06-13,40.206
UTI Children's Hybrid Fund,100678,UTI Children's Hybrid Fund - Regular Plan - Growth,2025-06-16,40.4194
UTI Children's Hybrid Fund,100678,UTI Children's Hybrid Fund - Regular Plan - Growth,2025-06-17,40.3757
UTI Children's Hybrid Fund,100678,UTI Children's Hybrid Fund - Regular Plan - Growth,2025-06-18,40.3726
UTI Children's Hybrid Fund,100678,UTI Children's Hybrid Fund - Regular Plan - Growth,2025-06-19,40.2243
UTI Children's Hybrid Fund,100678,UTI Children's Hybrid Fund - Regular Plan - Growth,2025-06-20,40.4116
UTI Children's Hybrid Fund,100678,UTI Children's Hybrid Fund - Regular Plan - Growth,2025-06-23,40.3795
UTI Children's Hybrid Fund,100678,UTI Children's Hybrid Fund - Regular Plan - Growth,2025-06-24,40.4607
UTI Children's Hybrid Fund,100678,UTI Children's Hybrid Fund - Regular Plan - Growth,2025-06-25,40.6016
UTI Children's Hybrid Fund,100678,UTI Children's Hybrid Fund - Regular Plan - Growth,2025-06-26,40.7545
UTI Children's Hybrid Fund,100678,UTI Children's Hybrid Fund - Regular Plan - Growth,2025-06-27,40.7629
UTI Children's Hybrid Fund,100678,UTI Children's Hybrid Fund - Regular Plan - Growth,2025-06-30,40.7447
UTI Children's Hybrid Fund,100678,UTI Children's Hybrid Fund - Regular Plan - Growth,2025-07-01,40.7567
UTI Children's Hybrid Fund,100678,UTI Children's Hybrid Fund - Regular Plan - Growth,2025-07-02,40.7381
UTI Children's Hybrid Fund,100678,UTI Children's Hybrid Fund - Regular Plan - Growth,2025-07-03,40.7516
UTI Children's Hybrid Fund,100678,UTI Children's Hybrid Fund - Regular Plan - Growth,2025-07-04,40.7935
UTI Children's Hybrid Fund,100678,UTI Children's Hybrid Fund - Regular Plan - Growth,2025-07-07,40.768
UTI Children's Hybrid Fund,100678,UTI Children's Hybrid Fund - Regular Plan - Growth,2025-07-08,40.7735
UTI Children's Hybrid Fund,100678,UTI Children's Hybrid Fund - Regular Plan - Growth,2025-07-09,40.766
UTI Children's Hybrid Fund,100678,UTI Children's Hybrid Fund - Regular Plan - Growth,2025-07-10,40.6826
UTI Children's Hybrid Fund,100678,UTI Children's Hybrid Fund - Regular Plan - Growth,2025-07-11,40.5676
UTI Children's Hybrid Fund,100678,UTI Children's Hybrid Fund - Regular Plan - Growth,2025-07-14,40.5515
UTI Children's Hybrid Fund,100678,UTI Children's Hybrid Fund - Regular Plan - Growth,2025-07-15,40.6438
UTI Children's Hybrid Fund,100678,UTI Children's Hybrid Fund - Regular Plan - Growth,2025-07-16,40.659
UTI Children's Hybrid Fund,100678,UTI Children's Hybrid Fund - Regular Plan - Growth,2025-07-17,40.6413
UTI Children's Hybrid Fund,100678,UTI Children's Hybrid Fund - Regular Plan - Growth,2025-07-18,40.5685
UTI Children's Hybrid Fund,100678,UTI Children's Hybrid Fund - Regular Plan - Growth,2025-07-21,40.675
UTI Children's Hybrid Fund,100678,UTI Children's Hybrid Fund - Regular Plan - Growth,2025-07-22,40.6771
UTI Children's Hybrid Fund,100678,UTI Children's Hybrid Fund - Regular Plan - Growth,2025-07-23,40.7358
UTI Children's Hybrid Fund,100678,UTI Children's Hybrid Fund - Regular Plan - Growth,2025-07-24,40.6175
UTI Children's Hybrid Fund,100678,UTI Children's Hybrid Fund - Regular Plan - Growth,2025-07-25,40.4247
UTI Children's Hybrid Fund,100678,UTI Children's Hybrid Fund - Regular Plan - Growth,2025-07-28,40.3344
UTI Children's Hybrid Fund,100678,UTI Children's Hybrid Fund - Regular Plan - Growth,2025-07-29,40.4001
UTI Children's Hybrid Fund,100678,UTI Children's Hybrid Fund - Regular Plan - Growth,2025-07-30,40.4467
UTI Children's Hybrid Fund,100678,UTI Children's Hybrid Fund - Regular Plan - Growth,2025-07-31,40.3754
UTI Children's Hybrid Fund,100678,UTI Children's Hybrid Fund - Regular Plan - Growth,2025-08-01,40.1971
UTI Children's Hybrid Fund,100678,UTI Children's Hybrid Fund - Regular Plan - Growth,2025-08-04,40.3432
UTI Children's Hybrid Fund,100678,UTI Children's Hybrid Fund - Regular Plan - Growth,2025-08-05,40.249
UTI Children's Hybrid Fund,100678,UTI Children's Hybrid Fund - Regular Plan - Growth,2025-08-06,40.063
UTI Children's Hybrid Fund,100678,UTI Children's Hybrid Fund - Regular Plan - Growth,2025-08-07,40.1265
UTI Children's Hybrid Fund,100678,UTI Children's Hybrid Fund - Regular Plan - Growth,2025-08-08,39.9518
UTI Children's Hybrid Fund,100678,UTI Children's Hybrid Fund - Regular Plan - Growth,2025-08-11,40.0025
UTI Children's Hybrid Fund,100678,UTI Children's Hybrid Fund - Regular Plan - Growth,2025-08-12,39.9047
UTI Children's Hybrid Fund,100678,UTI Children's Hybrid Fund - Regular Plan - Growth,2025-08-13,39.9675
UTI Children's Hybrid Fund,100678,UTI Children's Hybrid Fund - Regular Plan - Growth,2025-08-14,40.0423
UTI Children's Hybrid Fund,100678,UTI Children's Hybrid Fund - Regular Plan - Growth,2025-08-18,40.2022
UTI Children's Hybrid Fund,100678,UTI Children's Hybrid Fund - Regular Plan - Growth,2025-08-19,40.2717
UTI Children's Hybrid Fund,100678,UTI Children's Hybrid Fund - Regular Plan - Growth,2025-08-20,40.3668
UTI Children's Hybrid Fund,100678,UTI Children's Hybrid Fund - Regular Plan - Growth,2025-08-21,40.3659
UTI Children's Hybrid Fund,100678,UTI Children's Hybrid Fund - Regular Plan - Growth,2025-08-22,40.2514
UTI Children's Hybrid Fund,100678,UTI Children's Hybrid Fund - Regular Plan - Growth,2025-08-25,40.2893
UTI Children's Hybrid Fund,100678,UTI Children's Hybrid Fund - Regular Plan - Growth,2025-08-26,40.0604
UTI Children's Hybrid Fund,100678,UTI Children's Hybrid Fund - Regular Plan - Growth,2025-08-28,39.9864
UTI Children's Hybrid Fund,100678,UTI Children's Hybrid Fund - Regular Plan - Growth,2025-08-29,39.8891
UTI Children's Hybrid Fund,100678,UTI Children's Hybrid Fund - Regular Plan - Growth,2025-09-01,40.0675
UTI Children's Hybrid Fund,100678,UTI Children's Hybrid Fund - Regular Plan - Growth,2025-09-02,40.073
UTI Children's Hybrid Fund,100678,UTI Children's Hybrid Fund - Regular Plan - Growth,2025-09-03,40.1597
UTI Children's Hybrid Fund,100678,UTI Children's Hybrid Fund - Regular Plan - Growth,2025-09-04,40.2401
UTI Children's Hybrid Fund,100678,UTI Children's Hybrid Fund - Regular Plan - Growth,2025-09-05,40.2833
UTI Children's Hybrid Fund,100678,UTI Children's Hybrid Fund - Regular Plan - Growth,2025-09-08,40.3017
UTI Children's Hybrid Fund,100678,UTI Children's Hybrid Fund - Regular Plan - Growth,2025-09-09,40.3825
UTI Children's Hybrid Fund,100678,UTI Children's Hybrid Fund - Regular Plan - Growth,2025-09-10,40.4423
UTI Children's Hybrid Fund,100678,UTI Children's Hybrid Fund - Regular Plan - Growth,2025-09-11,40.4409
UTI Children's Hybrid Fund,100678,UTI Children's Hybrid Fund - Regular Plan - Growth,2025-09-12,40.5043
UTI Children's Hybrid Fund,100678,UTI Children's Hybrid Fund - Regular Plan - Growth,2025-09-15,40.5036
UTI Children's Hybrid Fund,100678,UTI Children's Hybrid Fund - Regular Plan - Growth,2025-09-16,40.6254
UTI Children's Hybrid Fund,100678,UTI Children's Hybrid Fund - Regular Plan - Growth,2025-09-17,40.6859
UTI Children's Hybrid Fund,100678,UTI Children's Hybrid Fund - Regular Plan - Growth,2025-09-18,40.7168
UTI Children's Hybrid Fund,100678,UTI Children's Hybrid Fund - Regular Plan - Growth,2025-09-19,40.7096
UTI Children's Hybrid Fund,100678,UTI Children's Hybrid Fund - Regular Plan - Growth,2025-09-22,40.6268
UTI Children's Hybrid Fund,100678,UTI Children's Hybrid Fund - Regular Plan - Growth,2025-09-23,40.5943
UTI Children's Hybrid Fund,100678,UTI Children's Hybrid Fund - Regular Plan - Growth,2025-09-24,40.515
UTI Children's Hybrid Fund,100678,UTI Children's Hybrid Fund - Regular Plan - Growth,2025-09-25,40.4208
UTI Children's Hybrid Fund,100678,UTI Children's Hybrid Fund - Regular Plan - Growth,2025-09-26,40.2045
UTI Children's Hybrid Fund,100678,UTI Children's Hybrid Fund - Regular Plan - Growth,2025-09-30,40.19
UTI Children's Hybrid Fund,100678,UTI Children's Hybrid Fund - Regular Plan - Growth,2025-10-01,40.2984
UTI Children's Hybrid Fund,100678,UTI Children's Hybrid Fund - Regular Plan - Growth,2025-10-03,40.3905
UTI Children's Hybrid Fund,100678,UTI Children's Hybrid Fund - Regular Plan - Growth,2025-10-06,40.5276
UTI Children's Hybrid Fund,100678,UTI Children's Hybrid Fund - Regular Plan - Growth,2025-10-07,40.5872
UTI Children's Hybrid Fund,100678,UTI Children's Hybrid Fund - Regular Plan - Growth,2025-10-08,40.5627
UTI Children's Hybrid Fund,100678,UTI Children's Hybrid Fund - Regular Plan - Growth,2025-10-09,40.6018
UTI Children's Hybrid Fund,100678,UTI Children's Hybrid Fund - Regular Plan - Growth,2025-10-10,40.6469
UTI Children's Hybrid Fund,100678,UTI Children's Hybrid Fund - Regular Plan - Growth,2025-10-13,40.627
UTI Children's Hybrid Fund,100678,UTI Children's Hybrid Fund - Regular Plan - Growth,2025-10-14,40.555
UTI Children's Hybrid Fund,100678,UTI Children's Hybrid Fund - Regular Plan - Growth,2025-10-15,40.746
UTI Children's Hybrid Fund,100678,UTI Children's Hybrid Fund - Regular Plan - Growth,2025-10-16,40.8907
UTI Children's Hybrid Fund,100678,UTI Children's Hybrid Fund - Regular Plan - Growth,2025-10-17,40.8939
UTI Children's Hybrid Fund,100678,UTI Children's Hybrid Fund - Regular Plan - Growth,2025-10-20,40.9152
UTI Children's Hybrid Fund,100678,UTI Children's Hybrid Fund - Regular Plan - Growth,2025-10-23,40.924
UTI Children's Hybrid Fund,100678,UTI Children's Hybrid Fund - Regular Plan - Growth,2025-10-24,40.8732
UTI Children's Hybrid Fund,100678,UTI Children's Hybrid Fund - Regular Plan - Growth,2025-10-27,40.9876
UTI Children's Hybrid Fund,100678,UTI Children's Hybrid Fund - Regular Plan - Growth,2025-10-28,40.9445
UTI Children's Hybrid Fund,100678,UTI Children's Hybrid Fund - Regular Plan - Growth,2025-10-29,41.0337
UTI Children's Hybrid Fund,100678,UTI Children's Hybrid Fund - Regular Plan - Growth,2025-10-30,40.9079
UTI Children's Hybrid Fund,100678,UTI Children's Hybrid Fund - Regular Plan - Growth,2025-10-31,40.7958
UTI Children's Hybrid Fund,100678,UTI Children's Hybrid Fund - Regular Plan - Growth,2025-11-03,40.8619
UTI Children's Hybrid Fund,100678,UTI Children's Hybrid Fund - Regular Plan - Growth,2025-11-04,40.8122
UTI Children's Hybrid Fund,100678,UTI Children's Hybrid Fund - Regular Plan - Growth,2025-11-06,40.7252
UTI Children's Hybrid Fund,100678,UTI Children's Hybrid Fund - Regular Plan - Growth,2025-11-07,40.7
UTI Children's Hybrid Fund,100678,UTI Children's Hybrid Fund - Regular Plan - Growth,2025-11-10,40.7794
UTI Children's Hybrid Fund,100678,UTI Children's Hybrid Fund - Regular Plan - Growth,2025-11-11,40.8045
UTI Children's Hybrid Fund,100678,UTI Children's Hybrid Fund - Regular Plan - Growth,2025-11-12,40.9073
UTI Children's Hybrid Fund,100678,UTI Children's Hybrid Fund - Regular Plan - Growth,2025-11-13,40.8651
UTI Children's Hybrid Fund,100678,UTI Children's Hybrid Fund - Regular Plan - Growth,2025-11-14,40.8384
UTI Children's Hybrid Fund,100678,UTI Children's Hybrid Fund - Regular Plan - Growth,2025-11-17,40.8881
UTI Children's Hybrid Fund,100678,UTI Children's Hybrid Fund - Regular Plan - Growth,2025-11-18,40.8251
UTI Children's Hybrid Fund,100678,UTI Children's Hybrid Fund - Regular Plan - Growth,2025-11-19,40.9075
UTI Children's Hybrid Fund,100678,UTI Children's Hybrid Fund - Regular Plan - Growth,2025-11-20,40.9867
UTI Children's Hybrid Fund,100678,UTI Children's Hybrid Fund - Regular Plan - Growth,2025-11-21,40.8427
UTI Children's Hybrid Fund,100678,UTI Children's Hybrid Fund - Regular Plan - Growth,2025-11-24,40.8471
UTI Children's Hybrid Fund,100678,UTI Children's Hybrid Fund - Regular Plan - Growth,2025-11-25,40.8577
UTI Children's Hybrid Fund,100678,UTI Children's Hybrid Fund - Regular Plan - Growth,2025-11-26,41.061
UTI Children's Hybrid Fund,100678,UTI Children's Hybrid Fund - Regular Plan - Growth,2025-11-27,41.0487
UTI Children's Hybrid Fund,100678,UTI Children's Hybrid Fund - Regular Plan - Growth,2025-11-28,40.9795
UTI Children's Hybrid Fund,100678,UTI Children's Hybrid Fund - Regular Plan - Growth,2025-12-01,40.9328
UTI Children's Hybrid Fund,100678,UTI Children's Hybrid Fund - Regular Plan - Growth,2025-12-02,40.9071
UTI Children's Hybrid Fund,100678,UTI Children's Hybrid Fund - Regular Plan - Growth,2025-12-03,40.8481
UTI Children's Hybrid Fund,100678,UTI Children's Hybrid Fund - Regular Plan - Growth,2025-12-04,40.9062
UTI Children's Hybrid Fund,100678,UTI Children's Hybrid Fund - Regular Plan - Growth,2025-12-05,41.0198
UTI Children's Hybrid Fund,100678,UTI Children's Hybrid Fund - Regular Plan - Growth,2025-12-08,40.8388
UTI Children's Hybrid Fund,100678,UTI Children's Hybrid Fund - Regular Plan - Growth,2025-12-09,40.7013
UTI Children's Hybrid Fund,100678,UTI Children's Hybrid Fund - Regular Plan - Growth,2025-12-10,40.5979
UTI Children's Hybrid Fund,100678,UTI Children's Hybrid Fund - Regular Plan - Growth,2025-12-11,40.6923
UTI Children's Hybrid Fund,100678,UTI Children's Hybrid Fund - Regular Plan - Growth,2025-12-12,40.8099
UTI Children's Hybrid Fund,100678,UTI Children's Hybrid Fund - Regular Plan - Growth,2025-12-15,40.8052
UTI Children's Hybrid Fund,100678,UTI Children's Hybrid Fund - Regular Plan - Growth,2025-12-16,40.7071
UTI Children's Hybrid Fund,100678,UTI Children's Hybrid Fund - Regular Plan - Growth,2025-12-17,40.6403
UTI Children's Hybrid Fund,100678,UTI Children's Hybrid Fund - Regular Plan - Growth,2025-12-18,40.6508
UTI Children's Hybrid Fund,100678,UTI Children's Hybrid Fund - Regular Plan - Growth,2025-12-19,40.749
UTI Children's Hybrid Fund,100678,UTI Children's Hybrid Fund - Regular Plan - Growth,2025-12-22,40.7979
UTI Children's Hybrid Fund,100678,UTI Children's Hybrid Fund - Regular Plan - Growth,2025-12-23,40.777
UTI Children's Hybrid Fund,100678,UTI Children's Hybrid Fund - Regular Plan - Growth,2025-12-24,40.8426
UTI Children's Hybrid Fund,100678,UTI Children's Hybrid Fund - Regular Plan - Growth,2025-12-26,40.7585
UTI Children's Hybrid Fund,100678,UTI Children's Hybrid Fund - Regular Plan - Growth,2025-12-29,40.7384
UTI Children's Hybrid Fund,100678,UTI Children's Hybrid Fund - Regular Plan - Growth,2025-12-30,40.711
UTI Children's Hybrid Fund,100678,UTI Children's Hybrid Fund - Regular Plan - Growth,2025-12-31,40.8402
UTI Children's Hybrid Fund,100678,UTI Children's Hybrid Fund - Regular Plan - Growth,2026-01-01,40.8997
UTI Children's Hybrid Fund,100678,UTI Children's Hybrid Fund - Regular Plan - Growth,2026-01-02,41.0054
UTI Children's Hybrid Fund,100678,UTI Children's Hybrid Fund - Regular Plan - Growth,2026-01-05,40.9508
UTI Children's Hybrid Fund,100678,UTI Children's Hybrid Fund - Regular Plan - Growth,2026-01-06,40.9464
UTI Children's Hybrid Fund,100678,UTI Children's Hybrid Fund - Regular Plan - Growth,2026-01-07,40.9322
UTI Children's Hybrid Fund,100678,UTI Children's Hybrid Fund - Regular Plan - Growth,2026-01-08,40.7281
UTI Children's Hybrid Fund,100678,UTI Children's Hybrid Fund - Regular Plan - Growth,2026-01-09,40.5995
UTI Children's Hybrid Fund,100678,UTI Children's Hybrid Fund - Regular Plan - Growth,2026-01-12,40.6366
UTI Children's Hybrid Fund,100678,UTI Children's Hybrid Fund - Regular Plan - Growth,2026-01-13,40.5986
UTI Children's Hybrid Fund,100678,UTI Children's Hybrid Fund - Regular Plan - Growth,2026-01-14,40.532
UTI Children's Hybrid Fund,100678,UTI Children's Hybrid Fund - Regular Plan - Growth,2026-01-16,40.5326
UTI Children's Hybrid Fund,100678,UTI Children's Hybrid Fund - Regular Plan - Growth,2026-01-19,40.4977
UTI Children's Hybrid Fund,100678,UTI Children's Hybrid Fund - Regular Plan - Growth,2026-01-20,40.2262
UTI Children's Hybrid Fund,100678,UTI Children's Hybrid Fund - Regular Plan - Growth,2026-01-21,40.1623
UTI Children's Hybrid Fund,100678,UTI Children's Hybrid Fund - Regular Plan - Growth,2026-01-22,40.265
UTI Children's Hybrid Fund,100678,UTI Children's Hybrid Fund - Regular Plan - Growth,2026-01-23,40.042
UTI Children's Hybrid Fund,100678,UTI Children's Hybrid Fund - Regular Plan - Growth,2026-01-27,40.0836
UTI Children's Hybrid Fund,100678,UTI Children's Hybrid Fund - Regular Plan - Growth,2026-01-28,40.1734
UTI Children's Hybrid Fund,100678,UTI Children's Hybrid Fund - Regular Plan - Growth,2026-01-29,40.2046
UTI Children's Hybrid Fund,100678,UTI Children's Hybrid Fund - Regular Plan - Growth,2026-01-30,40.1944
UTI Children's Hybrid Fund,100678,UTI Children's Hybrid Fund - Regular Plan - Growth,2026-02-02,40.018
UTI Children's Hybrid Fund,100678,UTI Children's Hybrid Fund - Regular Plan - Growth,2026-02-03,40.4216
UTI Children's Hybrid Fund,100678,UTI Children's Hybrid Fund - Regular Plan - Growth,2026-02-04,40.4577
UTI Children's Hybrid Fund,100678,UTI Children's Hybrid Fund - Regular Plan - Growth,2026-02-05,40.4776
UTI Children's Hybrid Fund,100678,UTI Children's Hybrid Fund - Regular Plan - Growth,2026-02-06,40.4043
UTI Children's Hybrid Fund,100678,UTI Children's Hybrid Fund - Regular Plan - Growth,2026-02-09,40.5057
UTI Children's Hybrid Fund,100678,UTI Children's Hybrid Fund - Regular Plan - Growth,2026-02-10,40.5707
UTI Children's Hybrid Fund,100678,UTI Children's Hybrid Fund - Regular Plan - Growth,2026-02-11,40.6482
UTI Children's Hybrid Fund,100678,UTI Children's Hybrid Fund - Regular Plan - Growth,2026-02-12,40.5755
UTI Children's Hybrid Fund,100678,UTI Children's Hybrid Fund - Regular Plan - Growth,2026-02-13,40.4419
UTI Children's Hybrid Fund,100678,UTI Children's Hybrid Fund - Regular Plan - Growth,2026-02-16,40.5711
UTI Children's Hybrid Fund,100678,UTI Children's Hybrid Fund - Regular Plan - Growth,2026-02-17,40.6212
UTI Children's Hybrid Fund,100678,UTI Children's Hybrid Fund - Regular Plan - Growth,2026-02-18,40.6644
UTI Children's Hybrid Fund,100678,UTI Children's Hybrid Fund - Regular Plan - Growth,2026-02-19,40.4535
UTI Children's Hybrid Fund,100678,UTI Children's Hybrid Fund - Regular Plan - Growth,2026-02-20,40.4627
UTI Children's Hybrid Fund,100678,UTI Children's Hybrid Fund - Regular Plan - Growth,2026-02-23,40.5766
UTI Children's Hybrid Fund,100678,UTI Children's Hybrid Fund - Regular Plan - Growth,2026-02-24,40.4227
UTI Children's Hybrid Fund,100678,UTI Children's Hybrid Fund - Regular Plan - Growth,2026-02-25,40.5041
UTI Children's Hybrid Fund,100678,UTI Children's Hybrid Fund - Regular Plan - Growth,2026-02-26,40.5095
UTI Children's Hybrid Fund,100678,UTI Children's Hybrid Fund - Regular Plan - Growth,2026-02-27,40.3648
UTI Children's Hybrid Fund,100678,UTI Children's Hybrid Fund - Regular Plan - Growth,2026-03-02,40.1503
UTI Children's Hybrid Fund,100678,UTI Children's Hybrid Fund - Regular Plan - Growth,2026-03-04,39.8781
UTI Children's Hybrid Fund,100678,UTI Children's Hybrid Fund - Regular Plan - Growth,2026-03-05,40.0384
UTI Children's Hybrid Fund,100678,UTI Children's Hybrid Fund - Regular Plan - Growth,2026-03-06,39.8519
UTI Children's Hybrid Fund,100678,UTI Children's Hybrid Fund - Regular Plan - Growth,2026-03-09,39.5253
UTI Children's Hybrid Fund,100678,UTI Children's Hybrid Fund - Regular Plan - Growth,2026-03-10,39.7314
UTI Children's Hybrid Fund,100678,UTI Children's Hybrid Fund - Regular Plan - Growth,2026-03-11,39.5454
UTI Children's Hybrid Fund,100678,UTI Children's Hybrid Fund - Regular Plan - Growth,2026-03-12,39.3702
UTI Children's Hybrid Fund,100678,UTI Children's Hybrid Fund - Regular Plan - Growth,2026-03-13,39.0821
UTI Children's Hybrid Fund,100678,UTI Children's Hybrid Fund - Regular Plan - Growth,2026-03-16,39.1339
UTI Children's Hybrid Fund,100678,UTI Children's Hybrid Fund - Regular Plan - Growth,2026-03-17,39.2312
UTI Children's Hybrid Fund,100678,UTI Children's Hybrid Fund - Regular Plan - Growth,2026-03-18,39.3968
UTI Children's Hybrid Fund,100678,UTI Children's Hybrid Fund - Regular Plan - Growth,2026-03-19,38.931
UTI Children's Hybrid Fund,100678,UTI Children's Hybrid Fund - Regular Plan - Growth,2026-03-20,38.9378
UTI Children's Hybrid Fund,100678,UTI Children's Hybrid Fund - Regular Plan - Growth,2026-03-23,38.4089
UTI Children's Hybrid Fund,100678,UTI Children's Hybrid Fund - Regular Plan - Growth,2026-03-24,38.6655
UTI Children's Hybrid Fund,100678,UTI Children's Hybrid Fund - Regular Plan - Growth,2026-03-25,38.9327
UTI Children's Hybrid Fund,100678,UTI Children's Hybrid Fund - Regular Plan - Growth,2026-03-27,38.5345
UTI Children's Hybrid Fund,100678,UTI Children's Hybrid Fund - Regular Plan - Growth,2026-03-30,38.1412
UTI Children's Hybrid Fund,100678,UTI Children's Hybrid Fund - Regular Plan - Growth,2026-03-31,38.1443
UTI Children's Hybrid Fund,100678,UTI Children's Hybrid Fund - Regular Plan - Growth,2026-04-01,38.3821
UTI Children's Hybrid Fund,100678,UTI Children's Hybrid Fund - Regular Plan - Growth,2026-04-02,38.3175
UTI Children's Hybrid Fund,100678,UTI Children's Hybrid Fund - Regular Plan - Growth,2026-04-06,38.5887
UTI Children's Hybrid Fund,100678,UTI Children's Hybrid Fund - Regular Plan - Growth,2026-04-07,38.6606
UTI Children's Hybrid Fund,100678,UTI Children's Hybrid Fund - Regular Plan - Growth,2026-04-08,39.3777
UTI Children's Hybrid Fund,100678,UTI Children's Hybrid Fund - Regular Plan - Growth,2026-04-09,39.2757
UTI Children's Hybrid Fund,100678,UTI Children's Hybrid Fund - Regular Plan - Growth,2026-04-10,39.5454
UTI Children's Hybrid Fund,100678,UTI Children's Hybrid Fund - Regular Plan - Growth,2026-04-13,39.3936
UTI Children's Hybrid Fund,100678,UTI Children's Hybrid Fund - Regular Plan - Growth,2026-04-15,39.7515
UTI Children's Hybrid Fund,100678,UTI Children's Hybrid Fund - Regular Plan - Growth,2026-04-16,39.7809
UTI Children's Hybrid Fund,100678,UTI Children's Hybrid Fund - Regular Plan - Growth,2026-04-17,39.8996
UTI Children's Hybrid Fund,100678,UTI Children's Hybrid Fund - Regular Plan - Growth,2026-04-20,39.9097
UTI Children's Hybrid Fund,100678,UTI Children's Hybrid Fund - Regular Plan - Growth,2026-04-21,40.0604
UTI Children's Hybrid Fund,100678,UTI Children's Hybrid Fund - Regular Plan - Growth,2026-04-22,40.0022
UTI Children's Hybrid Fund,100678,UTI Children's Hybrid Fund - Regular Plan - Growth,2026-04-23,39.7987
UTI Children's Hybrid Fund,100678,UTI Children's Hybrid Fund - Regular Plan - Growth,2026-04-24,39.6031
UTI Children's Hybrid Fund,100678,UTI Children's Hybrid Fund - Regular Plan - Growth,2026-04-27,39.7329
UTI Children's Hybrid Fund,100678,UTI Children's Hybrid Fund - Regular Plan - Growth,2026-04-28,39.6306
UTI Children's Hybrid Fund,100678,UTI Children's Hybrid Fund - Regular Plan - Growth,2026-04-29,39.6894
UTI Children's Hybrid Fund,100678,UTI Children's Hybrid Fund - Regular Plan - Growth,2026-04-30,39.5509
UTI Children's Hybrid Fund,100678,UTI Children's Hybrid Fund - Regular Plan - Growth,2026-05-04,39.6841
UTI Children's Hybrid Fund,100678,UTI Children's Hybrid Fund - Regular Plan - Growth,2026-05-05,39.5968
UTI Children's Hybrid Fund,100678,UTI Children's Hybrid Fund - Regular Plan - Growth,2026-05-06,39.9374
UTI Children's Hybrid Fund,100678,UTI Children's Hybrid Fund - Regular Plan - Growth,2026-05-07,39.9937
UTI Children's Hybrid Fund,100678,UTI Children's Hybrid Fund - Regular Plan - Growth,2026-05-08,39.9103
UTI Children's Hybrid Fund,100678,UTI Children's Hybrid Fund - Regular Plan - Growth,2026-05-11,39.6839
UTI Children's Hybrid Fund,100678,UTI Children's Hybrid Fund - Regular Plan - Growth,2026-05-12,39.3683
UTI Children's Hybrid Fund,100678,UTI Children's Hybrid Fund - Regular Plan - Growth,2026-05-13,39.3887
UTI Children's Hybrid Fund,100678,UTI Children's Hybrid Fund - Regular Plan - Growth,2026-05-14,39.5575
UTI Children's Hybrid Fund,100678,UTI Children's Hybrid Fund - Regular Plan - Growth,2026-05-15,39.4996
UTI Children's Hybrid Fund,100678,UTI Children's Hybrid Fund - Regular Plan - Growth,2026-05-18,39.4009
UTI Children's Hybrid Fund,100678,UTI Children's Hybrid Fund - Regular Plan - Growth,2026-05-19,39.4733
UTI Children's Hybrid Fund,100678,UTI Children's Hybrid Fund - Regular Plan - Growth,2026-05-20,39.4628
UTI Children's Hybrid Fund,100678,UTI Children's Hybrid Fund - Regular Plan - Growth,2026-05-21,39.4202
UTI Children's Hybrid Fund,100678,UTI Children's Hybrid Fund - Regular Plan - Growth,2026-05-22,39.4862
UTI Children's Hybrid Fund,100678,UTI Children's Hybrid Fund - Regular Plan - Growth,2026-05-25,39.7248
UTI Children's Hybrid Fund,100678,UTI Children's Hybrid Fund - Regular Plan - Growth,2026-05-26,39.6829
UTI Children's Hybrid Fund,100678,UTI Children's Hybrid Fund - Regular Plan - Growth,2026-05-27,39.6956
UTI Children's Hybrid Fund,100678,UTI Children's Hybrid Fund - Regular Plan - Growth,2026-05-29,39.5183
UTI Children's Hybrid Fund,100678,UTI Children's Hybrid Fund - Regular Plan - Growth,2026-06-01,39.403
UTI Children's Hybrid Fund,100678,UTI Children's Hybrid Fund - Regular Plan - Growth,2026-06-02,39.4684
UTI Children's Hybrid Fund,100678,UTI Children's Hybrid Fund - Regular Plan - Growth,2026-06-03,39.3877
UTI Children's Hybrid Fund,100678,UTI Children's Hybrid Fund - Regular Plan - Growth,2026-06-04,39.4209
UTI Children's Hybrid Fund,100678,UTI Children's Hybrid Fund - Regular Plan - Growth,2026-06-05,39.4812
UTI Children's Hybrid Fund,100678,UTI Children's Hybrid Fund - Regular Plan - Growth,2026-06-08,39.3583
UTI Children's Hybrid Fund,100678,UTI Children's Hybrid Fund - Regular Plan - Growth,2026-06-09,39.5657
UTI Children's Hybrid Fund,100678,UTI Children's Hybrid Fund - Regular Plan - Growth,2026-06-10,39.5411
UTI Children's Hybrid Fund,100678,UTI Children's Hybrid Fund - Regular Plan - Growth,2026-06-11,39.4741
UTI Children's Hybrid Fund,100678,UTI Children's Hybrid Fund - Regular Plan - Growth,2026-06-12,39.7782
UTI Children's Hybrid Fund,100678,UTI Children's Hybrid Fund - Regular Plan - Growth,2026-06-15,39.9708
UTI Children's Hybrid Fund,100678,UTI Children's Hybrid Fund - Regular Plan - Growth,2026-06-16,40.0901
UTI Children's Hybrid Fund,100678,UTI Children's Hybrid Fund - Regular Plan - Growth,2026-06-17,40.1797
UTI Children's Hybrid Fund,100678,UTI Children's Hybrid Fund - Regular Plan - Growth,2026-06-18,40.2486
UTI Children's Hybrid Fund,100678,UTI Children's Hybrid Fund - Regular Plan - Growth,2026-06-19,40.189
UTI Children's Hybrid Fund,100678,UTI Children's Hybrid Fund - Regular Plan - Growth,2026-06-22,40.2835
UTI Children's Hybrid Fund,100678,UTI Children's Hybrid Fund - Regular Plan - Growth,2026-06-23,40.1549
UTI Children's Hybrid Fund,100678,UTI Children's Hybrid Fund - Regular Plan - Growth,2026-06-24,40.3236
UTI Children's Hybrid Fund,100678,UTI Children's Hybrid Fund - Regular Plan - Growth,2026-06-25,40.3393
UTI Children's Hybrid Fund,100678,UTI Children's Hybrid Fund - Regular Plan - Growth,2026-06-29,40.2987
UTI Children's Hybrid Fund,100678,UTI Children's Hybrid Fund - Regular Plan - Growth,2026-06-30,40.3242
UTI Children's Hybrid Fund,100678,UTI Children's Hybrid Fund - Regular Plan - Growth,2026-07-01,40.4031
UTI Children's Hybrid Fund,100678,UTI Children's Hybrid Fund - Regular Plan - Growth,2026-07-02,40.558
UTI Children's Hybrid Fund,100678,UTI Children's Hybrid Fund - Regular Plan - Growth,2026-07-03,40.6144
UTI Children's Hybrid Fund,100678,UTI Children's Hybrid Fund - Regular Plan - Growth,2026-07-06,40.7462
UTI Children's Hybrid Fund,100678,UTI Children's Hybrid Fund - Regular Plan - Growth,2026-07-07,40.7609
UTI Children's Hybrid Fund,100678,UTI Children's Hybrid Fund - Regular Plan - Growth,2026-07-08,40.3745
UTI Children's Hybrid Fund,100678,UTI Children's Hybrid Fund - Regular Plan - Growth,2026-07-09,40.4816
UTI Children's Hybrid Fund,100678,UTI Children's Hybrid Fund - Regular Plan - Growth,2026-07-10,40.6846
UTI Children's Hybrid Fund,100678,UTI Children's Hybrid Fund - Regular Plan - Growth,2026-07-13,40.6855
UTI Children's Hybrid Fund,100678,UTI Children's Hybrid Fund - Regular Plan - Growth,2026-07-14,40.5111
UTI Children's Hybrid Fund,100678,UTI Children's Hybrid Fund - Regular Plan - Growth,2026-07-15,40.5847
UTI Children's Hybrid Fund,100678,UTI Children's Hybrid Fund - Regular Plan - Growth,2026-07-16,40.5735
UTI Children's Hybrid Fund,100678,UTI Children's Hybrid Fund - Regular Plan - Growth,2026-07-17,40.6505
UTI Children's Hybrid Fund,100678,UTI Children's Hybrid Fund - Regular Plan - Growth,2026-07-20,40.5892
UTI Children's Hybrid Fund,100678,UTI Children's Hybrid Fund - Regular Plan - Growth,2026-07-21,40.5841
UTI Children's Hybrid Fund,100678,UTI Children's Hybrid Fund - Regular Plan - Growth,2026-07-22,40.4281
UTI Children's Hybrid Fund,100678,UTI Children's Hybrid Fund - Regular Plan - Growth,2026-07-23,40.3206
UTI Children's Hybrid Fund,100678,UTI Children's Hybrid Fund - Regular Plan - Growth,2026-07-24,40.3072
UTI Children's Hybrid Fund,100678,UTI Children's Hybrid Fund - Regular Plan - Growth,2026-07-27,40.5374
UTI Children's Hybrid Fund,100678,UTI Children's Hybrid Fund - Regular Plan - Growth,2026-07-28,40.5668
UTI Children's Hybrid Fund,100678,UTI Children's Hybrid Fund - Regular Plan - Growth,2026-07-29,40.7157
UTI Children's Hybrid Fund,100678,UTI Children's Hybrid Fund - Regular Plan - Growth,2026-07-30,40.7246
UTI Children's Hybrid Fund,100678,UTI Children's Hybrid Fund - Regular Plan - Growth,2026-07-31,40.7869
UTI Children's Hybrid Fund,100678,UTI Children's Hybrid Fund - Regular Plan - Growth,2026-08-03,41.059
UTI Children's Hybrid Fund,100678,UTI Children's Hybrid Fund - Regular Plan - Growth,2026-08-04,40.9627
UTI Children's Hybrid Fund,100678,UTI Children's Hybrid Fund - Regular Plan - Growth,2026-08-05,41.0131
UTI Children's Hybrid Fund,100678,UTI Children's Hybrid Fund - Regular Plan - Growth,2026-08-06,41.0197
UTI Children's Hybrid Fund,100678,UTI Children's Hybrid Fund - Regular Plan - Growth,2026-08-07,40.9537
UTI Children's Hybrid Fund,100678,UTI Children's Hybrid Fund - Regular Plan - Growth,2026-08-10,41.0339
UTI Children's Hybrid Fund,100678,UTI Children's Hybrid Fund - Regular Plan - Growth,2026-08-11,40.9563
UTI Children's Hybrid Fund,100678,UTI Children's Hybrid Fund - Regular Plan - Growth,2026-08-12,40.9228
UTI Children's Hybrid Fund,100678,UTI Children's Hybrid Fund - Regular Plan - Growth,2026-08-13,40.9474
UTI Children's Hybrid Fund,100678,UTI Children's Hybrid Fund - Regular Plan - Growth,2026-08-14,40.9385
UTI Children's Hybrid Fund,100678,UTI Children's Hybrid Fund - Regular Plan - Growth,2026-08-17,40.9004
UTI Children's Hybrid Fund,100678,UTI Children's Hybrid Fund - Regular Plan - Growth,2026-08-18,40.788
UTI Children's Hybrid Fund,100678,UTI Children's Hybrid Fund - Regular Plan - Growth,2026-08-19,40.7447
UTI Children's Hybrid Fund,100678,UTI Children's Hybrid Fund - Regular Plan - Growth,2026-08-20,40.7876
UTI Children's Hybrid Fund,100678,UTI Children's Hybrid Fund - Regular Plan - Growth,2026-08-21,40.7753
UTI Children's Hybrid Fund,100678,UTI Children's Hybrid Fund - Regular Plan - Growth,2026-08-24,40.7391
UTI Children's Hybrid Fund,100678,UTI Children's Hybrid Fund - Regular Plan - Growth,2026-08-25,40.8022
UTI Children's Hybrid Fund,100678,UTI Children's Hybrid Fund - Regular Plan - Growth,2026-08-26,40.741
UTI Children's Hybrid Fund,100678,UTI Children's Hybrid Fund - Regular Plan - Growth,2026-08-27,40.6809
UTI Children's Hybrid Fund,100678,UTI Children's Hybrid Fund - Regular Plan - Growth,2026-08-28,40.7022
UTI Children's Hybrid Fund,100678,UTI Children's Hybrid Fund - Regular Plan - Growth,2026-08-31,40.6465
UTI Children's Hybrid Fund,100678,UTI Children's Hybrid Fund - Regular Plan - Growth,2026-09-01,40.5587
UTI Children's Hybrid Fund,100678,UTI Children's Hybrid Fund - Regular Plan - Growth,2026-09-02,40.4691
UTI Children's Hybrid Fund,100678,UTI Children's Hybrid Fund - Regular Plan - Growth,2026-09-03,40.5166
UTI Children's Hybrid Fund,100678,UTI Children's Hybrid Fund - Regular Plan - Growth,2026-09-04,40.4975
UTI Children's Hybrid Fund,100678,UTI Children's Hybrid Fund - Regular Plan - Growth,2026-09-07,40.4172
UTI Children's Hybrid Fund,100678,UTI Children's Hybrid Fund - Regular Plan - Growth,2026-09-08,40.3588
UTI Children's Hybrid Fund,100678,UTI Children's Hybrid Fund - Regular Plan - Growth,2026-09-09,40.2161
UTI Children's Hybrid Fund,100678,UTI Children's Hybrid Fund - Regular Plan - Growth,2026-09-10,40.2233
UTI Children's Hybrid Fund,100678,UTI Children's Hybrid Fund - Regular Plan - Growth,2026-09-11,40.128
UTI Children's Hybrid Fund,100678,UTI Children's Hybrid Fund - Regular Plan - Growth,2026-09-15,39.862
UTI Children's Hybrid Fund,100678,UTI Children's Hybrid Fund - Regular Plan - Growth,2026-09-16,39.9281
UTI Children's Hybrid Fund,100678,UTI Children's Hybrid Fund - Regular Plan - Growth,2026-09-17,39.988
UTI Children's Hybrid Fund,100678,UTI Children's Hybrid Fund - Regular Plan - Growth,2026-09-18,40.0924
UTI Children's Hybrid Fund,100678,UTI Children's Hybrid Fund - Regular Plan - Growth,2026-09-21,40.1215
UTI Children's Hybrid Fund,100678,UTI Children's Hybrid Fund - Regular Plan - Growth,2026-09-22,40.0791
UTI Children's Hybrid Fund,100678,UTI Children's Hybrid Fund - Regular Plan - Growth,2026-09-23,40.1701
UTI Children's Hybrid Fund,100678,UTI Children's Hybrid Fund - Regular Plan - Growth,2026-09-24,39.8527
UTI Children's Hybrid Fund,100678,UTI Children's Hybrid Fund - Regular Plan - Growth,2026-09-25,39.8873
UTI Children's Hybrid Fund,100678,UTI Children's Hybrid Fund - Regular Plan - Growth,2026-09-28,39.6468
UTI Children's Hybrid Fund,100678,UTI Children's Hybrid Fund - Regular Plan - Growth,2026-09-29,39.5645
UTI Children's Hybrid Fund,100678,UTI Children's Hybrid Fund - Regular Plan - Growth,2026-09-30,39.5558
UTI Children's Hybrid Fund,100678,UTI Children's Hybrid Fund - Regular Plan - Growth,2026-10-01,39.4395
Parag Parikh ELSS Tax Saver Fund,147481,Parag Parikh ELSS Tax Saver Fund - Direct Plan - Growth,2025-01-01,32.6417
Parag Parikh ELSS Tax Saver Fund,147481,Parag Parikh ELSS Tax Saver Fund - Direct Plan - Growth,2025-01-02,33.0884
Parag Parikh ELSS Tax Saver Fund,147481,Parag Parikh ELSS Tax Saver Fund - Direct Plan - Growth,2025-01-03,32.7684
Parag Parikh ELSS Tax Saver Fund,147481,Parag Parikh ELSS Tax Saver Fund - Direct Plan - Growth,2025-01-06,32.1471
Parag Parikh ELSS Tax Saver Fund,147481,Parag Parikh ELSS Tax Saver Fund - Direct Plan - Growth,2025-01-07,32.1918
Parag Parikh ELSS Tax Saver Fund,147481,Parag Parikh ELSS Tax Saver Fund - Direct Plan - Growth,2025-01-08,32.2736
Parag Parikh ELSS Tax Saver Fund,147481,Parag Parikh ELSS Tax Saver Fund - Direct Plan - Growth,2025-01-09,32.0809
Parag Parikh ELSS Tax Saver Fund,147481,Parag Parikh ELSS Tax Saver Fund - Direct Plan - Growth,2025-01-10,31.9021
Parag Parikh ELSS Tax Saver Fund,147481,Parag Parikh ELSS Tax Saver Fund - Direct Plan - Growth,2025-01-13,31.3475
Parag Parikh ELSS Tax Saver Fund,147481,Parag Parikh ELSS Tax Saver Fund - Direct Plan - Growth,2025-01-14,31.4963
Parag Parikh ELSS Tax Saver Fund,147481,Parag Parikh ELSS Tax Saver Fund - Direct Plan - Growth,2025-01-15,31.6522
Parag Parikh ELSS Tax Saver Fund,147481,Parag Parikh ELSS Tax Saver Fund - Direct Plan - Growth,2025-01-16,31.6851
Parag Parikh ELSS Tax Saver Fund,147481,Parag Parikh ELSS Tax Saver Fund - Direct Plan - Growth,2025-01-17,31.5027
Parag Parikh ELSS Tax Saver Fund,147481,Parag Parikh ELSS Tax Saver Fund - Direct Plan - Growth,2025-01-20,31.7336
Parag Parikh ELSS Tax Saver Fund,147481,Parag Parikh ELSS Tax Saver Fund - Direct Plan - Growth,2025-01-21,31.4465
Parag Parikh ELSS Tax Saver Fund,147481,Parag Parikh ELSS Tax Saver Fund - Direct Plan - Growth,2025-01-22,31.7067
Parag Parikh ELSS Tax Saver Fund,147481,Parag Parikh ELSS Tax Saver Fund - Direct Plan - Growth,2025-01-23,31.7367
Parag Parikh ELSS Tax Saver Fund,147481,Parag Parikh ELSS Tax Saver Fund - Direct Plan - Growth,2025-01-24,31.6204
Parag Parikh ELSS Tax Saver Fund,147481,Parag Parikh ELSS Tax Saver Fund - Direct Plan - Growth,2025-01-27,31.2458
Parag Parikh ELSS Tax Saver Fund,147481,Parag Parikh ELSS Tax Saver Fund - Direct Plan - Growth,2025-01-28,31.252
Parag Parikh ELSS Tax Saver Fund,147481,Parag Parikh ELSS Tax Saver Fund - Direct Plan - Growth,2025-01-29,31.5983
Parag Parikh ELSS Tax Saver Fund,147481,Parag Parikh ELSS Tax Saver Fund - Direct Plan - Growth,2025-01-30,31.6708
Parag Parikh ELSS Tax Saver Fund,147481,Parag Parikh ELSS Tax Saver Fund - Direct Plan - Growth,2025-01-31,32.0343
Parag Parikh ELSS Tax Saver Fund,147481,Parag Parikh ELSS Tax Saver Fund - Direct Plan - Growth,2025-02-03,32.0953
Parag Parikh ELSS Tax Saver Fund,147481,Parag Parikh ELSS Tax Saver Fund - Direct Plan - Growth,2025-02-04,32.2601
Parag Parikh ELSS Tax Saver Fund,147481,Parag Parikh ELSS Tax Saver Fund - Direct Plan - Growth,2025-02-05,32.2384
Parag Parikh ELSS Tax Saver Fund,147481,Parag Parikh ELSS Tax Saver Fund - Direct Plan - Growth,2025-02-06,32.1806
Parag Parikh ELSS Tax Saver Fund,147481,Parag Parikh ELSS Tax Saver Fund - Direct Plan - Growth,2025-02-07,32.0411
Parag Parikh ELSS Tax Saver Fund,147481,Parag Parikh ELSS Tax Saver Fund - Direct Plan - Growth,2025-02-10,31.8424
Parag Parikh ELSS Tax Saver Fund,147481,Parag Parikh ELSS Tax Saver Fund - Direct Plan - Growth,2025-02-11,31.4924
Parag Parikh ELSS Tax Saver Fund,147481,Parag Parikh ELSS Tax Saver Fund - Direct Plan - Growth,2025-02-12,31.509
Parag Parikh ELSS Tax Saver Fund,147481,Parag Parikh ELSS Tax Saver Fund - Direct Plan - Growth,2025-02-13,31.5753
Parag Parikh ELSS Tax Saver Fund,147481,Parag Parikh ELSS Tax Saver Fund - Direct Plan - Growth,2025-02-14,31.4318
Parag Parikh ELSS Tax Saver Fund,147481,Parag Parikh ELSS Tax Saver Fund - Direct Plan - Growth,2025-02-17,31.459
Parag Parikh ELSS Tax Saver Fund,147481,Parag Parikh ELSS Tax Saver Fund - Direct Plan - Growth,2025-02-18,31.506
Parag Parikh ELSS Tax Saver Fund,147481,Parag Parikh ELSS Tax Saver Fund - Direct Plan - Growth,2025-02-19,31.4289
Parag Parikh ELSS Tax Saver Fund,147481,Parag Parikh ELSS Tax Saver Fund - Direct Plan - Growth,2025-02-20,31.5847
Parag Parikh ELSS Tax Saver Fund,147481,Parag Parikh ELSS Tax Saver Fund - Direct Plan - Growth,2025-02-21,31.3886
Parag Parikh ELSS Tax Saver Fund,147481,Parag Parikh ELSS Tax Saver Fund - Direct Plan - Growth,2025-02-24,31.1041
Parag Parikh ELSS Tax Saver Fund,147481,Parag Parikh ELSS Tax Saver Fund - Direct Plan - Growth,2025-02-25,30.9679
Parag Parikh ELSS Tax Saver Fund,147481,Parag Parikh ELSS Tax Saver Fund - Direct Plan - Growth,2025-02-27,31.0478
Parag Parikh ELSS Tax Saver Fund,147481,Parag Parikh ELSS Tax Saver Fund - Direct Plan - Growth,2025-02-28,30.5626
Parag Parikh ELSS Tax Saver Fund,147481,Parag Parikh ELSS Tax Saver Fund - Direct Plan - Growth,2025-03-03,30.4551
Parag Parikh ELSS Tax Saver Fund,147481,Parag Parikh ELSS Tax Saver Fund - Direct Plan - Growth,2025-03-04,30.3824
Parag Parikh ELSS Tax Saver Fund,147481,Parag Parikh ELSS Tax Saver Fund - Direct Plan - Growth,2025-03-05,30.7591
Parag Parikh ELSS Tax Saver Fund,147481,Parag Parikh ELSS Tax Saver Fund - Direct Plan - Growth,2025-03-06,30.9215
Parag Parikh ELSS Tax Saver Fund,147481,Parag Parikh ELSS Tax Saver Fund - Direct Plan - Growth,2025-03-07,30.924
Parag Parikh ELSS Tax Saver Fund,147481,Parag Parikh ELSS Tax Saver Fund - Direct Plan - Growth,2025-03-10,30.8588
Parag Parikh ELSS Tax Saver Fund,147481,Parag Parikh ELSS Tax Saver Fund - Direct Plan - Growth,2025-03-11,30.7689
Parag Parikh ELSS Tax Saver Fund,147481,Parag Parikh ELSS Tax Saver Fund - Direct Plan - Growth,2025-03-12,30.7488
Parag Parikh ELSS Tax Saver Fund,147481,Parag Parikh ELSS Tax Saver Fund - Direct Plan - Growth,2025-03-13,30.6424
Parag Parikh ELSS Tax Saver Fund,147481,Parag Parikh ELSS Tax Saver Fund - Direct Plan - Growth,2025-03-17,30.8503
Parag Parikh ELSS Tax Saver Fund,147481,Parag Parikh ELSS Tax Saver Fund - Direct Plan - Growth,2025-03-18,31.183
Parag Parikh ELSS Tax Saver Fund,147481,Parag Parikh ELSS Tax Saver Fund - Direct Plan - Growth,2025-03-19,31.3894
Parag Parikh ELSS Tax Saver Fund,147481,Parag Parikh ELSS Tax Saver Fund - Direct Plan - Growth,2025-03-20,31.6673
Parag Parikh ELSS Tax Saver Fund,147481,Parag Parikh ELSS Tax Saver Fund - Direct Plan - Growth,2025-03-21,31.8987
Parag Parikh ELSS Tax Saver Fund,147481,Parag Parikh ELSS Tax Saver Fund - Direct Plan - Growth,2025-03-24,32.2902
Parag Parikh ELSS Tax Saver Fund,147481,Parag Parikh ELSS Tax Saver Fund - Direct Plan - Growth,2025-03-25,32.2761
Parag Parikh ELSS Tax Saver Fund,147481,Parag Parikh ELSS Tax Saver Fund - Direct Plan - Growth,2025-03-26,32.1157
Parag Parikh ELSS Tax Saver Fund,147481,Parag Parikh ELSS Tax Saver Fund - Direct Plan - Growth,2025-03-27,32.4113
Parag Parikh ELSS Tax Saver Fund,147481,Parag Parikh ELSS Tax Saver Fund - Direct Plan - Growth,2025-03-28,32.1988
Parag Parikh ELSS Tax Saver Fund,147481,Parag Parikh ELSS Tax Saver Fund - Direct Plan - Growth,2025-03-31,32.2007
Parag Parikh ELSS Tax Saver Fund,147481,Parag Parikh ELSS Tax Saver Fund - Direct Plan - Growth,2025-04-01,31.7017
Parag Parikh ELSS Tax Saver Fund,147481,Parag Parikh ELSS Tax Saver Fund - Direct Plan - Growth,2025-04-02,31.7912
Parag Parikh ELSS Tax Saver Fund,147481,Parag Parikh ELSS Tax Saver Fund - Direct Plan - Growth,2025-04-03,31.6977
Parag Parikh ELSS Tax Saver Fund,147481,Parag Parikh ELSS Tax Saver Fund - Direct Plan - Growth,2025-04-04,31.3318
Parag Parikh ELSS Tax Saver Fund,147481,Parag Parikh ELSS Tax Saver Fund - Direct Plan - Growth,2025-04-07,30.5199
Parag Parikh ELSS Tax Saver Fund,147481,Parag Parikh ELSS Tax Saver Fund - Direct Plan - Growth,2025-04-08,30.8543
Parag Parikh ELSS Tax Saver Fund,147481,Parag Parikh ELSS Tax Saver Fund - Direct Plan - Growth,2025-04-09,30.77
Parag Parikh ELSS Tax Saver Fund,147481,Parag Parikh ELSS Tax Saver Fund - Direct Plan - Growth,2025-04-11,31.2564
Parag Parikh ELSS Tax Saver Fund,147481,Parag Parikh ELSS Tax Saver Fund - Direct Plan - Growth,2025-04-15,31.823
Parag Parikh ELSS Tax Saver Fund,147481,Parag Parikh ELSS Tax Saver Fund - Direct Plan - Growth,2025-04-16,31.9295
Parag Parikh ELSS Tax Saver Fund,147481,Parag Parikh ELSS Tax Saver Fund - Direct Plan - Growth,2025-04-17,32.2321
Parag Parikh ELSS Tax Saver Fund,147481,Parag Parikh ELSS Tax Saver Fund - Direct Plan - Growth,2025-04-21,32.6464
Parag Parikh ELSS Tax Saver Fund,147481,Parag Parikh ELSS Tax Saver Fund - Direct Plan - Growth,2025-04-22,32.7447
Parag Parikh ELSS Tax Saver Fund,147481,Parag Parikh ELSS Tax Saver Fund - Direct Plan - Growth,2025-04-23,33.0275
Parag Parikh ELSS Tax Saver Fund,147481,Parag Parikh ELSS Tax Saver Fund - Direct Plan - Growth,2025-04-24,32.9718
Parag Parikh ELSS Tax Saver Fund,147481,Parag Parikh ELSS Tax Saver Fund - Direct Plan - Growth,2025-04-25,32.6705
Parag Parikh ELSS Tax Saver Fund,147481,Parag Parikh ELSS Tax Saver Fund - Direct Plan - Growth,2025-04-28,32.847
Parag Parikh ELSS Tax Saver Fund,147481,Parag Parikh ELSS Tax Saver Fund - Direct Plan - Growth,2025-04-29,32.7954
Parag Parikh ELSS Tax Saver Fund,147481,Parag Parikh ELSS Tax Saver Fund - Direct Plan - Growth,2025-04-30,32.7426
Parag Parikh ELSS Tax Saver Fund,147481,Parag Parikh ELSS Tax Saver Fund - Direct Plan - Growth,2025-05-02,32.7593
Parag Parikh ELSS Tax Saver Fund,147481,Parag Parikh ELSS Tax Saver Fund - Direct Plan - Growth,2025-05-05,32.801
Parag Parikh ELSS Tax Saver Fund,147481,Parag Parikh ELSS Tax Saver Fund - Direct Plan - Growth,2025-05-06,32.6704
Parag Parikh ELSS Tax Saver Fund,147481,Parag Parikh ELSS Tax Saver Fund - Direct Plan - Growth,2025-05-07,32.8282
Parag Parikh ELSS Tax Saver Fund,147481,Parag Parikh ELSS Tax Saver Fund - Direct Plan - Growth,2025-05-08,32.5781
Parag Parikh ELSS Tax Saver Fund,147481,Parag Parikh ELSS Tax Saver Fund - Direct Plan - Growth,2025-05-09,32.2116
Parag Parikh ELSS Tax Saver Fund,147481,Parag Parikh ELSS Tax Saver Fund - Direct Plan - Growth,2025-05-12,33.3372
Parag Parikh ELSS Tax Saver Fund,147481,Parag Parikh ELSS Tax Saver Fund - Direct Plan - Growth,2025-05-13,32.9768
Parag Parikh ELSS Tax Saver Fund,147481,Parag Parikh ELSS Tax Saver Fund - Direct Plan - Growth,2025-05-14,33.1369
Parag Parikh ELSS Tax Saver Fund,147481,Parag Parikh ELSS Tax Saver Fund - Direct Plan - Growth,2025-05-15,33.6408
Parag Parikh ELSS Tax Saver Fund,147481,Parag Parikh ELSS Tax Saver Fund - Direct Plan - Growth,2025-05-16,33.7702
Parag Parikh ELSS Tax Saver Fund,147481,Parag Parikh ELSS Tax Saver Fund - Direct Plan - Growth,2025-05-19,34.1024
Parag Parikh ELSS Tax Saver Fund,147481,Parag Parikh ELSS Tax Saver Fund - Direct Plan - Growth,2025-05-20,33.6485
Parag Parikh ELSS Tax Saver Fund,147481,Parag Parikh ELSS Tax Saver Fund - Direct Plan - Growth,2025-05-21,33.7646
Parag Parikh ELSS Tax Saver Fund,147481,Parag Parikh ELSS Tax Saver Fund - Direct Plan - Growth,2025-05-22,33.4345
Parag Parikh ELSS Tax Saver Fund,147481,Parag Parikh ELSS Tax Saver Fund - Direct Plan - Growth,2025-05-23,33.856
Parag Parikh ELSS Tax Saver Fund,147481,Parag Parikh ELSS Tax Saver Fund - Direct Plan - Growth,2025-05-26,34.0745
Parag Parikh ELSS Tax Saver Fund,147481,Parag Parikh ELSS Tax Saver Fund - Direct Plan - Growth,2025-05-27,33.8558
Parag Parikh ELSS Tax Saver Fund,147481,Parag Parikh ELSS Tax Saver Fund - Direct Plan - Growth,2025-05-28,33.6508
Parag Parikh ELSS Tax Saver Fund,147481,Parag Parikh ELSS Tax Saver Fund - Direct Plan - Growth,2025-05-29,33.6478
Parag Parikh ELSS Tax Saver Fund,147481,Parag Parikh ELSS Tax Saver Fund - Direct Plan - Growth,2025-05-30,33.6176
Parag Parikh ELSS Tax Saver Fund,147481,Parag Parikh ELSS Tax Saver Fund - Direct Plan - Growth,2025-06-02,33.6982
Parag Parikh ELSS Tax Saver Fund,147481,Parag Parikh ELSS Tax Saver Fund - Direct Plan - Growth,2025-06-03,33.4452
Parag Parikh ELSS Tax Saver Fund,147481,Parag Parikh ELSS Tax Saver Fund - Direct Plan - Growth,2025-06-04,33.5497
Parag Parikh ELSS Tax Saver Fund,147481,Parag Parikh ELSS Tax Saver Fund - Direct Plan - Growth,2025-06-05,33.7018
Parag Parikh ELSS Tax Saver Fund,147481,Parag Parikh ELSS Tax Saver Fund - Direct Plan - Growth,2025-06-06,34.2276
Parag Parikh ELSS Tax Saver Fund,147481,Parag Parikh ELSS Tax Saver Fund - Direct Plan - Growth,2025-06-09,34.4195
Parag Parikh ELSS Tax Saver Fund,147481,Parag Parikh ELSS Tax Saver Fund - Direct Plan - Growth,2025-06-10,34.4942
Parag Parikh ELSS Tax Saver Fund,147481,Parag Parikh ELSS Tax Saver Fund - Direct Plan - Growth,2025-06-11,34.561
Parag Parikh ELSS Tax Saver Fund,147481,Parag Parikh ELSS Tax Saver Fund - Direct Plan - Growth,2025-06-12,34.1553
Parag Parikh ELSS Tax Saver Fund,147481,Parag Parikh ELSS Tax Saver Fund - Direct Plan - Growth,2025-06-13,34.0671
Parag Parikh ELSS Tax Saver Fund,147481,Parag Parikh ELSS Tax Saver Fund - Direct Plan - Growth,2025-06-16,34.3562
Parag Parikh ELSS Tax Saver Fund,147481,Parag Parikh ELSS Tax Saver Fund - Direct Plan - Growth,2025-06-17,34.1848
Parag Parikh ELSS Tax Saver Fund,147481,Parag Parikh ELSS Tax Saver Fund - Direct Plan - Growth,2025-06-18,34.0921
Parag Parikh ELSS Tax Saver Fund,147481,Parag Parikh ELSS Tax Saver Fund - Direct Plan - Growth,2025-06-19,33.9551
Parag Parikh ELSS Tax Saver Fund,147481,Parag Parikh ELSS Tax Saver Fund - Direct Plan - Growth,2025-06-20,34.2774
Parag Parikh ELSS Tax Saver Fund,147481,Parag Parikh ELSS Tax Saver Fund - Direct Plan - Growth,2025-06-23,34.0664
Parag Parikh ELSS Tax Saver Fund,147481,Parag Parikh ELSS Tax Saver Fund - Direct Plan - Growth,2025-06-24,34.232
Parag Parikh ELSS Tax Saver Fund,147481,Parag Parikh ELSS Tax Saver Fund - Direct Plan - Growth,2025-06-25,34.4271
Parag Parikh ELSS Tax Saver Fund,147481,Parag Parikh ELSS Tax Saver Fund - Direct Plan - Growth,2025-06-26,34.6749
Parag Parikh ELSS Tax Saver Fund,147481,Parag Parikh ELSS Tax Saver Fund - Direct Plan - Growth,2025-06-27,34.8192
Parag Parikh ELSS Tax Saver Fund,147481,Parag Parikh ELSS Tax Saver Fund - Direct Plan - Growth,2025-06-30,34.7945
Parag Parikh ELSS Tax Saver Fund,147481,Parag Parikh ELSS Tax Saver Fund - Direct Plan - Growth,2025-07-01,34.7425
Parag Parikh ELSS Tax Saver Fund,147481,Parag Parikh ELSS Tax Saver Fund - Direct Plan - Growth,2025-07-02,34.8271
Parag Parikh ELSS Tax Saver Fund,147481,Parag Parikh ELSS Tax Saver Fund - Direct Plan - Growth,2025-07-03,34.7133
Parag Parikh ELSS Tax Saver Fund,147481,Parag Parikh ELSS Tax Saver Fund - Direct Plan - Growth,2025-07-04,34.7816
Parag Parikh ELSS Tax Saver Fund,147481,Parag Parikh ELSS Tax Saver Fund - Direct Plan - Growth,2025-07-07,34.7498
Parag Parikh ELSS Tax Saver Fund,147481,Parag Parikh ELSS Tax Saver Fund - Direct Plan - Growth,2025-07-08,34.655
Parag Parikh ELSS Tax Saver Fund,147481,Parag Parikh ELSS Tax Saver Fund - Direct Plan - Growth,2025-07-09,34.6834
Parag Parikh ELSS Tax Saver Fund,147481,Parag Parikh ELSS Tax Saver Fund - Direct Plan - Growth,2025-07-10,34.5597
Parag Parikh ELSS Tax Saver Fund,147481,Parag Parikh ELSS Tax Saver Fund - Direct Plan - Growth,2025-07-11,34.343
Parag Parikh ELSS Tax Saver Fund,147481,Parag Parikh ELSS Tax Saver Fund - Direct Plan - Growth,2025-07-14,34.3549
Parag Parikh ELSS Tax Saver Fund,147481,Parag Parikh ELSS Tax Saver Fund - Direct Plan - Growth,2025-07-15,34.4939
Parag Parikh ELSS Tax Saver Fund,147481,Parag Parikh ELSS Tax Saver Fund - Direct Plan - Growth,2025-07-16,34.5167
Parag Parikh ELSS Tax Saver Fund,147481,Parag Parikh ELSS Tax Saver Fund - Direct Plan - Growth,2025-07-17,34.4481
Parag Parikh ELSS Tax Saver Fund,147481,Parag Parikh ELSS Tax Saver Fund - Direct Plan - Growth,2025-07-18,34.2849
Parag Parikh ELSS Tax Saver Fund,147481,Parag Parikh ELSS Tax Saver Fund - Direct Plan - Growth,2025-07-21,34.4774
Parag Parikh ELSS Tax Saver Fund,147481,Parag Parikh ELSS Tax Saver Fund - Direct Plan - Growth,2025-07-22,34.4527
Parag Parikh ELSS Tax Saver Fund,147481,Parag Parikh ELSS Tax Saver Fund - Direct Plan - Growth,2025-07-23,34.5894
Parag Parikh ELSS Tax Saver Fund,147481,Parag Parikh ELSS Tax Saver Fund - Direct Plan - Growth,2025-07-24,34.4244
Parag Parikh ELSS Tax Saver Fund,147481,Parag Parikh ELSS Tax Saver Fund - Direct Plan - Growth,2025-07-25,34.1447
Parag Parikh ELSS Tax Saver Fund,147481,Parag Parikh ELSS Tax Saver Fund - Direct Plan - Growth,2025-07-28,33.9618
Parag Parikh ELSS Tax Saver Fund,147481,Parag Parikh ELSS Tax Saver Fund - Direct Plan - Growth,2025-07-29,34.1798
Parag Parikh ELSS Tax Saver Fund,147481,Parag Parikh ELSS Tax Saver Fund - Direct Plan - Growth,2025-07-30,34.2238
Parag Parikh ELSS Tax Saver Fund,147481,Parag Parikh ELSS Tax Saver Fund - Direct Plan - Growth,2025-07-31,34.1689
Parag Parikh ELSS Tax Saver Fund,147481,Parag Parikh ELSS Tax Saver Fund - Direct Plan - Growth,2025-08-01,33.8368
Parag Parikh ELSS Tax Saver Fund,147481,Parag Parikh ELSS Tax Saver Fund - Direct Plan - Growth,2025-08-04,33.8966
Parag Parikh ELSS Tax Saver Fund,147481,Parag Parikh ELSS Tax Saver Fund - Direct Plan - Growth,2025-08-05,33.7752
Parag Parikh ELSS Tax Saver Fund,147481,Parag Parikh ELSS Tax Saver Fund - Direct Plan - Growth,2025-08-06,33.6361
Parag Parikh ELSS Tax Saver Fund,147481,Parag Parikh ELSS Tax Saver Fund - Direct Plan - Growth,2025-08-07,33.6798
Parag Parikh ELSS Tax Saver Fund,147481,Parag Parikh ELSS Tax Saver Fund - Direct Plan - Growth,2025-08-08,33.4938
Parag Parikh ELSS Tax Saver Fund,147481,Parag Parikh ELSS Tax Saver Fund - Direct Plan - Growth,2025-08-11,33.7425
Parag Parikh ELSS Tax Saver Fund,147481,Parag Parikh ELSS Tax Saver Fund - Direct Plan - Growth,2025-08-12,33.7342
Parag Parikh ELSS Tax Saver Fund,147481,Parag Parikh ELSS Tax Saver Fund - Direct Plan - Growth,2025-08-13,33.9715
Parag Parikh ELSS Tax Saver Fund,147481,Parag Parikh ELSS Tax Saver Fund - Direct Plan - Growth,2025-08-14,34.0618
Parag Parikh ELSS Tax Saver Fund,147481,Parag Parikh ELSS Tax Saver Fund - Direct Plan - Growth,2025-08-18,34.4579
Parag Parikh ELSS Tax Saver Fund,147481,Parag Parikh ELSS Tax Saver Fund - Direct Plan - Growth,2025-08-19,34.3012
Parag Parikh ELSS Tax Saver Fund,147481,Parag Parikh ELSS Tax Saver Fund - Direct Plan - Growth,2025-08-20,34.3098
Parag Parikh ELSS Tax Saver Fund,147481,Parag Parikh ELSS Tax Saver Fund - Direct Plan - Growth,2025-08-21,34.3073
Parag Parikh ELSS Tax Saver Fund,147481,Parag Parikh ELSS Tax Saver Fund - Direct Plan - Growth,2025-08-22,34.085
Parag Parikh ELSS Tax Saver Fund,147481,Parag Parikh ELSS Tax Saver Fund - Direct Plan - Growth,2025-08-25,34.1799
Parag Parikh ELSS Tax Saver Fund,147481,Parag Parikh ELSS Tax Saver Fund - Direct Plan - Growth,2025-08-26,33.8946
Parag Parikh ELSS Tax Saver Fund,147481,Parag Parikh ELSS Tax Saver Fund - Direct Plan - Growth,2025-08-28,33.6576
Parag Parikh ELSS Tax Saver Fund,147481,Parag Parikh ELSS Tax Saver Fund - Direct Plan - Growth,2025-08-29,33.6116
Parag Parikh ELSS Tax Saver Fund,147481,Parag Parikh ELSS Tax Saver Fund - Direct Plan - Growth,2025-09-01,33.8649
Parag Parikh ELSS Tax Saver Fund,147481,Parag Parikh ELSS Tax Saver Fund - Direct Plan - Growth,2025-09-02,33.878
Parag Parikh ELSS Tax Saver Fund,147481,Parag Parikh ELSS Tax Saver Fund - Direct Plan - Growth,2025-09-03,34.1395
Parag Parikh ELSS Tax Saver Fund,147481,Parag Parikh ELSS Tax Saver Fund - Direct Plan - Growth,2025-09-04,34.1973
Parag Parikh ELSS Tax Saver Fund,147481,Parag Parikh ELSS Tax Saver Fund - Direct Plan - Growth,2025-09-05,34.1328
Parag Parikh ELSS Tax Saver Fund,147481,Parag Parikh ELSS Tax Saver Fund - Direct Plan - Growth,2025-09-08,34.2468
Parag Parikh ELSS Tax Saver Fund,147481,Parag Parikh ELSS Tax Saver Fund - Direct Plan - Growth,2025-09-09,34.5281
Parag Parikh ELSS Tax Saver Fund,147481,Parag Parikh ELSS Tax Saver Fund - Direct Plan - Growth,2025-09-10,34.6642
Parag Parikh ELSS Tax Saver Fund,147481,Parag Parikh ELSS Tax Saver Fund - Direct Plan - Growth,2025-09-11,34.6747
Parag Parikh ELSS Tax Saver Fund,147481,Parag Parikh ELSS Tax Saver Fund - Direct Plan - Growth,2025-09-12,34.8144
Parag Parikh ELSS Tax Saver Fund,147481,Parag Parikh ELSS Tax Saver Fund - Direct Plan - Growth,2025-09-15,34.7563
Parag Parikh ELSS Tax Saver Fund,147481,Parag Parikh ELSS Tax Saver Fund - Direct Plan - Growth,2025-09-16,35.0453
Parag Parikh ELSS Tax Saver Fund,147481,Parag Parikh ELSS Tax Saver Fund - Direct Plan - Growth,2025-09-17,35.1485
Parag Parikh ELSS Tax Saver Fund,147481,Parag Parikh ELSS Tax Saver Fund - Direct Plan - Growth,2025-09-18,35.1308
Parag Parikh ELSS Tax Saver Fund,147481,Parag Parikh ELSS Tax Saver Fund - Direct Plan - Growth,2025-09-19,34.9701
Parag Parikh ELSS Tax Saver Fund,147481,Parag Parikh ELSS Tax Saver Fund - Direct Plan - Growth,2025-09-22,34.8795
Parag Parikh ELSS Tax Saver Fund,147481,Parag Parikh ELSS Tax Saver Fund - Direct Plan - Growth,2025-09-23,34.829
Parag Parikh ELSS Tax Saver Fund,147481,Parag Parikh ELSS Tax Saver Fund - Direct Plan - Growth,2025-09-24,34.7862
Parag Parikh ELSS Tax Saver Fund,147481,Parag Parikh ELSS Tax Saver Fund - Direct Plan - Growth,2025-09-25,34.4804
Parag Parikh ELSS Tax Saver Fund,147481,Parag Parikh ELSS Tax Saver Fund - Direct Plan - Growth,2025-09-26,34.1522
Parag Parikh ELSS Tax Saver Fund,147481,Parag Parikh ELSS Tax Saver Fund - Direct Plan - Growth,2025-09-30,33.8707
Parag Parikh ELSS Tax Saver Fund,147481,Parag Parikh ELSS Tax Saver Fund - Direct Plan - Growth,2025-10-01,33.9828
Parag Parikh ELSS Tax Saver Fund,147481,Parag Parikh ELSS Tax Saver Fund - Direct Plan - Growth,2025-10-03,34.0401
Parag Parikh ELSS Tax Saver Fund,147481,Parag Parikh ELSS Tax Saver Fund - Direct Plan - Growth,2025-10-06,34.1355
Parag Parikh ELSS Tax Saver Fund,147481,Parag Parikh ELSS Tax Saver Fund - Direct Plan - Growth,2025-10-07,34.2525
Parag Parikh ELSS Tax Saver Fund,147481,Parag Parikh ELSS Tax Saver Fund - Direct Plan - Growth,2025-10-08,34.2064
Parag Parikh ELSS Tax Saver Fund,147481,Parag Parikh ELSS Tax Saver Fund - Direct Plan - Growth,2025-10-09,34.264
Parag Parikh ELSS Tax Saver Fund,147481,Parag Parikh ELSS Tax Saver Fund - Direct Plan - Growth,2025-10-10,34.47
Parag Parikh ELSS Tax Saver Fund,147481,Parag Parikh ELSS Tax Saver Fund - Direct Plan - Growth,2025-10-13,34.4683
Parag Parikh ELSS Tax Saver Fund,147481,Parag Parikh ELSS Tax Saver Fund - Direct Plan - Growth,2025-10-14,34.3484
Parag Parikh ELSS Tax Saver Fund,147481,Parag Parikh ELSS Tax Saver Fund - Direct Plan - Growth,2025-10-15,34.4778
Parag Parikh ELSS Tax Saver Fund,147481,Parag Parikh ELSS Tax Saver Fund - Direct Plan - Growth,2025-10-16,34.822
Parag Parikh ELSS Tax Saver Fund,147481,Parag Parikh ELSS Tax Saver Fund - Direct Plan - Growth,2025-10-17,34.9273
Parag Parikh ELSS Tax Saver Fund,147481,Parag Parikh ELSS Tax Saver Fund - Direct Plan - Growth,2025-10-20,34.9996
Parag Parikh ELSS Tax Saver Fund,147481,Parag Parikh ELSS Tax Saver Fund - Direct Plan - Growth,2025-10-23,35.2178
Parag Parikh ELSS Tax Saver Fund,147481,Parag Parikh ELSS Tax Saver Fund - Direct Plan - Growth,2025-10-24,35.0531
Parag Parikh ELSS Tax Saver Fund,147481,Parag Parikh ELSS Tax Saver Fund - Direct Plan - Growth,2025-10-27,35.1556
Parag Parikh ELSS Tax Saver Fund,147481,Parag Parikh ELSS Tax Saver Fund - Direct Plan - Growth,2025-10-28,34.9704
Parag Parikh ELSS Tax Saver Fund,147481,Parag Parikh ELSS Tax Saver Fund - Direct Plan - Growth,2025-10-29,35.0247
Parag Parikh ELSS Tax Saver Fund,147481,Parag Parikh ELSS Tax Saver Fund - Direct Plan - Growth,2025-10-30,34.7902
Parag Parikh ELSS Tax Saver Fund,147481,Parag Parikh ELSS Tax Saver Fund - Direct Plan - Growth,2025-10-31,34.4335
Parag Parikh ELSS Tax Saver Fund,147481,Parag Parikh ELSS Tax Saver Fund - Direct Plan - Growth,2025-11-03,34.3779
Parag Parikh ELSS Tax Saver Fund,147481,Parag Parikh ELSS Tax Saver Fund - Direct Plan - Growth,2025-11-04,34.1449
Parag Parikh ELSS Tax Saver Fund,147481,Parag Parikh ELSS Tax Saver Fund - Direct Plan - Growth,2025-11-06,34.2818
Parag Parikh ELSS Tax Saver Fund,147481,Parag Parikh ELSS Tax Saver Fund - Direct Plan - Growth,2025-11-07,34.1619
Parag Parikh ELSS Tax Saver Fund,147481,Parag Parikh ELSS Tax Saver Fund - Direct Plan - Growth,2025-11-10,34.3756
Parag Parikh ELSS Tax Saver Fund,147481,Parag Parikh ELSS Tax Saver Fund - Direct Plan - Growth,2025-11-11,34.3782
Parag Parikh ELSS Tax Saver Fund,147481,Parag Parikh ELSS Tax Saver Fund - Direct Plan - Growth,2025-11-12,34.4581
Parag Parikh ELSS Tax Saver Fund,147481,Parag Parikh ELSS Tax Saver Fund - Direct Plan - Growth,2025-11-13,34.4178
Parag Parikh ELSS Tax Saver Fund,147481,Parag Parikh ELSS Tax Saver Fund - Direct Plan - Growth,2025-11-14,34.5902
Parag Parikh ELSS Tax Saver Fund,147481,Parag Parikh ELSS Tax Saver Fund - Direct Plan - Growth,2025-11-17,34.7682
Parag Parikh ELSS Tax Saver Fund,147481,Parag Parikh ELSS Tax Saver Fund - Direct Plan - Growth,2025-11-18,34.5407
Parag Parikh ELSS Tax Saver Fund,147481,Parag Parikh ELSS Tax Saver Fund - Direct Plan - Growth,2025-11-19,34.6533
Parag Parikh ELSS Tax Saver Fund,147481,Parag Parikh ELSS Tax Saver Fund - Direct Plan - Growth,2025-11-20,34.7636
Parag Parikh ELSS Tax Saver Fund,147481,Parag Parikh ELSS Tax Saver Fund - Direct Plan - Growth,2025-11-21,34.5859
Parag Parikh ELSS Tax Saver Fund,147481,Parag Parikh ELSS Tax Saver Fund - Direct Plan - Growth,2025-11-24,34.4014
Parag Parikh ELSS Tax Saver Fund,147481,Parag Parikh ELSS Tax Saver Fund - Direct Plan - Growth,2025-11-25,34.2486
Parag Parikh ELSS Tax Saver Fund,147481,Parag Parikh ELSS Tax Saver Fund - Direct Plan - Growth,2025-11-26,34.6317
Parag Parikh ELSS Tax Saver Fund,147481,Parag Parikh ELSS Tax Saver Fund - Direct Plan - Growth,2025-11-27,34.5433
Parag Parikh ELSS Tax Saver Fund,147481,Parag Parikh ELSS Tax Saver Fund - Direct Plan - Growth,2025-11-28,34.5782
Parag Parikh ELSS Tax Saver Fund,147481,Parag Parikh ELSS Tax Saver Fund - Direct Plan - Growth,2025-12-01,34.5453
Parag Parikh ELSS Tax Saver Fund,147481,Parag Parikh ELSS Tax Saver Fund - Direct Plan - Growth,2025-12-02,34.3938
Parag Parikh ELSS Tax Saver Fund,147481,Parag Parikh ELSS Tax Saver Fund - Direct Plan - Growth,2025-12-03,34.4989
Parag Parikh ELSS Tax Saver Fund,147481,Parag Parikh ELSS Tax Saver Fund - Direct Plan - Growth,2025-12-04,34.5269
Parag Parikh ELSS Tax Saver Fund,147481,Parag Parikh ELSS Tax Saver Fund - Direct Plan - Growth,2025-12-05,34.6505
Parag Parikh ELSS Tax Saver Fund,147481,Parag Parikh ELSS Tax Saver Fund - Direct Plan - Growth,2025-12-08,34.3821
Parag Parikh ELSS Tax Saver Fund,147481,Parag Parikh ELSS Tax Saver Fund - Direct Plan - Growth,2025-12-09,34.2926
Parag Parikh ELSS Tax Saver Fund,147481,Parag Parikh ELSS Tax Saver Fund - Direct Plan - Growth,2025-12-10,34.2889
Parag Parikh ELSS Tax Saver Fund,147481,Parag Parikh ELSS Tax Saver Fund - Direct Plan - Growth,2025-12-11,34.3904
Parag Parikh ELSS Tax Saver Fund,147481,Parag Parikh ELSS Tax Saver Fund - Direct Plan - Growth,2025-12-12,34.5009
Parag Parikh ELSS Tax Saver Fund,147481,Parag Parikh ELSS Tax Saver Fund - Direct Plan - Growth,2025-12-15,34.4598
Parag Parikh ELSS Tax Saver Fund,147481,Parag Parikh ELSS Tax Saver Fund - Direct Plan - Growth,2025-12-16,34.2964
Parag Parikh ELSS Tax Saver Fund,147481,Parag Parikh ELSS Tax Saver Fund - Direct Plan - Growth,2025-12-17,34.2783
Parag Parikh ELSS Tax Saver Fund,147481,Parag Parikh ELSS Tax Saver Fund - Direct Plan - Growth,2025-12-18,34.2433
Parag Parikh ELSS Tax Saver Fund,147481,Parag Parikh ELSS Tax Saver Fund - Direct Plan - Growth,2025-12-19,34.37
Parag Parikh ELSS Tax Saver Fund,147481,Parag Parikh ELSS Tax Saver Fund - Direct Plan - Growth,2025-12-22,34.6282
Parag Parikh ELSS Tax Saver Fund,147481,Parag Parikh ELSS Tax Saver Fund - Direct Plan - Growth,2025-12-23,34.7105
Parag Parikh ELSS Tax Saver Fund,147481,Parag Parikh ELSS Tax Saver Fund - Direct Plan - Growth,2025-12-24,34.6658
Parag Parikh ELSS Tax Saver Fund,147481,Parag Parikh ELSS Tax Saver Fund - Direct Plan - Growth,2025-12-26,34.5132
Parag Parikh ELSS Tax Saver Fund,147481,Parag Parikh ELSS Tax Saver Fund - Direct Plan - Growth,2025-12-29,34.393
Parag Parikh ELSS Tax Saver Fund,147481,Parag Parikh ELSS Tax Saver Fund - Direct Plan - Growth,2025-12-30,34.2969
Parag Parikh ELSS Tax Saver Fund,147481,Parag Parikh ELSS Tax Saver Fund - Direct Plan - Growth,2025-12-31,34.5479
Parag Parikh ELSS Tax Saver Fund,147481,Parag Parikh ELSS Tax Saver Fund - Direct Plan - Growth,2026-01-01,34.4831
Parag Parikh ELSS Tax Saver Fund,147481,Parag Parikh ELSS Tax Saver Fund - Direct Plan - Growth,2026-01-02,34.6769
Parag Parikh ELSS Tax Saver Fund,147481,Parag Parikh ELSS Tax Saver Fund - Direct Plan - Growth,2026-01-05,34.5801
Parag Parikh ELSS Tax Saver Fund,147481,Parag Parikh ELSS Tax Saver Fund - Direct Plan - Growth,2026-01-06,34.5505
Parag Parikh ELSS Tax Saver Fund,147481,Parag Parikh ELSS Tax Saver Fund - Direct Plan - Growth,2026-01-07,34.4827
Parag Parikh ELSS Tax Saver Fund,147481,Parag Parikh ELSS Tax Saver Fund - Direct Plan - Growth,2026-01-08,34.2196
Parag Parikh ELSS Tax Saver Fund,147481,Parag Parikh ELSS Tax Saver Fund - Direct Plan - Growth,2026-01-09,33.8878
Parag Parikh ELSS Tax Saver Fund,147481,Parag Parikh ELSS Tax Saver Fund - Direct Plan - Growth,2026-01-12,33.8651
Parag Parikh ELSS Tax Saver Fund,147481,Parag Parikh ELSS Tax Saver Fund - Direct Plan - Growth,2026-01-13,33.9626
Parag Parikh ELSS Tax Saver Fund,147481,Parag Parikh ELSS Tax Saver Fund - Direct Plan - Growth,2026-01-14,33.9349
Parag Parikh ELSS Tax Saver Fund,147481,Parag Parikh ELSS Tax Saver Fund - Direct Plan - Growth,2026-01-16,33.8995
Parag Parikh ELSS Tax Saver Fund,147481,Parag Parikh ELSS Tax Saver Fund - Direct Plan - Growth,2026-01-19,33.8298
Parag Parikh ELSS Tax Saver Fund,147481,Parag Parikh ELSS Tax Saver Fund - Direct Plan - Growth,2026-01-20,33.3552
Parag Parikh ELSS Tax Saver Fund,147481,Parag Parikh ELSS Tax Saver Fund - Direct Plan - Growth,2026-01-21,33.2895
Parag Parikh ELSS Tax Saver Fund,147481,Parag Parikh ELSS Tax Saver Fund - Direct Plan - Growth,2026-01-22,33.4778
Parag Parikh ELSS Tax Saver Fund,147481,Parag Parikh ELSS Tax Saver Fund - Direct Plan - Growth,2026-01-23,33.1844
Parag Parikh ELSS Tax Saver Fund,147481,Parag Parikh ELSS Tax Saver Fund - Direct Plan - Growth,2026-01-27,33.1766
Parag Parikh ELSS Tax Saver Fund,147481,Parag Parikh ELSS Tax Saver Fund - Direct Plan - Growth,2026-01-28,33.4669
Parag Parikh ELSS Tax Saver Fund,147481,Parag Parikh ELSS Tax Saver Fund - Direct Plan - Growth,2026-01-29,33.4628
Parag Parikh ELSS Tax Saver Fund,147481,Parag Parikh ELSS Tax Saver Fund - Direct Plan - Growth,2026-01-30,33.3777
Parag Parikh ELSS Tax Saver Fund,147481,Parag Parikh ELSS Tax Saver Fund - Direct Plan - Growth,2026-02-02,33.196
Parag Parikh ELSS Tax Saver Fund,147481,Parag Parikh ELSS Tax Saver Fund - Direct Plan - Growth,2026-02-03,33.8011
Parag Parikh ELSS Tax Saver Fund,147481,Parag Parikh ELSS Tax Saver Fund - Direct Plan - Growth,2026-02-04,33.7702
Parag Parikh ELSS Tax Saver Fund,147481,Parag Parikh ELSS Tax Saver Fund - Direct Plan - Growth,2026-02-05,33.6531
Parag Parikh ELSS Tax Saver Fund,147481,Parag Parikh ELSS Tax Saver Fund - Direct Plan - Growth,2026-02-06,33.8254
Parag Parikh ELSS Tax Saver Fund,147481,Parag Parikh ELSS Tax Saver Fund - Direct Plan - Growth,2026-02-09,33.9706
Parag Parikh ELSS Tax Saver Fund,147481,Parag Parikh ELSS Tax Saver Fund - Direct Plan - Growth,2026-02-10,34.0257
Parag Parikh ELSS Tax Saver Fund,147481,Parag Parikh ELSS Tax Saver Fund - Direct Plan - Growth,2026-02-11,33.9189
Parag Parikh ELSS Tax Saver Fund,147481,Parag Parikh ELSS Tax Saver Fund - Direct Plan - Growth,2026-02-12,33.5236
Parag Parikh ELSS Tax Saver Fund,147481,Parag Parikh ELSS Tax Saver Fund - Direct Plan - Growth,2026-02-13,33.1772
Parag Parikh ELSS Tax Saver Fund,147481,Parag Parikh ELSS Tax Saver Fund - Direct Plan - Growth,2026-02-16,33.549
Parag Parikh ELSS Tax Saver Fund,147481,Parag Parikh ELSS Tax Saver Fund - Direct Plan - Growth,2026-02-17,33.6698
Parag Parikh ELSS Tax Saver Fund,147481,Parag Parikh ELSS Tax Saver Fund - Direct Plan - Growth,2026-02-18,33.7585
Parag Parikh ELSS Tax Saver Fund,147481,Parag Parikh ELSS Tax Saver Fund - Direct Plan - Growth,2026-02-19,33.3479
Parag Parikh ELSS Tax Saver Fund,147481,Parag Parikh ELSS Tax Saver Fund - Direct Plan - Growth,2026-02-20,33.3596
Parag Parikh ELSS Tax Saver Fund,147481,Parag Parikh ELSS Tax Saver Fund - Direct Plan - Growth,2026-02-23,33.5951
Parag Parikh ELSS Tax Saver Fund,147481,Parag Parikh ELSS Tax Saver Fund - Direct Plan - Growth,2026-02-24,33.2663
Parag Parikh ELSS Tax Saver Fund,147481,Parag Parikh ELSS Tax Saver Fund - Direct Plan - Growth,2026-02-25,33.3288
Parag Parikh ELSS Tax Saver Fund,147481,Parag Parikh ELSS Tax Saver Fund - Direct Plan - Growth,2026-02-26,33.2759
Parag Parikh ELSS Tax Saver Fund,147481,Parag Parikh ELSS Tax Saver Fund - Direct Plan - Growth,2026-02-27,32.9181
Parag Parikh ELSS Tax Saver Fund,147481,Parag Parikh ELSS Tax Saver Fund - Direct Plan - Growth,2026-03-02,32.6491
Parag Parikh ELSS Tax Saver Fund,147481,Parag Parikh ELSS Tax Saver Fund - Direct Plan - Growth,2026-03-04,32.3909
Parag Parikh ELSS Tax Saver Fund,147481,Parag Parikh ELSS Tax Saver Fund - Direct Plan - Growth,2026-03-05,32.6762
Parag Parikh ELSS Tax Saver Fund,147481,Parag Parikh ELSS Tax Saver Fund - Direct Plan - Growth,2026-03-06,32.3651
Parag Parikh ELSS Tax Saver Fund,147481,Parag Parikh ELSS Tax Saver Fund - Direct Plan - Growth,2026-03-09,31.8464
Parag Parikh ELSS Tax Saver Fund,147481,Parag Parikh ELSS Tax Saver Fund - Direct Plan - Growth,2026-03-10,32.1497
Parag Parikh ELSS Tax Saver Fund,147481,Parag Parikh ELSS Tax Saver Fund - Direct Plan - Growth,2026-03-11,31.8667
Parag Parikh ELSS Tax Saver Fund,147481,Parag Parikh ELSS Tax Saver Fund - Direct Plan - Growth,2026-03-12,31.7644
Parag Parikh ELSS Tax Saver Fund,147481,Parag Parikh ELSS Tax Saver Fund - Direct Plan - Growth,2026-03-13,31.2624
Parag Parikh ELSS Tax Saver Fund,147481,Parag Parikh ELSS Tax Saver Fund - Direct Plan - Growth,2026-03-16,31.3738
Parag Parikh ELSS Tax Saver Fund,147481,Parag Parikh ELSS Tax Saver Fund - Direct Plan - Growth,2026-03-17,31.475
Parag Parikh ELSS Tax Saver Fund,147481,Parag Parikh ELSS Tax Saver Fund - Direct Plan - Growth,2026-03-18,31.7261
Parag Parikh ELSS Tax Saver Fund,147481,Parag Parikh ELSS Tax Saver Fund - Direct Plan - Growth,2026-03-19,30.998
Parag Parikh ELSS Tax Saver Fund,147481,Parag Parikh ELSS Tax Saver Fund - Direct Plan - Growth,2026-03-20,31.119
Parag Parikh ELSS Tax Saver Fund,147481,Parag Parikh ELSS Tax Saver Fund - Direct Plan - Growth,2026-03-23,30.4485
Parag Parikh ELSS Tax Saver Fund,147481,Parag Parikh ELSS Tax Saver Fund - Direct Plan - Growth,2026-03-24,30.7516
Parag Parikh ELSS Tax Saver Fund,147481,Parag Parikh ELSS Tax Saver Fund - Direct Plan - Growth,2026-03-25,31.1026
Parag Parikh ELSS Tax Saver Fund,147481,Parag Parikh ELSS Tax Saver Fund - Direct Plan - Growth,2026-03-27,30.662
Parag Parikh ELSS Tax Saver Fund,147481,Parag Parikh ELSS Tax Saver Fund - Direct Plan - Growth,2026-03-30,30.025
Parag Parikh ELSS Tax Saver Fund,147481,Parag Parikh ELSS Tax Saver Fund - Direct Plan - Growth,2026-03-31,30.0248
Parag Parikh ELSS Tax Saver Fund,147481,Parag Parikh ELSS Tax Saver Fund - Direct Plan - Growth,2026-04-01,30.364
Parag Parikh ELSS Tax Saver Fund,147481,Parag Parikh ELSS Tax Saver Fund - Direct Plan - Growth,2026-04-02,30.5526
Parag Parikh ELSS Tax Saver Fund,147481,Parag Parikh ELSS Tax Saver Fund - Direct Plan - Growth,2026-04-06,31.014
Parag Parikh ELSS Tax Saver Fund,147481,Parag Parikh ELSS Tax Saver Fund - Direct Plan - Growth,2026-04-07,31.319
Parag Parikh ELSS Tax Saver Fund,147481,Parag Parikh ELSS Tax Saver Fund - Direct Plan - Growth,2026-04-08,32.141
Parag Parikh ELSS Tax Saver Fund,147481,Parag Parikh ELSS Tax Saver Fund - Direct Plan - Growth,2026-04-09,32.0292
Parag Parikh ELSS Tax Saver Fund,147481,Parag Parikh ELSS Tax Saver Fund - Direct Plan - Growth,2026-04-10,32.2234
Parag Parikh ELSS Tax Saver Fund,147481,Parag Parikh ELSS Tax Saver Fund - Direct Plan - Growth,2026-04-13,32.009
Parag Parikh ELSS Tax Saver Fund,147481,Parag Parikh ELSS Tax Saver Fund - Direct Plan - Growth,2026-04-15,32.3624
Parag Parikh ELSS Tax Saver Fund,147481,Parag Parikh ELSS Tax Saver Fund - Direct Plan - Growth,2026-04-16,32.3445
Parag Parikh ELSS Tax Saver Fund,147481,Parag Parikh ELSS Tax Saver Fund - Direct Plan - Growth,2026-04-17,32.574
Parag Parikh ELSS Tax Saver Fund,147481,Parag Parikh ELSS Tax Saver Fund - Direct Plan - Growth,2026-04-20,32.4803
Parag Parikh ELSS Tax Saver Fund,147481,Parag Parikh ELSS Tax Saver Fund - Direct Plan - Growth,2026-04-21,32.6602
Parag Parikh ELSS Tax Saver Fund,147481,Parag Parikh ELSS Tax Saver Fund - Direct Plan - Growth,2026-04-22,32.3471
Parag Parikh ELSS Tax Saver Fund,147481,Parag Parikh ELSS Tax Saver Fund - Direct Plan - Growth,2026-04-23,32.1297
Parag Parikh ELSS Tax Saver Fund,147481,Parag Parikh ELSS Tax Saver Fund - Direct Plan - Growth,2026-04-24,31.7454
Parag Parikh ELSS Tax Saver Fund,147481,Parag Parikh ELSS Tax Saver Fund - Direct Plan - Growth,2026-04-27,31.9622
Parag Parikh ELSS Tax Saver Fund,147481,Parag Parikh ELSS Tax Saver Fund - Direct Plan - Growth,2026-04-28,31.7973
Parag Parikh ELSS Tax Saver Fund,147481,Parag Parikh ELSS Tax Saver Fund - Direct Plan - Growth,2026-04-29,32.0182
Parag Parikh ELSS Tax Saver Fund,147481,Parag Parikh ELSS Tax Saver Fund - Direct Plan - Growth,2026-04-30,31.9251
Parag Parikh ELSS Tax Saver Fund,147481,Parag Parikh ELSS Tax Saver Fund - Direct Plan - Growth,2026-05-04,31.9393
Parag Parikh ELSS Tax Saver Fund,147481,Parag Parikh ELSS Tax Saver Fund - Direct Plan - Growth,2026-05-05,31.8677
Parag Parikh ELSS Tax Saver Fund,147481,Parag Parikh ELSS Tax Saver Fund - Direct Plan - Growth,2026-05-06,32.2189
Parag Parikh ELSS Tax Saver Fund,147481,Parag Parikh ELSS Tax Saver Fund - Direct Plan - Growth,2026-05-07,32.1832
Parag Parikh ELSS Tax Saver Fund,147481,Parag Parikh ELSS Tax Saver Fund - Direct Plan - Growth,2026-05-08,32.0407
Parag Parikh ELSS Tax Saver Fund,147481,Parag Parikh ELSS Tax Saver Fund - Direct Plan - Growth,2026-05-11,31.7436
Parag Parikh ELSS Tax Saver Fund,147481,Parag Parikh ELSS Tax Saver Fund - Direct Plan - Growth,2026-05-12,31.2163
Parag Parikh ELSS Tax Saver Fund,147481,Parag Parikh ELSS Tax Saver Fund - Direct Plan - Growth,2026-05-13,31.1519
Parag Parikh ELSS Tax Saver Fund,147481,Parag Parikh ELSS Tax Saver Fund - Direct Plan - Growth,2026-05-14,31.4016
Parag Parikh ELSS Tax Saver Fund,147481,Parag Parikh ELSS Tax Saver Fund - Direct Plan - Growth,2026-05-15,31.5264
Parag Parikh ELSS Tax Saver Fund,147481,Parag Parikh ELSS Tax Saver Fund - Direct Plan - Growth,2026-05-18,31.4568
Parag Parikh ELSS Tax Saver Fund,147481,Parag Parikh ELSS Tax Saver Fund - Direct Plan - Growth,2026-05-19,31.4885
Parag Parikh ELSS Tax Saver Fund,147481,Parag Parikh ELSS Tax Saver Fund - Direct Plan - Growth,2026-05-20,31.5286
Parag Parikh ELSS Tax Saver Fund,147481,Parag Parikh ELSS Tax Saver Fund - Direct Plan - Growth,2026-05-21,31.5128
Parag Parikh ELSS Tax Saver Fund,147481,Parag Parikh ELSS Tax Saver Fund - Direct Plan - Growth,2026-05-22,31.4621
Parag Parikh ELSS Tax Saver Fund,147481,Parag Parikh ELSS Tax Saver Fund - Direct Plan - Growth,2026-05-25,31.8921
Parag Parikh ELSS Tax Saver Fund,147481,Parag Parikh ELSS Tax Saver Fund - Direct Plan - Growth,2026-05-26,31.8729
Parag Parikh ELSS Tax Saver Fund,147481,Parag Parikh ELSS Tax Saver Fund - Direct Plan - Growth,2026-05-27,31.8354
Parag Parikh ELSS Tax Saver Fund,147481,Parag Parikh ELSS Tax Saver Fund - Direct Plan - Growth,2026-05-29,31.416
Parag Parikh ELSS Tax Saver Fund,147481,Parag Parikh ELSS Tax Saver Fund - Direct Plan - Growth,2026-06-01,31.337
Parag Parikh ELSS Tax Saver Fund,147481,Parag Parikh ELSS Tax Saver Fund - Direct Plan - Growth,2026-06-02,31.526
Parag Parikh ELSS Tax Saver Fund,147481,Parag Parikh ELSS Tax Saver Fund - Direct Plan - Growth,2026-06-03,31.3409
Parag Parikh ELSS Tax Saver Fund,147481,Parag Parikh ELSS Tax Saver Fund - Direct Plan - Growth,2026-06-04,31.3359
Parag Parikh ELSS Tax Saver Fund,147481,Parag Parikh ELSS Tax Saver Fund - Direct Plan - Growth,2026-06-05,31.2805
Parag Parikh ELSS Tax Saver Fund,147481,Parag Parikh ELSS Tax Saver Fund - Direct Plan - Growth,2026-06-08,31.0332
Parag Parikh ELSS Tax Saver Fund,147481,Parag Parikh ELSS Tax Saver Fund - Direct Plan - Growth,2026-06-09,31.1638
Parag Parikh ELSS Tax Saver Fund,147481,Parag Parikh ELSS Tax Saver Fund - Direct Plan - Growth,2026-06-10,31.0834
Parag Parikh ELSS Tax Saver Fund,147481,Parag Parikh ELSS Tax Saver Fund - Direct Plan - Growth,2026-06-11,30.9339
Parag Parikh ELSS Tax Saver Fund,147481,Parag Parikh ELSS Tax Saver Fund - Direct Plan - Growth,2026-06-12,31.368
Parag Parikh ELSS Tax Saver Fund,147481,Parag Parikh ELSS Tax Saver Fund - Direct Plan - Growth,2026-06-15,31.6075
Parag Parikh ELSS Tax Saver Fund,147481,Parag Parikh ELSS Tax Saver Fund - Direct Plan - Growth,2026-06-16,31.7868
Parag Parikh ELSS Tax Saver Fund,147481,Parag Parikh ELSS Tax Saver Fund - Direct Plan - Growth,2026-06-17,31.8262
Parag Parikh ELSS Tax Saver Fund,147481,Parag Parikh ELSS Tax Saver Fund - Direct Plan - Growth,2026-06-18,31.8789
Parag Parikh ELSS Tax Saver Fund,147481,Parag Parikh ELSS Tax Saver Fund - Direct Plan - Growth,2026-06-19,31.7629
Parag Parikh ELSS Tax Saver Fund,147481,Parag Parikh ELSS Tax Saver Fund - Direct Plan - Growth,2026-06-22,31.9364
Parag Parikh ELSS Tax Saver Fund,147481,Parag Parikh ELSS Tax Saver Fund - Direct Plan - Growth,2026-06-23,31.705
Parag Parikh ELSS Tax Saver Fund,147481,Parag Parikh ELSS Tax Saver Fund - Direct Plan - Growth,2026-06-24,31.8442
Parag Parikh ELSS Tax Saver Fund,147481,Parag Parikh ELSS Tax Saver Fund - Direct Plan - Growth,2026-06-25,31.8062
Parag Parikh ELSS Tax Saver Fund,147481,Parag Parikh ELSS Tax Saver Fund - Direct Plan - Growth,2026-06-29,31.8099
Parag Parikh ELSS Tax Saver Fund,147481,Parag Parikh ELSS Tax Saver Fund - Direct Plan - Growth,2026-06-30,31.743
Parag Parikh ELSS Tax Saver Fund,147481,Parag Parikh ELSS Tax Saver Fund - Direct Plan - Growth,2026-07-01,31.8429
Parag Parikh ELSS Tax Saver Fund,147481,Parag Parikh ELSS Tax Saver Fund - Direct Plan - Growth,2026-07-02,32.1291
Parag Parikh ELSS Tax Saver Fund,147481,Parag Parikh ELSS Tax Saver Fund - Direct Plan - Growth,2026-07-03,32.2972
Parag Parikh ELSS Tax Saver Fund,147481,Parag Parikh ELSS Tax Saver Fund - Direct Plan - Growth,2026-07-06,32.2693
Parag Parikh ELSS Tax Saver Fund,147481,Parag Parikh ELSS Tax Saver Fund - Direct Plan - Growth,2026-07-07,32.2835
Parag Parikh ELSS Tax Saver Fund,147481,Parag Parikh ELSS Tax Saver Fund - Direct Plan - Growth,2026-07-08,31.696
Parag Parikh ELSS Tax Saver Fund,147481,Parag Parikh ELSS Tax Saver Fund - Direct Plan - Growth,2026-07-09,31.8332
Parag Parikh ELSS Tax Saver Fund,147481,Parag Parikh ELSS Tax Saver Fund - Direct Plan - Growth,2026-07-10,32.048
Parag Parikh ELSS Tax Saver Fund,147481,Parag Parikh ELSS Tax Saver Fund - Direct Plan - Growth,2026-07-13,32.2501
Parag Parikh ELSS Tax Saver Fund,147481,Parag Parikh ELSS Tax Saver Fund - Direct Plan - Growth,2026-07-14,31.9853
Parag Parikh ELSS Tax Saver Fund,147481,Parag Parikh ELSS Tax Saver Fund - Direct Plan - Growth,2026-07-15,31.956
Parag Parikh ELSS Tax Saver Fund,147481,Parag Parikh ELSS Tax Saver Fund - Direct Plan - Growth,2026-07-16,31.9823
Parag Parikh ELSS Tax Saver Fund,147481,Parag Parikh ELSS Tax Saver Fund - Direct Plan - Growth,2026-07-17,32.2142
Parag Parikh ELSS Tax Saver Fund,147481,Parag Parikh ELSS Tax Saver Fund - Direct Plan - Growth,2026-07-20,32.0532
Parag Parikh ELSS Tax Saver Fund,147481,Parag Parikh ELSS Tax Saver Fund - Direct Plan - Growth,2026-07-21,32.0005
Parag Parikh ELSS Tax Saver Fund,147481,Parag Parikh ELSS Tax Saver Fund - Direct Plan - Growth,2026-07-22,31.844
Parag Parikh ELSS Tax Saver Fund,147481,Parag Parikh ELSS Tax Saver Fund - Direct Plan - Growth,2026-07-23,31.7647
Parag Parikh ELSS Tax Saver Fund,147481,Parag Parikh ELSS Tax Saver Fund - Direct Plan - Growth,2026-07-24,31.779
Parag Parikh ELSS Tax Saver Fund,147481,Parag Parikh ELSS Tax Saver Fund - Direct Plan - Growth,2026-07-27,32.0156
Parag Parikh ELSS Tax Saver Fund,147481,Parag Parikh ELSS Tax Saver Fund - Direct Plan - Growth,2026-07-28,31.9163
Parag Parikh ELSS Tax Saver Fund,147481,Parag Parikh ELSS Tax Saver Fund - Direct Plan - Growth,2026-07-29,32.2126
Parag Parikh ELSS Tax Saver Fund,147481,Parag Parikh ELSS Tax Saver Fund - Direct Plan - Growth,2026-07-30,32.1874
Parag Parikh ELSS Tax Saver Fund,147481,Parag Parikh ELSS Tax Saver Fund - Direct Plan - Growth,2026-07-31,32.3078
Parag Parikh ELSS Tax Saver Fund,147481,Parag Parikh ELSS Tax Saver Fund - Direct Plan - Growth,2026-08-03,32.8632
Parag Parikh ELSS Tax Saver Fund,147481,Parag Parikh ELSS Tax Saver Fund - Direct Plan - Growth,2026-08-04,32.7257
Parag Parikh ELSS Tax Saver Fund,147481,Parag Parikh ELSS Tax Saver Fund - Direct Plan - Growth,2026-08-05,32.6455
Parag Parikh ELSS Tax Saver Fund,147481,Parag Parikh ELSS Tax Saver Fund - Direct Plan - Growth,2026-08-06,32.4693
Parag Parikh ELSS Tax Saver Fund,147481,Parag Parikh ELSS Tax Saver Fund - Direct Plan - Growth,2026-08-07,32.4829
Parag Parikh ELSS Tax Saver Fund,147481,Parag Parikh ELSS Tax Saver Fund - Direct Plan - Growth,2026-08-10,32.4791
Parag Parikh ELSS Tax Saver Fund,147481,Parag Parikh ELSS Tax Saver Fund - Direct Plan - Growth,2026-08-11,32.4034
Parag Parikh ELSS Tax Saver Fund,147481,Parag Parikh ELSS Tax Saver Fund - Direct Plan - Growth,2026-08-12,32.3007
Parag Parikh ELSS Tax Saver Fund,147481,Parag Parikh ELSS Tax Saver Fund - Direct Plan - Growth,2026-08-13,32.2755
Parag Parikh ELSS Tax Saver Fund,147481,Parag Parikh ELSS Tax Saver Fund - Direct Plan - Growth,2026-08-14,32.2275
Parag Parikh ELSS Tax Saver Fund,147481,Parag Parikh ELSS Tax Saver Fund - Direct Plan - Growth,2026-08-17,32.0237
Parag Parikh ELSS Tax Saver Fund,147481,Parag Parikh ELSS Tax Saver Fund - Direct Plan - Growth,2026-08-18,31.8034
Parag Parikh ELSS Tax Saver Fund,147481,Parag Parikh ELSS Tax Saver Fund - Direct Plan - Growth,2026-08-19,31.7143
Parag Parikh ELSS Tax Saver Fund,147481,Parag Parikh ELSS Tax Saver Fund - Direct Plan - Growth,2026-08-20,31.8913
Parag Parikh ELSS Tax Saver Fund,147481,Parag Parikh ELSS Tax Saver Fund - Direct Plan - Growth,2026-08-21,31.8689
Parag Parikh ELSS Tax Saver Fund,147481,Parag Parikh ELSS Tax Saver Fund - Direct Plan - Growth,2026-08-24,31.8404
Parag Parikh ELSS Tax Saver Fund,147481,Parag Parikh ELSS Tax Saver Fund - Direct Plan - Growth,2026-08-25,31.9334
Parag Parikh ELSS Tax Saver Fund,147481,Parag Parikh ELSS Tax Saver Fund - Direct Plan - Growth,2026-08-26,31.9651
Parag Parikh ELSS Tax Saver Fund,147481,Parag Parikh ELSS Tax Saver Fund - Direct Plan - Growth,2026-08-27,31.8123
Parag Parikh ELSS Tax Saver Fund,147481,Parag Parikh ELSS Tax Saver Fund - Direct Plan - Growth,2026-08-28,31.9577
Parag Parikh ELSS Tax Saver Fund,147481,Parag Parikh ELSS Tax Saver Fund - Direct Plan - Growth,2026-08-31,31.8495
Parag Parikh ELSS Tax Saver Fund,147481,Parag Parikh ELSS Tax Saver Fund - Direct Plan - Growth,2026-09-01,31.9133
Parag Parikh ELSS Tax Saver Fund,147481,Parag Parikh ELSS Tax Saver Fund - Direct Plan - Growth,2026-09-02,31.7428
Parag Parikh ELSS Tax Saver Fund,147481,Parag Parikh ELSS Tax Saver Fund - Direct Plan - Growth,2026-09-03,31.7538
Parag Parikh ELSS Tax Saver Fund,147481,Parag Parikh ELSS Tax Saver Fund - Direct Plan - Growth,2026-09-04,31.7075
Parag Parikh ELSS Tax Saver Fund,147481,Parag Parikh ELSS Tax Saver Fund - Direct Plan - Growth,2026-09-07,31.6173
Parag Parikh ELSS Tax Saver Fund,147481,Parag Parikh ELSS Tax Saver Fund - Direct Plan - Growth,2026-09-08,31.4941
Parag Parikh ELSS Tax Saver Fund,147481,Parag Parikh ELSS Tax Saver Fund - Direct Plan - Growth,2026-09-09,31.2409
Parag Parikh ELSS Tax Saver Fund,147481,Parag Parikh ELSS Tax Saver Fund - Direct Plan - Growth,2026-09-10,31.2462
Parag Parikh ELSS Tax Saver Fund,147481,Parag Parikh ELSS Tax Saver Fund - Direct Plan - Growth,2026-09-11,31.1997
Parag Parikh ELSS Tax Saver Fund,147481,Parag Parikh ELSS Tax Saver Fund - Direct Plan - Growth,2026-09-15,31.0064
Parag Parikh ELSS Tax Saver Fund,147481,Parag Parikh ELSS Tax Saver Fund - Direct Plan - Growth,2026-09-16,31.1268
Parag Parikh ELSS Tax Saver Fund,147481,Parag Parikh ELSS Tax Saver Fund - Direct Plan - Growth,2026-09-17,31.1736
Parag Parikh ELSS Tax Saver Fund,147481,Parag Parikh ELSS Tax Saver Fund - Direct Plan - Growth,2026-09-18,31.3729
Parag Parikh ELSS Tax Saver Fund,147481,Parag Parikh ELSS Tax Saver Fund - Direct Plan - Growth,2026-09-21,31.4541
Parag Parikh ELSS Tax Saver Fund,147481,Parag Parikh ELSS Tax Saver Fund - Direct Plan - Growth,2026-09-22,31.3698
Parag Parikh ELSS Tax Saver Fund,147481,Parag Parikh ELSS Tax Saver Fund - Direct Plan - Growth,2026-09-23,31.4382
Parag Parikh ELSS Tax Saver Fund,147481,Parag Parikh ELSS Tax Saver Fund - Direct Plan - Growth,2026-09-24,31.0519
Parag Parikh ELSS Tax Saver Fund,147481,Parag Parikh ELSS Tax Saver Fund - Direct Plan - Growth,2026-09-25,31.168
Parag Parikh ELSS Tax Saver Fund,147481,Parag Parikh ELSS Tax Saver Fund - Direct Plan - Growth,2026-09-28,30.8099
Parag Parikh ELSS Tax Saver Fund,147481,Parag Parikh ELSS Tax Saver Fund - Direct Plan - Growth,2026-09-29,30.5992
Parag Parikh ELSS Tax Saver Fund,147481,Parag Parikh ELSS Tax Saver Fund - Direct Plan - Growth,2026-09-30,30.6601
Parag Parikh ELSS Tax Saver Fund,147481,Parag Parikh ELSS Tax Saver Fund - Direct Plan - Growth,2026-10-01,30.434
Parag Parikh Flexi Cap Fund,122639,Parag Parikh Flexi Cap Fund - Direct Plan - Growth,2025-01-01,87.9456
Parag Parikh Flexi Cap Fund,122639,Parag Parikh Flexi Cap Fund - Direct Plan - Growth,2025-01-02,89.0106
Parag Parikh Flexi Cap Fund,122639,Parag Parikh Flexi Cap Fund - Direct Plan - Growth,2025-01-03,88.499
Parag Parikh Flexi Cap Fund,122639,Parag Parikh Flexi Cap Fund - Direct Plan - Growth,2025-01-06,87.3465
Parag Parikh Flexi Cap Fund,122639,Parag Parikh Flexi Cap Fund - Direct Plan - Growth,2025-01-07,87.2939
Parag Parikh Flexi Cap Fund,122639,Parag Parikh Flexi Cap Fund - Direct Plan - Growth,2025-01-08,87.3422
Parag Parikh Flexi Cap Fund,122639,Parag Parikh Flexi Cap Fund - Direct Plan - Growth,2025-01-09,86.9907
Parag Parikh Flexi Cap Fund,122639,Parag Parikh Flexi Cap Fund - Direct Plan - Growth,2025-01-10,86.2777
Parag Parikh Flexi Cap Fund,122639,Parag Parikh Flexi Cap Fund - Direct Plan - Growth,2025-01-13,85.0944
Parag Parikh Flexi Cap Fund,122639,Parag Parikh Flexi Cap Fund - Direct Plan - Growth,2025-01-14,85.3784
Parag Parikh Flexi Cap Fund,122639,Parag Parikh Flexi Cap Fund - Direct Plan - Growth,2025-01-15,86.0188
Parag Parikh Flexi Cap Fund,122639,Parag Parikh Flexi Cap Fund - Direct Plan - Growth,2025-01-16,86.0419
Parag Parikh Flexi Cap Fund,122639,Parag Parikh Flexi Cap Fund - Direct Plan - Growth,2025-01-17,85.9236
Parag Parikh Flexi Cap Fund,122639,Parag Parikh Flexi Cap Fund - Direct Plan - Growth,2025-01-20,86.3561
Parag Parikh Flexi Cap Fund,122639,Parag Parikh Flexi Cap Fund - Direct Plan - Growth,2025-01-21,85.7245
Parag Parikh Flexi Cap Fund,122639,Parag Parikh Flexi Cap Fund - Direct Plan - Growth,2025-01-22,86.2997
Parag Parikh Flexi Cap Fund,122639,Parag Parikh Flexi Cap Fund - Direct Plan - Growth,2025-01-23,86.4111
Parag Parikh Flexi Cap Fund,122639,Parag Parikh Flexi Cap Fund - Direct Plan - Growth,2025-01-24,86.1202
Parag Parikh Flexi Cap Fund,122639,Parag Parikh Flexi Cap Fund - Direct Plan - Growth,2025-01-27,85.2707
Parag Parikh Flexi Cap Fund,122639,Parag Parikh Flexi Cap Fund - Direct Plan - Growth,2025-01-28,85.6737
Parag Parikh Flexi Cap Fund,122639,Parag Parikh Flexi Cap Fund - Direct Plan - Growth,2025-01-29,86.3242
Parag Parikh Flexi Cap Fund,122639,Parag Parikh Flexi Cap Fund - Direct Plan - Growth,2025-01-30,86.4548
Parag Parikh Flexi Cap Fund,122639,Parag Parikh Flexi Cap Fund - Direct Plan - Growth,2025-01-31,87.4349
Parag Parikh Flexi Cap Fund,122639,Parag Parikh Flexi Cap Fund - Direct Plan - Growth,2025-02-03,87.379
Parag Parikh Flexi Cap Fund,122639,Parag Parikh Flexi Cap Fund - Direct Plan - Growth,2025-02-04,87.9923
Parag Parikh Flexi Cap Fund,122639,Parag Parikh Flexi Cap Fund - Direct Plan - Growth,2025-02-05,87.7154
Parag Parikh Flexi Cap Fund,122639,Parag Parikh Flexi Cap Fund - Direct Plan - Growth,2025-02-06,87.7441
Parag Parikh Flexi Cap Fund,122639,Parag Parikh Flexi Cap Fund - Direct Plan - Growth,2025-02-07,87.236
Parag Parikh Flexi Cap Fund,122639,Parag Parikh Flexi Cap Fund - Direct Plan - Growth,2025-02-10,86.8683
Parag Parikh Flexi Cap Fund,122639,Parag Parikh Flexi Cap Fund - Direct Plan - Growth,2025-02-11,85.9313
Parag Parikh Flexi Cap Fund,122639,Parag Parikh Flexi Cap Fund - Direct Plan - Growth,2025-02-12,85.9582
Parag Parikh Flexi Cap Fund,122639,Parag Parikh Flexi Cap Fund - Direct Plan - Growth,2025-02-13,86.1979
Parag Parikh Flexi Cap Fund,122639,Parag Parikh Flexi Cap Fund - Direct Plan - Growth,2025-02-14,85.811
Parag Parikh Flexi Cap Fund,122639,Parag Parikh Flexi Cap Fund - Direct Plan - Growth,2025-02-17,85.972
Parag Parikh Flexi Cap Fund,122639,Parag Parikh Flexi Cap Fund - Direct Plan - Growth,2025-02-18,85.8927
Parag Parikh Flexi Cap Fund,122639,Parag Parikh Flexi Cap Fund - Direct Plan - Growth,2025-02-19,85.7517
Parag Parikh Flexi Cap Fund,122639,Parag Parikh Flexi Cap Fund - Direct Plan - Growth,2025-02-20,85.9271
Parag Parikh Flexi Cap Fund,122639,Parag Parikh Flexi Cap Fund - Direct Plan - Growth,2025-02-21,85.1573
Parag Parikh Flexi Cap Fund,122639,Parag Parikh Flexi Cap Fund - Direct Plan - Growth,2025-02-24,84.5628
Parag Parikh Flexi Cap Fund,122639,Parag Parikh Flexi Cap Fund - Direct Plan - Growth,2025-02-25,84.2928
Parag Parikh Flexi Cap Fund,122639,Parag Parikh Flexi Cap Fund - Direct Plan - Growth,2025-02-27,84.1972
Parag Parikh Flexi Cap Fund,122639,Parag Parikh Flexi Cap Fund - Direct Plan - Growth,2025-02-28,83.4913
Parag Parikh Flexi Cap Fund,122639,Parag Parikh Flexi Cap Fund - Direct Plan - Growth,2025-03-03,82.891
Parag Parikh Flexi Cap Fund,122639,Parag Parikh Flexi Cap Fund - Direct Plan - Growth,2025-03-04,82.6843
Parag Parikh Flexi Cap Fund,122639,Parag Parikh Flexi Cap Fund - Direct Plan - Growth,2025-03-05,83.7353
Parag Parikh Flexi Cap Fund,122639,Parag Parikh Flexi Cap Fund - Direct Plan - Growth,2025-03-06,83.8674
Parag Parikh Flexi Cap Fund,122639,Parag Parikh Flexi Cap Fund - Direct Plan - Growth,2025-03-07,83.8166
Parag Parikh Flexi Cap Fund,122639,Parag Parikh Flexi Cap Fund - Direct Plan - Growth,2025-03-10,83.337
Parag Parikh Flexi Cap Fund,122639,Parag Parikh Flexi Cap Fund - Direct Plan - Growth,2025-03-11,83.2603
Parag Parikh Flexi Cap Fund,122639,Parag Parikh Flexi Cap Fund - Direct Plan - Growth,2025-03-12,83.5579
Parag Parikh Flexi Cap Fund,122639,Parag Parikh Flexi Cap Fund - Direct Plan - Growth,2025-03-13,83.0488
Parag Parikh Flexi Cap Fund,122639,Parag Parikh Flexi Cap Fund - Direct Plan - Growth,2025-03-17,83.7786
Parag Parikh Flexi Cap Fund,122639,Parag Parikh Flexi Cap Fund - Direct Plan - Growth,2025-03-18,84.2963
Parag Parikh Flexi Cap Fund,122639,Parag Parikh Flexi Cap Fund - Direct Plan - Growth,2025-03-19,84.7678
Parag Parikh Flexi Cap Fund,122639,Parag Parikh Flexi Cap Fund - Direct Plan - Growth,2025-03-20,85.2293
Parag Parikh Flexi Cap Fund,122639,Parag Parikh Flexi Cap Fund - Direct Plan - Growth,2025-03-21,85.8483
Parag Parikh Flexi Cap Fund,122639,Parag Parikh Flexi Cap Fund - Direct Plan - Growth,2025-03-24,86.9302
Parag Parikh Flexi Cap Fund,122639,Parag Parikh Flexi Cap Fund - Direct Plan - Growth,2025-03-25,86.9378
Parag Parikh Flexi Cap Fund,122639,Parag Parikh Flexi Cap Fund - Direct Plan - Growth,2025-03-26,86.3858
Parag Parikh Flexi Cap Fund,122639,Parag Parikh Flexi Cap Fund - Direct Plan - Growth,2025-03-27,86.4471
Parag Parikh Flexi Cap Fund,122639,Parag Parikh Flexi Cap Fund - Direct Plan - Growth,2025-03-28,85.8371
Parag Parikh Flexi Cap Fund,122639,Parag Parikh Flexi Cap Fund - Direct Plan - Growth,2025-03-31,85.8434
Parag Parikh Flexi Cap Fund,122639,Parag Parikh Flexi Cap Fund - Direct Plan - Growth,2025-04-01,84.9643
Parag Parikh Flexi Cap Fund,122639,Parag Parikh Flexi Cap Fund - Direct Plan - Growth,2025-04-02,85.1159
Parag Parikh Flexi Cap Fund,122639,Parag Parikh Flexi Cap Fund - Direct Plan - Growth,2025-04-03,84.5849
Parag Parikh Flexi Cap Fund,122639,Parag Parikh Flexi Cap Fund - Direct Plan - Growth,2025-04-04,83.6171
Parag Parikh Flexi Cap Fund,122639,Parag Parikh Flexi Cap Fund - Direct Plan - Growth,2025-04-07,82.0594
Parag Parikh Flexi Cap Fund,122639,Parag Parikh Flexi Cap Fund - Direct Plan - Growth,2025-04-08,82.6208
Parag Parikh Flexi Cap Fund,122639,Parag Parikh Flexi Cap Fund - Direct Plan - Growth,2025-04-09,83.5909
Parag Parikh Flexi Cap Fund,122639,Parag Parikh Flexi Cap Fund - Direct Plan - Growth,2025-04-11,84.3987
Parag Parikh Flexi Cap Fund,122639,Parag Parikh Flexi Cap Fund - Direct Plan - Growth,2025-04-15,85.4091
Parag Parikh Flexi Cap Fund,122639,Parag Parikh Flexi Cap Fund - Direct Plan - Growth,2025-04-16,85.2456
Parag Parikh Flexi Cap Fund,122639,Parag Parikh Flexi Cap Fund - Direct Plan - Growth,2025-04-17,85.9851
Parag Parikh Flexi Cap Fund,122639,Parag Parikh Flexi Cap Fund - Direct Plan - Growth,2025-04-21,86.6029
Parag Parikh Flexi Cap Fund,122639,Parag Parikh Flexi Cap Fund - Direct Plan - Growth,2025-04-22,87.1201
Parag Parikh Flexi Cap Fund,122639,Parag Parikh Flexi Cap Fund - Direct Plan - Growth,2025-04-23,87.7517
Parag Parikh Flexi Cap Fund,122639,Parag Parikh Flexi Cap Fund - Direct Plan - Growth,2025-04-24,87.8632
Parag Parikh Flexi Cap Fund,122639,Parag Parikh Flexi Cap Fund - Direct Plan - Growth,2025-04-25,87.2934
Parag Parikh Flexi Cap Fund,122639,Parag Parikh Flexi Cap Fund - Direct Plan - Growth,2025-04-28,87.8113
Parag Parikh Flexi Cap Fund,122639,Parag Parikh Flexi Cap Fund - Direct Plan - Growth,2025-04-29,87.5196
Parag Parikh Flexi Cap Fund,122639,Parag Parikh Flexi Cap Fund - Direct Plan - Growth,2025-04-30,87.4119
Parag Parikh Flexi Cap Fund,122639,Parag Parikh Flexi Cap Fund - Direct Plan - Growth,2025-05-02,87.9847
Parag Parikh Flexi Cap Fund,122639,Parag Parikh Flexi Cap Fund - Direct Plan - Growth,2025-05-05,88.0615
Parag Parikh Flexi Cap Fund,122639,Parag Parikh Flexi Cap Fund - Direct Plan - Growth,2025-05-06,87.785
Parag Parikh Flexi Cap Fund,122639,Parag Parikh Flexi Cap Fund - Direct Plan - Growth,2025-05-07,88.0446
Parag Parikh Flexi Cap Fund,122639,Parag Parikh Flexi Cap Fund - Direct Plan - Growth,2025-05-08,87.831
Parag Parikh Flexi Cap Fund,122639,Parag Parikh Flexi Cap Fund - Direct Plan - Growth,2025-05-09,86.8646
Parag Parikh Flexi Cap Fund,122639,Parag Parikh Flexi Cap Fund - Direct Plan - Growth,2025-05-12,89.5367
Parag Parikh Flexi Cap Fund,122639,Parag Parikh Flexi Cap Fund - Direct Plan - Growth,2025-05-13,88.874
Parag Parikh Flexi Cap Fund,122639,Parag Parikh Flexi Cap Fund - Direct Plan - Growth,2025-05-14,89.2176
Parag Parikh Flexi Cap Fund,122639,Parag Parikh Flexi Cap Fund - Direct Plan - Growth,2025-05-15,89.996
Parag Parikh Flexi Cap Fund,122639,Parag Parikh Flexi Cap Fund - Direct Plan - Growth,2025-05-16,90.2896
Parag Parikh Flexi Cap Fund,122639,Parag Parikh Flexi Cap Fund - Direct Plan - Growth,2025-05-19,90.6981
Parag Parikh Flexi Cap Fund,122639,Parag Parikh Flexi Cap Fund - Direct Plan - Growth,2025-05-20,89.6835
Parag Parikh Flexi Cap Fund,122639,Parag Parikh Flexi Cap Fund - Direct Plan - Growth,2025-05-21,89.8657
Parag Parikh Flexi Cap Fund,122639,Parag Parikh Flexi Cap Fund - Direct Plan - Growth,2025-05-22,89.4835
Parag Parikh Flexi Cap Fund,122639,Parag Parikh Flexi Cap Fund - Direct Plan - Growth,2025-05-23,90.0638
Parag Parikh Flexi Cap Fund,122639,Parag Parikh Flexi Cap Fund - Direct Plan - Growth,2025-05-26,90.3489
Parag Parikh Flexi Cap Fund,122639,Parag Parikh Flexi Cap Fund - Direct Plan - Growth,2025-05-27,90.1335
Parag Parikh Flexi Cap Fund,122639,Parag Parikh Flexi Cap Fund - Direct Plan - Growth,2025-05-28,89.8449
Parag Parikh Flexi Cap Fund,122639,Parag Parikh Flexi Cap Fund - Direct Plan - Growth,2025-05-29,89.9176
Parag Parikh Flexi Cap Fund,122639,Parag Parikh Flexi Cap Fund - Direct Plan - Growth,2025-05-30,89.7841
Parag Parikh Flexi Cap Fund,122639,Parag Parikh Flexi Cap Fund - Direct Plan - Growth,2025-06-02,89.9823
Parag Parikh Flexi Cap Fund,122639,Parag Parikh Flexi Cap Fund - Direct Plan - Growth,2025-06-03,89.4701
Parag Parikh Flexi Cap Fund,122639,Parag Parikh Flexi Cap Fund - Direct Plan - Growth,2025-06-04,89.8926
Parag Parikh Flexi Cap Fund,122639,Parag Parikh Flexi Cap Fund - Direct Plan - Growth,2025-06-05,90.2215
Parag Parikh Flexi Cap Fund,122639,Parag Parikh Flexi Cap Fund - Direct Plan - Growth,2025-06-06,91.4036
Parag Parikh Flexi Cap Fund,122639,Parag Parikh Flexi Cap Fund - Direct Plan - Growth,2025-06-09,91.8572
Parag Parikh Flexi Cap Fund,122639,Parag Parikh Flexi Cap Fund - Direct Plan - Growth,2025-06-10,91.9973
Parag Parikh Flexi Cap Fund,122639,Parag Parikh Flexi Cap Fund - Direct Plan - Growth,2025-06-11,91.8034
Parag Parikh Flexi Cap Fund,122639,Parag Parikh Flexi Cap Fund - Direct Plan - Growth,2025-06-12,91.0594
Parag Parikh Flexi Cap Fund,122639,Parag Parikh Flexi Cap Fund - Direct Plan - Growth,2025-06-13,90.6725
Parag Parikh Flexi Cap Fund,122639,Parag Parikh Flexi Cap Fund - Direct Plan - Growth,2025-06-16,91.2972
Parag Parikh Flexi Cap Fund,122639,Parag Parikh Flexi Cap Fund - Direct Plan - Growth,2025-06-17,91.0434
Parag Parikh Flexi Cap Fund,122639,Parag Parikh Flexi Cap Fund - Direct Plan - Growth,2025-06-18,90.9944
Parag Parikh Flexi Cap Fund,122639,Parag Parikh Flexi Cap Fund - Direct Plan - Growth,2025-06-19,90.8546
Parag Parikh Flexi Cap Fund,122639,Parag Parikh Flexi Cap Fund - Direct Plan - Growth,2025-06-20,91.4295
Parag Parikh Flexi Cap Fund,122639,Parag Parikh Flexi Cap Fund - Direct Plan - Growth,2025-06-23,91.2091
Parag Parikh Flexi Cap Fund,122639,Parag Parikh Flexi Cap Fund - Direct Plan - Growth,2025-06-24,91.4839
Parag Parikh Flexi Cap Fund,122639,Parag Parikh Flexi Cap Fund - Direct Plan - Growth,2025-06-25,91.9789
Parag Parikh Flexi Cap Fund,122639,Parag Parikh Flexi Cap Fund - Direct Plan - Growth,2025-06-26,92.6711
Parag Parikh Flexi Cap Fund,122639,Parag Parikh Flexi Cap Fund - Direct Plan - Growth,2025-06-27,93.166
Parag Parikh Flexi Cap Fund,122639,Parag Parikh Flexi Cap Fund - Direct Plan - Growth,2025-06-30,92.903
Parag Parikh Flexi Cap Fund,122639,Parag Parikh Flexi Cap Fund - Direct Plan - Growth,2025-07-01,92.6786
Parag Parikh Flexi Cap Fund,122639,Parag Parikh Flexi Cap Fund - Direct Plan - Growth,2025-07-02,92.5393
Parag Parikh Flexi Cap Fund,122639,Parag Parikh Flexi Cap Fund - Direct Plan - Growth,2025-07-03,92.4553
Parag Parikh Flexi Cap Fund,122639,Parag Parikh Flexi Cap Fund - Direct Plan - Growth,2025-07-04,92.612
Parag Parikh Flexi Cap Fund,122639,Parag Parikh Flexi Cap Fund - Direct Plan - Growth,2025-07-07,92.6536
Parag Parikh Flexi Cap Fund,122639,Parag Parikh Flexi Cap Fund - Direct Plan - Growth,2025-07-08,92.484
Parag Parikh Flexi Cap Fund,122639,Parag Parikh Flexi Cap Fund - Direct Plan - Growth,2025-07-09,92.744
Parag Parikh Flexi Cap Fund,122639,Parag Parikh Flexi Cap Fund - Direct Plan - Growth,2025-07-10,92.4306
Parag Parikh Flexi Cap Fund,122639,Parag Parikh Flexi Cap Fund - Direct Plan - Growth,2025-07-11,92.1021
Parag Parikh Flexi Cap Fund,122639,Parag Parikh Flexi Cap Fund - Direct Plan - Growth,2025-07-14,92.3162
Parag Parikh Flexi Cap Fund,122639,Parag Parikh Flexi Cap Fund - Direct Plan - Growth,2025-07-15,92.4187
Parag Parikh Flexi Cap Fund,122639,Parag Parikh Flexi Cap Fund - Direct Plan - Growth,2025-07-16,92.4085
Parag Parikh Flexi Cap Fund,122639,Parag Parikh Flexi Cap Fund - Direct Plan - Growth,2025-07-17,92.3343
Parag Parikh Flexi Cap Fund,122639,Parag Parikh Flexi Cap Fund - Direct Plan - Growth,2025-07-18,91.9428
Parag Parikh Flexi Cap Fund,122639,Parag Parikh Flexi Cap Fund - Direct Plan - Growth,2025-07-21,92.5354
Parag Parikh Flexi Cap Fund,122639,Parag Parikh Flexi Cap Fund - Direct Plan - Growth,2025-07-22,92.4745
Parag Parikh Flexi Cap Fund,122639,Parag Parikh Flexi Cap Fund - Direct Plan - Growth,2025-07-23,92.8129
Parag Parikh Flexi Cap Fund,122639,Parag Parikh Flexi Cap Fund - Direct Plan - Growth,2025-07-24,92.5071
Parag Parikh Flexi Cap Fund,122639,Parag Parikh Flexi Cap Fund - Direct Plan - Growth,2025-07-25,92.0559
Parag Parikh Flexi Cap Fund,122639,Parag Parikh Flexi Cap Fund - Direct Plan - Growth,2025-07-28,91.5833
Parag Parikh Flexi Cap Fund,122639,Parag Parikh Flexi Cap Fund - Direct Plan - Growth,2025-07-29,91.8916
Parag Parikh Flexi Cap Fund,122639,Parag Parikh Flexi Cap Fund - Direct Plan - Growth,2025-07-30,91.9115
Parag Parikh Flexi Cap Fund,122639,Parag Parikh Flexi Cap Fund - Direct Plan - Growth,2025-07-31,92.1602
Parag Parikh Flexi Cap Fund,122639,Parag Parikh Flexi Cap Fund - Direct Plan - Growth,2025-08-01,91.3302
Parag Parikh Flexi Cap Fund,122639,Parag Parikh Flexi Cap Fund - Direct Plan - Growth,2025-08-04,91.6751
Parag Parikh Flexi Cap Fund,122639,Parag Parikh Flexi Cap Fund - Direct Plan - Growth,2025-08-05,91.5126
Parag Parikh Flexi Cap Fund,122639,Parag Parikh Flexi Cap Fund - Direct Plan - Growth,2025-08-06,91.368
Parag Parikh Flexi Cap Fund,122639,Parag Parikh Flexi Cap Fund - Direct Plan - Growth,2025-08-07,91.5052
Parag Parikh Flexi Cap Fund,122639,Parag Parikh Flexi Cap Fund - Direct Plan - Growth,2025-08-08,91.1563
Parag Parikh Flexi Cap Fund,122639,Parag Parikh Flexi Cap Fund - Direct Plan - Growth,2025-08-11,91.6273
Parag Parikh Flexi Cap Fund,122639,Parag Parikh Flexi Cap Fund - Direct Plan - Growth,2025-08-12,91.7307
Parag Parikh Flexi Cap Fund,122639,Parag Parikh Flexi Cap Fund - Direct Plan - Growth,2025-08-13,92.015
Parag Parikh Flexi Cap Fund,122639,Parag Parikh Flexi Cap Fund - Direct Plan - Growth,2025-08-14,92.2337
Parag Parikh Flexi Cap Fund,122639,Parag Parikh Flexi Cap Fund - Direct Plan - Growth,2025-08-18,92.9416
Parag Parikh Flexi Cap Fund,122639,Parag Parikh Flexi Cap Fund - Direct Plan - Growth,2025-08-19,92.4207
Parag Parikh Flexi Cap Fund,122639,Parag Parikh Flexi Cap Fund - Direct Plan - Growth,2025-08-20,92.3051
Parag Parikh Flexi Cap Fund,122639,Parag Parikh Flexi Cap Fund - Direct Plan - Growth,2025-08-21,92.3056
Parag Parikh Flexi Cap Fund,122639,Parag Parikh Flexi Cap Fund - Direct Plan - Growth,2025-08-22,92.1604
Parag Parikh Flexi Cap Fund,122639,Parag Parikh Flexi Cap Fund - Direct Plan - Growth,2025-08-25,92.2707
Parag Parikh Flexi Cap Fund,122639,Parag Parikh Flexi Cap Fund - Direct Plan - Growth,2025-08-26,91.5915
Parag Parikh Flexi Cap Fund,122639,Parag Parikh Flexi Cap Fund - Direct Plan - Growth,2025-08-28,91.1734
Parag Parikh Flexi Cap Fund,122639,Parag Parikh Flexi Cap Fund - Direct Plan - Growth,2025-08-29,91.0737
Parag Parikh Flexi Cap Fund,122639,Parag Parikh Flexi Cap Fund - Direct Plan - Growth,2025-09-01,91.5207
Parag Parikh Flexi Cap Fund,122639,Parag Parikh Flexi Cap Fund - Direct Plan - Growth,2025-09-02,91.3431
Parag Parikh Flexi Cap Fund,122639,Parag Parikh Flexi Cap Fund - Direct Plan - Growth,2025-09-03,92.1782
Parag Parikh Flexi Cap Fund,122639,Parag Parikh Flexi Cap Fund - Direct Plan - Growth,2025-09-04,92.4828
Parag Parikh Flexi Cap Fund,122639,Parag Parikh Flexi Cap Fund - Direct Plan - Growth,2025-09-05,92.513
Parag Parikh Flexi Cap Fund,122639,Parag Parikh Flexi Cap Fund - Direct Plan - Growth,2025-09-08,92.529
Parag Parikh Flexi Cap Fund,122639,Parag Parikh Flexi Cap Fund - Direct Plan - Growth,2025-09-09,93.063
Parag Parikh Flexi Cap Fund,122639,Parag Parikh Flexi Cap Fund - Direct Plan - Growth,2025-09-10,93.0835
Parag Parikh Flexi Cap Fund,122639,Parag Parikh Flexi Cap Fund - Direct Plan - Growth,2025-09-11,93.3468
Parag Parikh Flexi Cap Fund,122639,Parag Parikh Flexi Cap Fund - Direct Plan - Growth,2025-09-12,93.617
Parag Parikh Flexi Cap Fund,122639,Parag Parikh Flexi Cap Fund - Direct Plan - Growth,2025-09-15,93.7345
Parag Parikh Flexi Cap Fund,122639,Parag Parikh Flexi Cap Fund - Direct Plan - Growth,2025-09-16,94.3948
Parag Parikh Flexi Cap Fund,122639,Parag Parikh Flexi Cap Fund - Direct Plan - Growth,2025-09-17,94.5223
Parag Parikh Flexi Cap Fund,122639,Parag Parikh Flexi Cap Fund - Direct Plan - Growth,2025-09-18,94.7084
Parag Parikh Flexi Cap Fund,122639,Parag Parikh Flexi Cap Fund - Direct Plan - Growth,2025-09-19,94.376
Parag Parikh Flexi Cap Fund,122639,Parag Parikh Flexi Cap Fund - Direct Plan - Growth,2025-09-22,94.0936
Parag Parikh Flexi Cap Fund,122639,Parag Parikh Flexi Cap Fund - Direct Plan - Growth,2025-09-23,94.0097
Parag Parikh Flexi Cap Fund,122639,Parag Parikh Flexi Cap Fund - Direct Plan - Growth,2025-09-24,93.797
Parag Parikh Flexi Cap Fund,122639,Parag Parikh Flexi Cap Fund - Direct Plan - Growth,2025-09-25,93.1763
Parag Parikh Flexi Cap Fund,122639,Parag Parikh Flexi Cap Fund - Direct Plan - Growth,2025-09-26,92.6094
Parag Parikh Flexi Cap Fund,122639,Parag Parikh Flexi Cap Fund - Direct Plan - Growth,2025-09-30,92.0956
Parag Parikh Flexi Cap Fund,122639,Parag Parikh Flexi Cap Fund - Direct Plan - Growth,2025-10-01,92.4742
Parag Parikh Flexi Cap Fund,122639,Parag Parikh Flexi Cap Fund - Direct Plan - Growth,2025-10-03,92.6404
Parag Parikh Flexi Cap Fund,122639,Parag Parikh Flexi Cap Fund - Direct Plan - Growth,2025-10-06,93.0072
Parag Parikh Flexi Cap Fund,122639,Parag Parikh Flexi Cap Fund - Direct Plan - Growth,2025-10-07,93.1978
Parag Parikh Flexi Cap Fund,122639,Parag Parikh Flexi Cap Fund - Direct Plan - Growth,2025-10-08,93.0302
Parag Parikh Flexi Cap Fund,122639,Parag Parikh Flexi Cap Fund - Direct Plan - Growth,2025-10-09,93.1663
Parag Parikh Flexi Cap Fund,122639,Parag Parikh Flexi Cap Fund - Direct Plan - Growth,2025-10-10,93.2169
Parag Parikh Flexi Cap Fund,122639,Parag Parikh Flexi Cap Fund - Direct Plan - Growth,2025-10-13,93.3867
Parag Parikh Flexi Cap Fund,122639,Parag Parikh Flexi Cap Fund - Direct Plan - Growth,2025-10-14,93.2029
Parag Parikh Flexi Cap Fund,122639,Parag Parikh Flexi Cap Fund - Direct Plan - Growth,2025-10-15,93.4655
Parag Parikh Flexi Cap Fund,122639,Parag Parikh Flexi Cap Fund - Direct Plan - Growth,2025-10-16,94.126
Parag Parikh Flexi Cap Fund,122639,Parag Parikh Flexi Cap Fund - Direct Plan - Growth,2025-10-17,94.5532
Parag Parikh Flexi Cap Fund,122639,Parag Parikh Flexi Cap Fund - Direct Plan - Growth,2025-10-20,94.8065
Parag Parikh Flexi Cap Fund,122639,Parag Parikh Flexi Cap Fund - Direct Plan - Growth,2025-10-23,95.3362
Parag Parikh Flexi Cap Fund,122639,Parag Parikh Flexi Cap Fund - Direct Plan - Growth,2025-10-24,95.2526
Parag Parikh Flexi Cap Fund,122639,Parag Parikh Flexi Cap Fund - Direct Plan - Growth,2025-10-27,95.7732
Parag Parikh Flexi Cap Fund,122639,Parag Parikh Flexi Cap Fund - Direct Plan - Growth,2025-10-28,95.5012
Parag Parikh Flexi Cap Fund,122639,Parag Parikh Flexi Cap Fund - Direct Plan - Growth,2025-10-29,95.6324
Parag Parikh Flexi Cap Fund,122639,Parag Parikh Flexi Cap Fund - Direct Plan - Growth,2025-10-30,94.8012
Parag Parikh Flexi Cap Fund,122639,Parag Parikh Flexi Cap Fund - Direct Plan - Growth,2025-10-31,94.4065
Parag Parikh Flexi Cap Fund,122639,Parag Parikh Flexi Cap Fund - Direct Plan - Growth,2025-11-03,94.4577
Parag Parikh Flexi Cap Fund,122639,Parag Parikh Flexi Cap Fund - Direct Plan - Growth,2025-11-04,93.8341
Parag Parikh Flexi Cap Fund,122639,Parag Parikh Flexi Cap Fund - Direct Plan - Growth,2025-11-06,93.779
Parag Parikh Flexi Cap Fund,122639,Parag Parikh Flexi Cap Fund - Direct Plan - Growth,2025-11-07,93.5428
Parag Parikh Flexi Cap Fund,122639,Parag Parikh Flexi Cap Fund - Direct Plan - Growth,2025-11-10,94.0765
Parag Parikh Flexi Cap Fund,122639,Parag Parikh Flexi Cap Fund - Direct Plan - Growth,2025-11-11,94.1798
Parag Parikh Flexi Cap Fund,122639,Parag Parikh Flexi Cap Fund - Direct Plan - Growth,2025-11-12,94.1707
Parag Parikh Flexi Cap Fund,122639,Parag Parikh Flexi Cap Fund - Direct Plan - Growth,2025-11-13,94.0058
Parag Parikh Flexi Cap Fund,122639,Parag Parikh Flexi Cap Fund - Direct Plan - Growth,2025-11-14,94.2899
Parag Parikh Flexi Cap Fund,122639,Parag Parikh Flexi Cap Fund - Direct Plan - Growth,2025-11-17,94.5101
Parag Parikh Flexi Cap Fund,122639,Parag Parikh Flexi Cap Fund - Direct Plan - Growth,2025-11-18,94.0629
Parag Parikh Flexi Cap Fund,122639,Parag Parikh Flexi Cap Fund - Direct Plan - Growth,2025-11-19,94.3086
Parag Parikh Flexi Cap Fund,122639,Parag Parikh Flexi Cap Fund - Direct Plan - Growth,2025-11-20,94.418
Parag Parikh Flexi Cap Fund,122639,Parag Parikh Flexi Cap Fund - Direct Plan - Growth,2025-11-21,94.4109
Parag Parikh Flexi Cap Fund,122639,Parag Parikh Flexi Cap Fund - Direct Plan - Growth,2025-11-24,94.4233
Parag Parikh Flexi Cap Fund,122639,Parag Parikh Flexi Cap Fund - Direct Plan - Growth,2025-11-25,94.3884
Parag Parikh Flexi Cap Fund,122639,Parag Parikh Flexi Cap Fund - Direct Plan - Growth,2025-11-26,94.9954
Parag Parikh Flexi Cap Fund,122639,Parag Parikh Flexi Cap Fund - Direct Plan - Growth,2025-11-27,94.8564
Parag Parikh Flexi Cap Fund,122639,Parag Parikh Flexi Cap Fund - Direct Plan - Growth,2025-11-28,95.0019
Parag Parikh Flexi Cap Fund,122639,Parag Parikh Flexi Cap Fund - Direct Plan - Growth,2025-12-01,94.9398
Parag Parikh Flexi Cap Fund,122639,Parag Parikh Flexi Cap Fund - Direct Plan - Growth,2025-12-02,94.7524
Parag Parikh Flexi Cap Fund,122639,Parag Parikh Flexi Cap Fund - Direct Plan - Growth,2025-12-03,94.8473
Parag Parikh Flexi Cap Fund,122639,Parag Parikh Flexi Cap Fund - Direct Plan - Growth,2025-12-04,94.946
Parag Parikh Flexi Cap Fund,122639,Parag Parikh Flexi Cap Fund - Direct Plan - Growth,2025-12-05,95.3718
Parag Parikh Flexi Cap Fund,122639,Parag Parikh Flexi Cap Fund - Direct Plan - Growth,2025-12-08,94.8059
Parag Parikh Flexi Cap Fund,122639,Parag Parikh Flexi Cap Fund - Direct Plan - Growth,2025-12-09,94.5666
Parag Parikh Flexi Cap Fund,122639,Parag Parikh Flexi Cap Fund - Direct Plan - Growth,2025-12-10,94.5178
Parag Parikh Flexi Cap Fund,122639,Parag Parikh Flexi Cap Fund - Direct Plan - Growth,2025-12-11,94.735
Parag Parikh Flexi Cap Fund,122639,Parag Parikh Flexi Cap Fund - Direct Plan - Growth,2025-12-12,94.7577
Parag Parikh Flexi Cap Fund,122639,Parag Parikh Flexi Cap Fund - Direct Plan - Growth,2025-12-15,94.6742
Parag Parikh Flexi Cap Fund,122639,Parag Parikh Flexi Cap Fund - Direct Plan - Growth,2025-12-16,94.4339
Parag Parikh Flexi Cap Fund,122639,Parag Parikh Flexi Cap Fund - Direct Plan - Growth,2025-12-17,94.1026
Parag Parikh Flexi Cap Fund,122639,Parag Parikh Flexi Cap Fund - Direct Plan - Growth,2025-12-18,94.1703
Parag Parikh Flexi Cap Fund,122639,Parag Parikh Flexi Cap Fund - Direct Plan - Growth,2025-12-19,94.4162
Parag Parikh Flexi Cap Fund,122639,Parag Parikh Flexi Cap Fund - Direct Plan - Growth,2025-12-22,94.9471
Parag Parikh Flexi Cap Fund,122639,Parag Parikh Flexi Cap Fund - Direct Plan - Growth,2025-12-23,95.3305
Parag Parikh Flexi Cap Fund,122639,Parag Parikh Flexi Cap Fund - Direct Plan - Growth,2025-12-24,95.3441
Parag Parikh Flexi Cap Fund,122639,Parag Parikh Flexi Cap Fund - Direct Plan - Growth,2025-12-26,95.0482
Parag Parikh Flexi Cap Fund,122639,Parag Parikh Flexi Cap Fund - Direct Plan - Growth,2025-12-29,94.7304
Parag Parikh Flexi Cap Fund,122639,Parag Parikh Flexi Cap Fund - Direct Plan - Growth,2025-12-30,94.6116
Parag Parikh Flexi Cap Fund,122639,Parag Parikh Flexi Cap Fund - Direct Plan - Growth,2025-12-31,95.1709
Parag Parikh Flexi Cap Fund,122639,Parag Parikh Flexi Cap Fund - Direct Plan - Growth,2026-01-01,94.9335
Parag Parikh Flexi Cap Fund,122639,Parag Parikh Flexi Cap Fund - Direct Plan - Growth,2026-01-02,95.2985
Parag Parikh Flexi Cap Fund,122639,Parag Parikh Flexi Cap Fund - Direct Plan - Growth,2026-01-05,95.3229
Parag Parikh Flexi Cap Fund,122639,Parag Parikh Flexi Cap Fund - Direct Plan - Growth,2026-01-06,95.3244
Parag Parikh Flexi Cap Fund,122639,Parag Parikh Flexi Cap Fund - Direct Plan - Growth,2026-01-07,95.1942
Parag Parikh Flexi Cap Fund,122639,Parag Parikh Flexi Cap Fund - Direct Plan - Growth,2026-01-08,94.7123
Parag Parikh Flexi Cap Fund,122639,Parag Parikh Flexi Cap Fund - Direct Plan - Growth,2026-01-09,94.1439
Parag Parikh Flexi Cap Fund,122639,Parag Parikh Flexi Cap Fund - Direct Plan - Growth,2026-01-12,94.329
Parag Parikh Flexi Cap Fund,122639,Parag Parikh Flexi Cap Fund - Direct Plan - Growth,2026-01-13,94.1783
Parag Parikh Flexi Cap Fund,122639,Parag Parikh Flexi Cap Fund - Direct Plan - Growth,2026-01-14,93.8527
Parag Parikh Flexi Cap Fund,122639,Parag Parikh Flexi Cap Fund - Direct Plan - Growth,2026-01-16,93.8469
Parag Parikh Flexi Cap Fund,122639,Parag Parikh Flexi Cap Fund - Direct Plan - Growth,2026-01-19,93.8504
Parag Parikh Flexi Cap Fund,122639,Parag Parikh Flexi Cap Fund - Direct Plan - Growth,2026-01-20,92.76
Parag Parikh Flexi Cap Fund,122639,Parag Parikh Flexi Cap Fund - Direct Plan - Growth,2026-01-21,92.664
Parag Parikh Flexi Cap Fund,122639,Parag Parikh Flexi Cap Fund - Direct Plan - Growth,2026-01-22,93.3387
Parag Parikh Flexi Cap Fund,122639,Parag Parikh Flexi Cap Fund - Direct Plan - Growth,2026-01-23,92.9409
Parag Parikh Flexi Cap Fund,122639,Parag Parikh Flexi Cap Fund - Direct Plan - Growth,2026-01-27,93.1653
Parag Parikh Flexi Cap Fund,122639,Parag Parikh Flexi Cap Fund - Direct Plan - Growth,2026-01-28,93.7598
Parag Parikh Flexi Cap Fund,122639,Parag Parikh Flexi Cap Fund - Direct Plan - Growth,2026-01-29,93.9598
Parag Parikh Flexi Cap Fund,122639,Parag Parikh Flexi Cap Fund - Direct Plan - Growth,2026-01-30,93.5212
Parag Parikh Flexi Cap Fund,122639,Parag Parikh Flexi Cap Fund - Direct Plan - Growth,2026-02-02,93.1373
Parag Parikh Flexi Cap Fund,122639,Parag Parikh Flexi Cap Fund - Direct Plan - Growth,2026-02-03,94.1941
Parag Parikh Flexi Cap Fund,122639,Parag Parikh Flexi Cap Fund - Direct Plan - Growth,2026-02-04,94.0867
Parag Parikh Flexi Cap Fund,122639,Parag Parikh Flexi Cap Fund - Direct Plan - Growth,2026-02-05,93.5631
Parag Parikh Flexi Cap Fund,122639,Parag Parikh Flexi Cap Fund - Direct Plan - Growth,2026-02-06,93.7911
Parag Parikh Flexi Cap Fund,122639,Parag Parikh Flexi Cap Fund - Direct Plan - Growth,2026-02-09,94.1506
Parag Parikh Flexi Cap Fund,122639,Parag Parikh Flexi Cap Fund - Direct Plan - Growth,2026-02-10,94.1421
Parag Parikh Flexi Cap Fund,122639,Parag Parikh Flexi Cap Fund - Direct Plan - Growth,2026-02-11,93.8017
Parag Parikh Flexi Cap Fund,122639,Parag Parikh Flexi Cap Fund - Direct Plan - Growth,2026-02-12,93.0507
Parag Parikh Flexi Cap Fund,122639,Parag Parikh Flexi Cap Fund - Direct Plan - Growth,2026-02-13,92.0658
Parag Parikh Flexi Cap Fund,122639,Parag Parikh Flexi Cap Fund - Direct Plan - Growth,2026-02-16,92.9584
Parag Parikh Flexi Cap Fund,122639,Parag Parikh Flexi Cap Fund - Direct Plan - Growth,2026-02-17,93.1314
Parag Parikh Flexi Cap Fund,122639,Parag Parikh Flexi Cap Fund - Direct Plan - Growth,2026-02-18,93.4081
Parag Parikh Flexi Cap Fund,122639,Parag Parikh Flexi Cap Fund - Direct Plan - Growth,2026-02-19,92.5092
Parag Parikh Flexi Cap Fund,122639,Parag Parikh Flexi Cap Fund - Direct Plan - Growth,2026-02-20,92.9299
Parag Parikh Flexi Cap Fund,122639,Parag Parikh Flexi Cap Fund - Direct Plan - Growth,2026-02-23,93.2424
Parag Parikh Flexi Cap Fund,122639,Parag Parikh Flexi Cap Fund - Direct Plan - Growth,2026-02-24,92.6094
Parag Parikh Flexi Cap Fund,122639,Parag Parikh Flexi Cap Fund - Direct Plan - Growth,2026-02-25,93.0828
Parag Parikh Flexi Cap Fund,122639,Parag Parikh Flexi Cap Fund - Direct Plan - Growth,2026-02-26,92.7718
Parag Parikh Flexi Cap Fund,122639,Parag Parikh Flexi Cap Fund - Direct Plan - Growth,2026-02-27,91.9544
Parag Parikh Flexi Cap Fund,122639,Parag Parikh Flexi Cap Fund - Direct Plan - Growth,2026-03-02,91.422
Parag Parikh Flexi Cap Fund,122639,Parag Parikh Flexi Cap Fund - Direct Plan - Growth,2026-03-04,91.0398
Parag Parikh Flexi Cap Fund,122639,Parag Parikh Flexi Cap Fund - Direct Plan - Growth,2026-03-05,91.5897
Parag Parikh Flexi Cap Fund,122639,Parag Parikh Flexi Cap Fund - Direct Plan - Growth,2026-03-06,90.7461
Parag Parikh Flexi Cap Fund,122639,Parag Parikh Flexi Cap Fund - Direct Plan - Growth,2026-03-09,89.7713
Parag Parikh Flexi Cap Fund,122639,Parag Parikh Flexi Cap Fund - Direct Plan - Growth,2026-03-10,90.4288
Parag Parikh Flexi Cap Fund,122639,Parag Parikh Flexi Cap Fund - Direct Plan - Growth,2026-03-11,89.727
Parag Parikh Flexi Cap Fund,122639,Parag Parikh Flexi Cap Fund - Direct Plan - Growth,2026-03-12,89.2729
Parag Parikh Flexi Cap Fund,122639,Parag Parikh Flexi Cap Fund - Direct Plan - Growth,2026-03-13,88.1632
Parag Parikh Flexi Cap Fund,122639,Parag Parikh Flexi Cap Fund - Direct Plan - Growth,2026-03-16,88.7044
Parag Parikh Flexi Cap Fund,122639,Parag Parikh Flexi Cap Fund - Direct Plan - Growth,2026-03-17,89.0865
Parag Parikh Flexi Cap Fund,122639,Parag Parikh Flexi Cap Fund - Direct Plan - Growth,2026-03-18,89.3756
Parag Parikh Flexi Cap Fund,122639,Parag Parikh Flexi Cap Fund - Direct Plan - Growth,2026-03-19,87.7072
Parag Parikh Flexi Cap Fund,122639,Parag Parikh Flexi Cap Fund - Direct Plan - Growth,2026-03-20,87.7908
Parag Parikh Flexi Cap Fund,122639,Parag Parikh Flexi Cap Fund - Direct Plan - Growth,2026-03-23,86.5918
Parag Parikh Flexi Cap Fund,122639,Parag Parikh Flexi Cap Fund - Direct Plan - Growth,2026-03-24,87.0006
Parag Parikh Flexi Cap Fund,122639,Parag Parikh Flexi Cap Fund - Direct Plan - Growth,2026-03-25,87.841
Parag Parikh Flexi Cap Fund,122639,Parag Parikh Flexi Cap Fund - Direct Plan - Growth,2026-03-27,86.4452
Parag Parikh Flexi Cap Fund,122639,Parag Parikh Flexi Cap Fund - Direct Plan - Growth,2026-03-30,85.2599
Parag Parikh Flexi Cap Fund,122639,Parag Parikh Flexi Cap Fund - Direct Plan - Growth,2026-03-31,85.6779
Parag Parikh Flexi Cap Fund,122639,Parag Parikh Flexi Cap Fund - Direct Plan - Growth,2026-04-01,86.3439
Parag Parikh Flexi Cap Fund,122639,Parag Parikh Flexi Cap Fund - Direct Plan - Growth,2026-04-02,86.5155
Parag Parikh Flexi Cap Fund,122639,Parag Parikh Flexi Cap Fund - Direct Plan - Growth,2026-04-06,87.4905
Parag Parikh Flexi Cap Fund,122639,Parag Parikh Flexi Cap Fund - Direct Plan - Growth,2026-04-07,88.0544
Parag Parikh Flexi Cap Fund,122639,Parag Parikh Flexi Cap Fund - Direct Plan - Growth,2026-04-08,90.1325
Parag Parikh Flexi Cap Fund,122639,Parag Parikh Flexi Cap Fund - Direct Plan - Growth,2026-04-09,90.0737
Parag Parikh Flexi Cap Fund,122639,Parag Parikh Flexi Cap Fund - Direct Plan - Growth,2026-04-10,90.4425
Parag Parikh Flexi Cap Fund,122639,Parag Parikh Flexi Cap Fund - Direct Plan - Growth,2026-04-13,90.1521
Parag Parikh Flexi Cap Fund,122639,Parag Parikh Flexi Cap Fund - Direct Plan - Growth,2026-04-15,91.5729
Parag Parikh Flexi Cap Fund,122639,Parag Parikh Flexi Cap Fund - Direct Plan - Growth,2026-04-16,91.4449
Parag Parikh Flexi Cap Fund,122639,Parag Parikh Flexi Cap Fund - Direct Plan - Growth,2026-04-17,91.9852
Parag Parikh Flexi Cap Fund,122639,Parag Parikh Flexi Cap Fund - Direct Plan - Growth,2026-04-20,91.6716
Parag Parikh Flexi Cap Fund,122639,Parag Parikh Flexi Cap Fund - Direct Plan - Growth,2026-04-21,92.1913
Parag Parikh Flexi Cap Fund,122639,Parag Parikh Flexi Cap Fund - Direct Plan - Growth,2026-04-22,91.483
Parag Parikh Flexi Cap Fund,122639,Parag Parikh Flexi Cap Fund - Direct Plan - Growth,2026-04-23,91.0785
Parag Parikh Flexi Cap Fund,122639,Parag Parikh Flexi Cap Fund - Direct Plan - Growth,2026-04-24,90.56
Parag Parikh Flexi Cap Fund,122639,Parag Parikh Flexi Cap Fund - Direct Plan - Growth,2026-04-27,91.0418
Parag Parikh Flexi Cap Fund,122639,Parag Parikh Flexi Cap Fund - Direct Plan - Growth,2026-04-28,90.7264
Parag Parikh Flexi Cap Fund,122639,Parag Parikh Flexi Cap Fund - Direct Plan - Growth,2026-04-29,91.4026
Parag Parikh Flexi Cap Fund,122639,Parag Parikh Flexi Cap Fund - Direct Plan - Growth,2026-04-30,91.2902
Parag Parikh Flexi Cap Fund,122639,Parag Parikh Flexi Cap Fund - Direct Plan - Growth,2026-05-04,91.2571
Parag Parikh Flexi Cap Fund,122639,Parag Parikh Flexi Cap Fund - Direct Plan - Growth,2026-05-05,91.157
Parag Parikh Flexi Cap Fund,122639,Parag Parikh Flexi Cap Fund - Direct Plan - Growth,2026-05-06,91.9367
Parag Parikh Flexi Cap Fund,122639,Parag Parikh Flexi Cap Fund - Direct Plan - Growth,2026-05-07,91.8067
Parag Parikh Flexi Cap Fund,122639,Parag Parikh Flexi Cap Fund - Direct Plan - Growth,2026-05-08,91.5245
Parag Parikh Flexi Cap Fund,122639,Parag Parikh Flexi Cap Fund - Direct Plan - Growth,2026-05-11,90.8306
Parag Parikh Flexi Cap Fund,122639,Parag Parikh Flexi Cap Fund - Direct Plan - Growth,2026-05-12,89.6375
Parag Parikh Flexi Cap Fund,122639,Parag Parikh Flexi Cap Fund - Direct Plan - Growth,2026-05-13,89.7575
Parag Parikh Flexi Cap Fund,122639,Parag Parikh Flexi Cap Fund - Direct Plan - Growth,2026-05-14,90.3636
Parag Parikh Flexi Cap Fund,122639,Parag Parikh Flexi Cap Fund - Direct Plan - Growth,2026-05-15,90.6464
Parag Parikh Flexi Cap Fund,122639,Parag Parikh Flexi Cap Fund - Direct Plan - Growth,2026-05-18,90.6579
Parag Parikh Flexi Cap Fund,122639,Parag Parikh Flexi Cap Fund - Direct Plan - Growth,2026-05-19,90.5973
Parag Parikh Flexi Cap Fund,122639,Parag Parikh Flexi Cap Fund - Direct Plan - Growth,2026-05-20,90.7862
Parag Parikh Flexi Cap Fund,122639,Parag Parikh Flexi Cap Fund - Direct Plan - Growth,2026-05-21,90.614
Parag Parikh Flexi Cap Fund,122639,Parag Parikh Flexi Cap Fund - Direct Plan - Growth,2026-05-22,90.3927
Parag Parikh Flexi Cap Fund,122639,Parag Parikh Flexi Cap Fund - Direct Plan - Growth,2026-05-25,91.1502
Parag Parikh Flexi Cap Fund,122639,Parag Parikh Flexi Cap Fund - Direct Plan - Growth,2026-05-26,90.9189
Parag Parikh Flexi Cap Fund,122639,Parag Parikh Flexi Cap Fund - Direct Plan - Growth,2026-05-27,90.9863
Parag Parikh Flexi Cap Fund,122639,Parag Parikh Flexi Cap Fund - Direct Plan - Growth,2026-05-29,90.0589
Parag Parikh Flexi Cap Fund,122639,Parag Parikh Flexi Cap Fund - Direct Plan - Growth,2026-06-01,89.6775
Parag Parikh Flexi Cap Fund,122639,Parag Parikh Flexi Cap Fund - Direct Plan - Growth,2026-06-02,89.7887
Parag Parikh Flexi Cap Fund,122639,Parag Parikh Flexi Cap Fund - Direct Plan - Growth,2026-06-03,89.3389
Parag Parikh Flexi Cap Fund,122639,Parag Parikh Flexi Cap Fund - Direct Plan - Growth,2026-06-04,89.6595
Parag Parikh Flexi Cap Fund,122639,Parag Parikh Flexi Cap Fund - Direct Plan - Growth,2026-06-05,89.1488
Parag Parikh Flexi Cap Fund,122639,Parag Parikh Flexi Cap Fund - Direct Plan - Growth,2026-06-08,88.6324
Parag Parikh Flexi Cap Fund,122639,Parag Parikh Flexi Cap Fund - Direct Plan - Growth,2026-06-09,88.8675
Parag Parikh Flexi Cap Fund,122639,Parag Parikh Flexi Cap Fund - Direct Plan - Growth,2026-06-10,88.5447
Parag Parikh Flexi Cap Fund,122639,Parag Parikh Flexi Cap Fund - Direct Plan - Growth,2026-06-11,88.484
Parag Parikh Flexi Cap Fund,122639,Parag Parikh Flexi Cap Fund - Direct Plan - Growth,2026-06-12,89.2945
Parag Parikh Flexi Cap Fund,122639,Parag Parikh Flexi Cap Fund - Direct Plan - Growth,2026-06-15,90.043
Parag Parikh Flexi Cap Fund,122639,Parag Parikh Flexi Cap Fund - Direct Plan - Growth,2026-06-16,90.5605
Parag Parikh Flexi Cap Fund,122639,Parag Parikh Flexi Cap Fund - Direct Plan - Growth,2026-06-17,90.2928
Parag Parikh Flexi Cap Fund,122639,Parag Parikh Flexi Cap Fund - Direct Plan - Growth,2026-06-18,90.522
Parag Parikh Flexi Cap Fund,122639,Parag Parikh Flexi Cap Fund - Direct Plan - Growth,2026-06-19,90.1404
Parag Parikh Flexi Cap Fund,122639,Parag Parikh Flexi Cap Fund - Direct Plan - Growth,2026-06-22,90.0922
Parag Parikh Flexi Cap Fund,122639,Parag Parikh Flexi Cap Fund - Direct Plan - Growth,2026-06-23,89.5746
Parag Parikh Flexi Cap Fund,122639,Parag Parikh Flexi Cap Fund - Direct Plan - Growth,2026-06-24,89.933
Parag Parikh Flexi Cap Fund,122639,Parag Parikh Flexi Cap Fund - Direct Plan - Growth,2026-06-25,89.7127
Parag Parikh Flexi Cap Fund,122639,Parag Parikh Flexi Cap Fund - Direct Plan - Growth,2026-06-29,90.043
Parag Parikh Flexi Cap Fund,122639,Parag Parikh Flexi Cap Fund - Direct Plan - Growth,2026-06-30,89.839
Parag Parikh Flexi Cap Fund,122639,Parag Parikh Flexi Cap Fund - Direct Plan - Growth,2026-07-01,90.3012
Parag Parikh Flexi Cap Fund,122639,Parag Parikh Flexi Cap Fund - Direct Plan - Growth,2026-07-02,90.8648
Parag Parikh Flexi Cap Fund,122639,Parag Parikh Flexi Cap Fund - Direct Plan - Growth,2026-07-03,91.2957
Parag Parikh Flexi Cap Fund,122639,Parag Parikh Flexi Cap Fund - Direct Plan - Growth,2026-07-06,91.4093
Parag Parikh Flexi Cap Fund,122639,Parag Parikh Flexi Cap Fund - Direct Plan - Growth,2026-07-07,91.519
Parag Parikh Flexi Cap Fund,122639,Parag Parikh Flexi Cap Fund - Direct Plan - Growth,2026-07-08,90.0327
Parag Parikh Flexi Cap Fund,122639,Parag Parikh Flexi Cap Fund - Direct Plan - Growth,2026-07-09,90.3358
Parag Parikh Flexi Cap Fund,122639,Parag Parikh Flexi Cap Fund - Direct Plan - Growth,2026-07-10,90.9438
Parag Parikh Flexi Cap Fund,122639,Parag Parikh Flexi Cap Fund - Direct Plan - Growth,2026-07-13,91.3166
Parag Parikh Flexi Cap Fund,122639,Parag Parikh Flexi Cap Fund - Direct Plan - Growth,2026-07-14,90.866
Parag Parikh Flexi Cap Fund,122639,Parag Parikh Flexi Cap Fund - Direct Plan - Growth,2026-07-15,91.1262
Parag Parikh Flexi Cap Fund,122639,Parag Parikh Flexi Cap Fund - Direct Plan - Growth,2026-07-16,91.0281
Parag Parikh Flexi Cap Fund,122639,Parag Parikh Flexi Cap Fund - Direct Plan - Growth,2026-07-17,91.4603
Parag Parikh Flexi Cap Fund,122639,Parag Parikh Flexi Cap Fund - Direct Plan - Growth,2026-07-20,91.2168
Parag Parikh Flexi Cap Fund,122639,Parag Parikh Flexi Cap Fund - Direct Plan - Growth,2026-07-21,90.9743
Parag Parikh Flexi Cap Fund,122639,Parag Parikh Flexi Cap Fund - Direct Plan - Growth,2026-07-22,90.3863
Parag Parikh Flexi Cap Fund,122639,Parag Parikh Flexi Cap Fund - Direct Plan - Growth,2026-07-23,89.8009
Parag Parikh Flexi Cap Fund,122639,Parag Parikh Flexi Cap Fund - Direct Plan - Growth,2026-07-24,89.7804
Parag Parikh Flexi Cap Fund,122639,Parag Parikh Flexi Cap Fund - Direct Plan - Growth,2026-07-27,90.3512
Parag Parikh Flexi Cap Fund,122639,Parag Parikh Flexi Cap Fund - Direct Plan - Growth,2026-07-28,90.3755
Parag Parikh Flexi Cap Fund,122639,Parag Parikh Flexi Cap Fund - Direct Plan - Growth,2026-07-29,91.0119
Parag Parikh Flexi Cap Fund,122639,Parag Parikh Flexi Cap Fund - Direct Plan - Growth,2026-07-30,91.3427
Parag Parikh Flexi Cap Fund,122639,Parag Parikh Flexi Cap Fund - Direct Plan - Growth,2026-07-31,92.0527
Parag Parikh Flexi Cap Fund,122639,Parag Parikh Flexi Cap Fund - Direct Plan - Growth,2026-08-03,93.6064
Parag Parikh Flexi Cap Fund,122639,Parag Parikh Flexi Cap Fund - Direct Plan - Growth,2026-08-04,93.3575
Parag Parikh Flexi Cap Fund,122639,Parag Parikh Flexi Cap Fund - Direct Plan - Growth,2026-08-05,92.8329
Parag Parikh Flexi Cap Fund,122639,Parag Parikh Flexi Cap Fund - Direct Plan - Growth,2026-08-06,92.3083
Parag Parikh Flexi Cap Fund,122639,Parag Parikh Flexi Cap Fund - Direct Plan - Growth,2026-08-07,92.3269
Parag Parikh Flexi Cap Fund,122639,Parag Parikh Flexi Cap Fund - Direct Plan - Growth,2026-08-10,92.4138
Parag Parikh Flexi Cap Fund,122639,Parag Parikh Flexi Cap Fund - Direct Plan - Growth,2026-08-11,92.1535
Parag Parikh Flexi Cap Fund,122639,Parag Parikh Flexi Cap Fund - Direct Plan - Growth,2026-08-12,91.7457
Parag Parikh Flexi Cap Fund,122639,Parag Parikh Flexi Cap Fund - Direct Plan - Growth,2026-08-13,91.7971
Parag Parikh Flexi Cap Fund,122639,Parag Parikh Flexi Cap Fund - Direct Plan - Growth,2026-08-14,91.6834
Parag Parikh Flexi Cap Fund,122639,Parag Parikh Flexi Cap Fund - Direct Plan - Growth,2026-08-17,91.054
Parag Parikh Flexi Cap Fund,122639,Parag Parikh Flexi Cap Fund - Direct Plan - Growth,2026-08-18,90.4982
Parag Parikh Flexi Cap Fund,122639,Parag Parikh Flexi Cap Fund - Direct Plan - Growth,2026-08-19,90.4028
Parag Parikh Flexi Cap Fund,122639,Parag Parikh Flexi Cap Fund - Direct Plan - Growth,2026-08-20,90.7427
Parag Parikh Flexi Cap Fund,122639,Parag Parikh Flexi Cap Fund - Direct Plan - Growth,2026-08-21,90.8656
Parag Parikh Flexi Cap Fund,122639,Parag Parikh Flexi Cap Fund - Direct Plan - Growth,2026-08-24,90.9964
Parag Parikh Flexi Cap Fund,122639,Parag Parikh Flexi Cap Fund - Direct Plan - Growth,2026-08-25,91.1854
Parag Parikh Flexi Cap Fund,122639,Parag Parikh Flexi Cap Fund - Direct Plan - Growth,2026-08-26,91.05
Parag Parikh Flexi Cap Fund,122639,Parag Parikh Flexi Cap Fund - Direct Plan - Growth,2026-08-27,90.6865
Parag Parikh Flexi Cap Fund,122639,Parag Parikh Flexi Cap Fund - Direct Plan - Growth,2026-08-28,91.1767
Parag Parikh Flexi Cap Fund,122639,Parag Parikh Flexi Cap Fund - Direct Plan - Growth,2026-08-31,90.7827
Parag Parikh Flexi Cap Fund,122639,Parag Parikh Flexi Cap Fund - Direct Plan - Growth,2026-09-01,90.7896
Parag Parikh Flexi Cap Fund,122639,Parag Parikh Flexi Cap Fund - Direct Plan - Growth,2026-09-02,90.5023
Parag Parikh Flexi Cap Fund,122639,Parag Parikh Flexi Cap Fund - Direct Plan - Growth,2026-09-03,90.6349
Parag Parikh Flexi Cap Fund,122639,Parag Parikh Flexi Cap Fund - Direct Plan - Growth,2026-09-04,90.5289
Parag Parikh Flexi Cap Fund,122639,Parag Parikh Flexi Cap Fund - Direct Plan - Growth,2026-09-07,90.3473
Parag Parikh Flexi Cap Fund,122639,Parag Parikh Flexi Cap Fund - Direct Plan - Growth,2026-09-08,90.0181
Parag Parikh Flexi Cap Fund,122639,Parag Parikh Flexi Cap Fund - Direct Plan - Growth,2026-09-09,89.3946
Parag Parikh Flexi Cap Fund,122639,Parag Parikh Flexi Cap Fund - Direct Plan - Growth,2026-09-10,89.4845
Parag Parikh Flexi Cap Fund,122639,Parag Parikh Flexi Cap Fund - Direct Plan - Growth,2026-09-11,89.5712
Parag Parikh Flexi Cap Fund,122639,Parag Parikh Flexi Cap Fund - Direct Plan - Growth,2026-09-15,89.3125
Parag Parikh Flexi Cap Fund,122639,Parag Parikh Flexi Cap Fund - Direct Plan - Growth,2026-09-16,89.4425
Parag Parikh Flexi Cap Fund,122639,Parag Parikh Flexi Cap Fund - Direct Plan - Growth,2026-09-17,89.7169
Parag Parikh Flexi Cap Fund,122639,Parag Parikh Flexi Cap Fund - Direct Plan - Growth,2026-09-18,89.8569
Parag Parikh Flexi Cap Fund,122639,Parag Parikh Flexi Cap Fund - Direct Plan - Growth,2026-09-21,90.5324
Parag Parikh Flexi Cap Fund,122639,Parag Parikh Flexi Cap Fund - Direct Plan - Growth,2026-09-22,90.2686
Parag Parikh Flexi Cap Fund,122639,Parag Parikh Flexi Cap Fund - Direct Plan - Growth,2026-09-23,90.3403
Parag Parikh Flexi Cap Fund,122639,Parag Parikh Flexi Cap Fund - Direct Plan - Growth,2026-09-24,89.6034
Parag Parikh Flexi Cap Fund,122639,Parag Parikh Flexi Cap Fund - Direct Plan - Growth,2026-09-25,89.958
Parag Parikh Flexi Cap Fund,122639,Parag Parikh Flexi Cap Fund - Direct Plan - Growth,2026-09-28,88.977
Parag Parikh Flexi Cap Fund,122639,Parag Parikh Flexi Cap Fund - Direct Plan - Growth,2026-09-29,88.7188
Parag Parikh Flexi Cap Fund,122639,Parag Parikh Flexi Cap Fund - Direct Plan - Growth,2026-09-30,88.8355
Parag Parikh Flexi Cap Fund,122639,Parag Parikh Flexi Cap Fund - Direct Plan - Growth,2026-10-01,88.2569
Nippon India Small Cap Fund,118778,Nippon India Small Cap Fund - Direct Plan - Growth Option,2025-01-01,196.249
Nippon India Small Cap Fund,118778,Nippon India Small Cap Fund - Direct Plan - Growth Option,2025-01-02,197.4485
Nippon India Small Cap Fund,118778,Nippon India Small Cap Fund - Direct Plan - Growth Option,2025-01-03,197.0126
Nippon India Small Cap Fund,118778,Nippon India Small Cap Fund - Direct Plan - Growth Option,2025-01-06,191.5597
Nippon India Small Cap Fund,118778,Nippon India Small Cap Fund - Direct Plan - Growth Option,2025-01-07,194.3965
Nippon India Small Cap Fund,118778,Nippon India Small Cap Fund - Direct Plan - Growth Option,2025-01-08,191.7484
Nippon India Small Cap Fund,118778,Nippon India Small Cap Fund - Direct Plan - Growth Option,2025-01-09,189.9305
Nippon India Small Cap Fund,118778,Nippon India Small Cap Fund - Direct Plan - Growth Option,2025-01-10,186.0948
Nippon India Small Cap Fund,118778,Nippon India Small Cap Fund - Direct Plan - Growth Option,2025-01-13,179.057
Nippon India Small Cap Fund,118778,Nippon India Small Cap Fund - Direct Plan - Growth Option,2025-01-14,181.7164
Nippon India Small Cap Fund,118778,Nippon India Small Cap Fund - Direct Plan - Growth Option,2025-01-15,182.8091
Nippon India Small Cap Fund,118778,Nippon India Small Cap Fund - Direct Plan - Growth Option,2025-01-16,184.8523
Nippon India Small Cap Fund,118778,Nippon India Small Cap Fund - Direct Plan - Growth Option,2025-01-17,184.8345
Nippon India Small Cap Fund,118778,Nippon India Small Cap Fund - Direct Plan - Growth Option,2025-01-20,185.7368
Nippon India Small Cap Fund,118778,Nippon India Small Cap Fund - Direct Plan - Growth Option,2025-01-21,182.3339
Nippon India Small Cap Fund,118778,Nippon India Small Cap Fund - Direct Plan - Growth Option,2025-01-22,179.9124
Nippon India Small Cap Fund,118778,Nippon India Small Cap Fund - Direct Plan - Growth Option,2025-01-23,181.1666
Nippon India Small Cap Fund,118778,Nippon India Small Cap Fund - Direct Plan - Growth Option,2025-01-24,177.1145
Nippon India Small Cap Fund,118778,Nippon India Small Cap Fund - Direct Plan - Growth Option,2025-01-27,172.2453
Nippon India Small Cap Fund,118778,Nippon India Small Cap Fund - Direct Plan - Growth Option,2025-01-28,169.3445
Nippon India Small Cap Fund,118778,Nippon India Small Cap Fund - Direct Plan - Growth Option,2025-01-29,173.834
Nippon India Small Cap Fund,118778,Nippon India Small Cap Fund - Direct Plan - Growth Option,2025-01-30,173.9847
Nippon India Small Cap Fund,118778,Nippon India Small Cap Fund - Direct Plan - Growth Option,2025-01-31,176.9048
Nippon India Small Cap Fund,118778,Nippon India Small Cap Fund - Direct Plan - Growth Option,2025-02-03,174.5957
Nippon India Small Cap Fund,118778,Nippon India Small Cap Fund - Direct Plan - Growth Option,2025-02-04,176.1747
Nippon India Small Cap Fund,118778,Nippon India Small Cap Fund - Direct Plan - Growth Option,2025-02-05,177.7433
Nippon India Small Cap Fund,118778,Nippon India Small Cap Fund - Direct Plan - Growth Option,2025-02-06,177.4481
Nippon India Small Cap Fund,118778,Nippon India Small Cap Fund - Direct Plan - Growth Option,2025-02-07,176.5747
Nippon India Small Cap Fund,118778,Nippon India Small Cap Fund - Direct Plan - Growth Option,2025-02-10,173.2182
Nippon India Small Cap Fund,118778,Nippon India Small Cap Fund - Direct Plan - Growth Option,2025-02-11,168.3008
Nippon India Small Cap Fund,118778,Nippon India Small Cap Fund - Direct Plan - Growth Option,2025-02-12,167.6622
Nippon India Small Cap Fund,118778,Nippon India Small Cap Fund - Direct Plan - Growth Option,2025-02-13,167.1296
Nippon India Small Cap Fund,118778,Nippon India Small Cap Fund - Direct Plan - Growth Option,2025-02-14,162.9322
Nippon India Small Cap Fund,118778,Nippon India Small Cap Fund - Direct Plan - Growth Option,2025-02-17,162.3655
Nippon India Small Cap Fund,118778,Nippon India Small Cap Fund - Direct Plan - Growth Option,2025-02-18,160.7795
Nippon India Small Cap Fund,118778,Nippon India Small Cap Fund - Direct Plan - Growth Option,2025-02-19,163.0179
Nippon India Small Cap Fund,118778,Nippon India Small Cap Fund - Direct Plan - Growth Option,2025-02-20,165.0129
Nippon India Small Cap Fund,118778,Nippon India Small Cap Fund - Direct Plan - Growth Option,2025-02-21,164.1121
Nippon India Small Cap Fund,118778,Nippon India Small Cap Fund - Direct Plan - Growth Option,2025-02-24,162.2178
Nippon India Small Cap Fund,118778,Nippon India Small Cap Fund - Direct Plan - Growth Option,2025-02-25,161.3992
Nippon India Small Cap Fund,118778,Nippon India Small Cap Fund - Direct Plan - Growth Option,2025-02-27,159.1932
Nippon India Small Cap Fund,118778,Nippon India Small Cap Fund - Direct Plan - Growth Option,2025-02-28,155.8372
Nippon India Small Cap Fund,118778,Nippon India Small Cap Fund - Direct Plan - Growth Option,2025-03-03,154.9158
Nippon India Small Cap Fund,118778,Nippon India Small Cap Fund - Direct Plan - Growth Option,2025-03-04,156.7257
Nippon India Small Cap Fund,118778,Nippon India Small Cap Fund - Direct Plan - Growth Option,2025-03-05,160.2564
Nippon India Small Cap Fund,118778,Nippon India Small Cap Fund - Direct Plan - Growth Option,2025-03-06,162.623
Nippon India Small Cap Fund,118778,Nippon India Small Cap Fund - Direct Plan - Growth Option,2025-03-07,163.5139
Nippon India Small Cap Fund,118778,Nippon India Small Cap Fund - Direct Plan - Growth Option,2025-03-10,160.8207
Nippon India Small Cap Fund,118778,Nippon India Small Cap Fund - Direct Plan - Growth Option,2025-03-11,160.344
Nippon India Small Cap Fund,118778,Nippon India Small Cap Fund - Direct Plan - Growth Option,2025-03-12,160.084
Nippon India Small Cap Fund,118778,Nippon India Small Cap Fund - Direct Plan - Growth Option,2025-03-13,158.9539
Nippon India Small Cap Fund,118778,Nippon India Small Cap Fund - Direct Plan - Growth Option,2025-03-17,159.0109
Nippon India Small Cap Fund,118778,Nippon India Small Cap Fund - Direct Plan - Growth Option,2025-03-18,162.7668
Nippon India Small Cap Fund,118778,Nippon India Small Cap Fund - Direct Plan - Growth Option,2025-03-19,165.3145
Nippon India Small Cap Fund,118778,Nippon India Small Cap Fund - Direct Plan - Growth Option,2025-03-20,166.859
Nippon India Small Cap Fund,118778,Nippon India Small Cap Fund - Direct Plan - Growth Option,2025-03-21,169.5103
Nippon India Small Cap Fund,118778,Nippon India Small Cap Fund - Direct Plan - Growth Option,2025-03-24,171.767
Nippon India Small Cap Fund,118778,Nippon India Small Cap Fund - Direct Plan - Growth Option,2025-03-25,169.508
Nippon India Small Cap Fund,118778,Nippon India Small Cap Fund - Direct Plan - Growth Option,2025-03-26,167.0751
Nippon India Small Cap Fund,118778,Nippon India Small Cap Fund - Direct Plan - Growth Option,2025-03-27,167.6628
Nippon India Small Cap Fund,118778,Nippon India Small Cap Fund - Direct Plan - Growth Option,2025-03-28,167.5308
Nippon India Small Cap Fund,118778,Nippon India Small Cap Fund - Direct Plan - Growth Option,2025-03-31,167.5258
Nippon India Small Cap Fund,118778,Nippon India Small Cap Fund - Direct Plan - Growth Option,2025-04-01,167.1746
Nippon India Small Cap Fund,118778,Nippon India Small Cap Fund - Direct Plan - Growth Option,2025-04-02,168.7608
Nippon India Small Cap Fund,118778,Nippon India Small Cap Fund - Direct Plan - Growth Option,2025-04-03,169.7834
Nippon India Small Cap Fund,118778,Nippon India Small Cap Fund - Direct Plan - Growth Option,2025-04-04,165.3721
Nippon India Small Cap Fund,118778,Nippon India Small Cap Fund - Direct Plan - Growth Option,2025-04-07,160.1016
Nippon India Small Cap Fund,118778,Nippon India Small Cap Fund - Direct Plan - Growth Option,2025-04-08,163.0678
Nippon India Small Cap Fund,118778,Nippon India Small Cap Fund - Direct Plan - Growth Option,2025-04-09,161.7193
Nippon India Small Cap Fund,118778,Nippon India Small Cap Fund - Direct Plan - Growth Option,2025-04-11,165.6746
Nippon India Small Cap Fund,118778,Nippon India Small Cap Fund - Direct Plan - Growth Option,2025-04-15,170.1644
Nippon India Small Cap Fund,118778,Nippon India Small Cap Fund - Direct Plan - Growth Option,2025-04-16,171.5003
Nippon India Small Cap Fund,118778,Nippon India Small Cap Fund - Direct Plan - Growth Option,2025-04-17,172.2277
Nippon India Small Cap Fund,118778,Nippon India Small Cap Fund - Direct Plan - Growth Option,2025-04-21,174.8117
Nippon India Small Cap Fund,118778,Nippon India Small Cap Fund - Direct Plan - Growth Option,2025-04-22,176.6086
Nippon India Small Cap Fund,118778,Nippon India Small Cap Fund - Direct Plan - Growth Option,2025-04-23,177.1508
Nippon India Small Cap Fund,118778,Nippon India Small Cap Fund - Direct Plan - Growth Option,2025-04-24,177.2153
Nippon India Small Cap Fund,118778,Nippon India Small Cap Fund - Direct Plan - Growth Option,2025-04-25,173.3042
Nippon India Small Cap Fund,118778,Nippon India Small Cap Fund - Direct Plan - Growth Option,2025-04-28,174.4073
Nippon India Small Cap Fund,118778,Nippon India Small Cap Fund - Direct Plan - Growth Option,2025-04-29,174.9981
Nippon India Small Cap Fund,118778,Nippon India Small Cap Fund - Direct Plan - Growth Option,2025-04-30,172.7456
Nippon India Small Cap Fund,118778,Nippon India Small Cap Fund - Direct Plan - Growth Option,2025-05-02,172.5195
Nippon India Small Cap Fund,118778,Nippon India Small Cap Fund - Direct Plan - Growth Option,2025-05-05,174.1537
Nippon India Small Cap Fund,118778,Nippon India Small Cap Fund - Direct Plan - Growth Option,2025-05-06,170.669
Nippon India Small Cap Fund,118778,Nippon India Small Cap Fund - Direct Plan - Growth Option,2025-05-07,172.2897
Nippon India Small Cap Fund,118778,Nippon India Small Cap Fund - Direct Plan - Growth Option,2025-05-08,170.858
Nippon India Small Cap Fund,118778,Nippon India Small Cap Fund - Direct Plan - Growth Option,2025-05-09,169.8835
Nippon India Small Cap Fund,118778,Nippon India Small Cap Fund - Direct Plan - Growth Option,2025-05-12,176.1054
Nippon India Small Cap Fund,118778,Nippon India Small Cap Fund - Direct Plan - Growth Option,2025-05-13,177.2466
Nippon India Small Cap Fund,118778,Nippon India Small Cap Fund - Direct Plan - Growth Option,2025-05-14,179.3853
Nippon India Small Cap Fund,118778,Nippon India Small Cap Fund - Direct Plan - Growth Option,2025-05-15,181.0908
Nippon India Small Cap Fund,118778,Nippon India Small Cap Fund - Direct Plan - Growth Option,2025-05-16,183.2985
Nippon India Small Cap Fund,118778,Nippon India Small Cap Fund - Direct Plan - Growth Option,2025-05-19,183.8519
Nippon India Small Cap Fund,118778,Nippon India Small Cap Fund - Direct Plan - Growth Option,2025-05-20,182.2795
Nippon India Small Cap Fund,118778,Nippon India Small Cap Fund - Direct Plan - Growth Option,2025-05-21,183.185
Nippon India Small Cap Fund,118778,Nippon India Small Cap Fund - Direct Plan - Growth Option,2025-05-22,182.6649
Nippon India Small Cap Fund,118778,Nippon India Small Cap Fund - Direct Plan - Growth Option,2025-05-23,183.5167
Nippon India Small Cap Fund,118778,Nippon India Small Cap Fund - Direct Plan - Growth Option,2025-05-26,184.2838
Nippon India Small Cap Fund,118778,Nippon India Small Cap Fund - Direct Plan - Growth Option,2025-05-27,184.203
Nippon India Small Cap Fund,118778,Nippon India Small Cap Fund - Direct Plan - Growth Option,2025-05-28,184.5749
Nippon India Small Cap Fund,118778,Nippon India Small Cap Fund - Direct Plan - Growth Option,2025-05-29,185.1486
Nippon India Small Cap Fund,118778,Nippon India Small Cap Fund - Direct Plan - Growth Option,2025-05-30,185.6339
Nippon India Small Cap Fund,118778,Nippon India Small Cap Fund - Direct Plan - Growth Option,2025-06-02,186.5134
Nippon India Small Cap Fund,118778,Nippon India Small Cap Fund - Direct Plan - Growth Option,2025-06-03,186.0786
Nippon India Small Cap Fund,118778,Nippon India Small Cap Fund - Direct Plan - Growth Option,2025-06-04,186.9183
Nippon India Small Cap Fund,118778,Nippon India Small Cap Fund - Direct Plan - Growth Option,2025-06-05,188.0719
Nippon India Small Cap Fund,118778,Nippon India Small Cap Fund - Direct Plan - Growth Option,2025-06-06,188.6274
Nippon India Small Cap Fund,118778,Nippon India Small Cap Fund - Direct Plan - Growth Option,2025-06-09,190.6581
Nippon India Small Cap Fund,118778,Nippon India Small Cap Fund - Direct Plan - Growth Option,2025-06-10,191.3794
Nippon India Small Cap Fund,118778,Nippon India Small Cap Fund - Direct Plan - Growth Option,2025-06-11,191.1028
Nippon India Small Cap Fund,118778,Nippon India Small Cap Fund - Direct Plan - Growth Option,2025-06-12,188.6365
Nippon India Small Cap Fund,118778,Nippon India Small Cap Fund - Direct Plan - Growth Option,2025-06-13,187.9956
Nippon India Small Cap Fund,118778,Nippon India Small Cap Fund - Direct Plan - Growth Option,2025-06-16,188.6733
Nippon India Small Cap Fund,118778,Nippon India Small Cap Fund - Direct Plan - Growth Option,2025-06-17,188.1378
Nippon India Small Cap Fund,118778,Nippon India Small Cap Fund - Direct Plan - Growth Option,2025-06-18,187.8471
Nippon India Small Cap Fund,118778,Nippon India Small Cap Fund - Direct Plan - Growth Option,2025-06-19,185.2099
Nippon India Small Cap Fund,118778,Nippon India Small Cap Fund - Direct Plan - Growth Option,2025-06-20,186.4651
Nippon India Small Cap Fund,118778,Nippon India Small Cap Fund - Direct Plan - Growth Option,2025-06-23,187.43
Nippon India Small Cap Fund,118778,Nippon India Small Cap Fund - Direct Plan - Growth Option,2025-06-24,188.1212
Nippon India Small Cap Fund,118778,Nippon India Small Cap Fund - Direct Plan - Growth Option,2025-06-25,190.8149
Nippon India Small Cap Fund,118778,Nippon India Small Cap Fund - Direct Plan - Growth Option,2025-06-26,191.7238
Nippon India Small Cap Fund,118778,Nippon India Small Cap Fund - Direct Plan - Growth Option,2025-06-27,192.7533
Nippon India Small Cap Fund,118778,Nippon India Small Cap Fund - Direct Plan - Growth Option,2025-06-30,194.1643
Nippon India Small Cap Fund,118778,Nippon India Small Cap Fund - Direct Plan - Growth Option,2025-07-01,194.0531
Nippon India Small Cap Fund,118778,Nippon India Small Cap Fund - Direct Plan - Growth Option,2025-07-02,193.5857
Nippon India Small Cap Fund,118778,Nippon India Small Cap Fund - Direct Plan - Growth Option,2025-07-03,194.0687
Nippon India Small Cap Fund,118778,Nippon India Small Cap Fund - Direct Plan - Growth Option,2025-07-04,194.3456
Nippon India Small Cap Fund,118778,Nippon India Small Cap Fund - Direct Plan - Growth Option,2025-07-07,193.7459
Nippon India Small Cap Fund,118778,Nippon India Small Cap Fund - Direct Plan - Growth Option,2025-07-08,193.5006
Nippon India Small Cap Fund,118778,Nippon India Small Cap Fund - Direct Plan - Growth Option,2025-07-09,194.4066
Nippon India Small Cap Fund,118778,Nippon India Small Cap Fund - Direct Plan - Growth Option,2025-07-10,194.4099
Nippon India Small Cap Fund,118778,Nippon India Small Cap Fund - Direct Plan - Growth Option,2025-07-11,193.7756
Nippon India Small Cap Fund,118778,Nippon India Small Cap Fund - Direct Plan - Growth Option,2025-07-14,194.3708
Nippon India Small Cap Fund,118778,Nippon India Small Cap Fund - Direct Plan - Growth Option,2025-07-15,195.5561
Nippon India Small Cap Fund,118778,Nippon India Small Cap Fund - Direct Plan - Growth Option,2025-07-16,196.2742
Nippon India Small Cap Fund,118778,Nippon India Small Cap Fund - Direct Plan - Growth Option,2025-07-17,196.5313
Nippon India Small Cap Fund,118778,Nippon India Small Cap Fund - Direct Plan - Growth Option,2025-07-18,195.0917
Nippon India Small Cap Fund,118778,Nippon India Small Cap Fund - Direct Plan - Growth Option,2025-07-21,195.5236
Nippon India Small Cap Fund,118778,Nippon India Small Cap Fund - Direct Plan - Growth Option,2025-07-22,195.0777
Nippon India Small Cap Fund,118778,Nippon India Small Cap Fund - Direct Plan - Growth Option,2025-07-23,195.2636
Nippon India Small Cap Fund,118778,Nippon India Small Cap Fund - Direct Plan - Growth Option,2025-07-24,194.436
Nippon India Small Cap Fund,118778,Nippon India Small Cap Fund - Direct Plan - Growth Option,2025-07-25,190.9906
Nippon India Small Cap Fund,118778,Nippon India Small Cap Fund - Direct Plan - Growth Option,2025-07-28,189.0386
Nippon India Small Cap Fund,118778,Nippon India Small Cap Fund - Direct Plan - Growth Option,2025-07-29,190.7943
Nippon India Small Cap Fund,118778,Nippon India Small Cap Fund - Direct Plan - Growth Option,2025-07-30,191.0596
Nippon India Small Cap Fund,118778,Nippon India Small Cap Fund - Direct Plan - Growth Option,2025-07-31,189.8816
Nippon India Small Cap Fund,118778,Nippon India Small Cap Fund - Direct Plan - Growth Option,2025-08-01,187.6752
Nippon India Small Cap Fund,118778,Nippon India Small Cap Fund - Direct Plan - Growth Option,2025-08-04,189.2208
Nippon India Small Cap Fund,118778,Nippon India Small Cap Fund - Direct Plan - Growth Option,2025-08-05,188.6243
Nippon India Small Cap Fund,118778,Nippon India Small Cap Fund - Direct Plan - Growth Option,2025-08-06,187.1035
Nippon India Small Cap Fund,118778,Nippon India Small Cap Fund - Direct Plan - Growth Option,2025-08-07,186.6247
Nippon India Small Cap Fund,118778,Nippon India Small Cap Fund - Direct Plan - Growth Option,2025-08-08,184.5966
Nippon India Small Cap Fund,118778,Nippon India Small Cap Fund - Direct Plan - Growth Option,2025-08-11,185.6303
Nippon India Small Cap Fund,118778,Nippon India Small Cap Fund - Direct Plan - Growth Option,2025-08-12,185.5646
Nippon India Small Cap Fund,118778,Nippon India Small Cap Fund - Direct Plan - Growth Option,2025-08-13,186.0344
Nippon India Small Cap Fund,118778,Nippon India Small Cap Fund - Direct Plan - Growth Option,2025-08-14,185.3751
Nippon India Small Cap Fund,118778,Nippon India Small Cap Fund - Direct Plan - Growth Option,2025-08-18,187.5925
Nippon India Small Cap Fund,118778,Nippon India Small Cap Fund - Direct Plan - Growth Option,2025-08-19,189.7006
Nippon India Small Cap Fund,118778,Nippon India Small Cap Fund - Direct Plan - Growth Option,2025-08-20,190.1561
Nippon India Small Cap Fund,118778,Nippon India Small Cap Fund - Direct Plan - Growth Option,2025-08-21,189.9973
Nippon India Small Cap Fund,118778,Nippon India Small Cap Fund - Direct Plan - Growth Option,2025-08-22,189.2557
Nippon India Small Cap Fund,118778,Nippon India Small Cap Fund - Direct Plan - Growth Option,2025-08-25,189.3893
Nippon India Small Cap Fund,118778,Nippon India Small Cap Fund - Direct Plan - Growth Option,2025-08-26,186.507
Nippon India Small Cap Fund,118778,Nippon India Small Cap Fund - Direct Plan - Growth Option,2025-08-28,184.9538
Nippon India Small Cap Fund,118778,Nippon India Small Cap Fund - Direct Plan - Growth Option,2025-08-29,184.3757
Nippon India Small Cap Fund,118778,Nippon India Small Cap Fund - Direct Plan - Growth Option,2025-09-01,187.1769
Nippon India Small Cap Fund,118778,Nippon India Small Cap Fund - Direct Plan - Growth Option,2025-09-02,187.8048
Nippon India Small Cap Fund,118778,Nippon India Small Cap Fund - Direct Plan - Growth Option,2025-09-03,189.1376
Nippon India Small Cap Fund,118778,Nippon India Small Cap Fund - Direct Plan - Growth Option,2025-09-04,188.4171
Nippon India Small Cap Fund,118778,Nippon India Small Cap Fund - Direct Plan - Growth Option,2025-09-05,188.2874
Nippon India Small Cap Fund,118778,Nippon India Small Cap Fund - Direct Plan - Growth Option,2025-09-08,188.4364
Nippon India Small Cap Fund,118778,Nippon India Small Cap Fund - Direct Plan - Growth Option,2025-09-09,189.0056
Nippon India Small Cap Fund,118778,Nippon India Small Cap Fund - Direct Plan - Growth Option,2025-09-10,190.3437
Nippon India Small Cap Fund,118778,Nippon India Small Cap Fund - Direct Plan - Growth Option,2025-09-11,190.3564
Nippon India Small Cap Fund,118778,Nippon India Small Cap Fund - Direct Plan - Growth Option,2025-09-12,190.8719
Nippon India Small Cap Fund,118778,Nippon India Small Cap Fund - Direct Plan - Growth Option,2025-09-15,191.4473
Nippon India Small Cap Fund,118778,Nippon India Small Cap Fund - Direct Plan - Growth Option,2025-09-16,192.4875
Nippon India Small Cap Fund,118778,Nippon India Small Cap Fund - Direct Plan - Growth Option,2025-09-17,193.4767
Nippon India Small Cap Fund,118778,Nippon India Small Cap Fund - Direct Plan - Growth Option,2025-09-18,193.382
Nippon India Small Cap Fund,118778,Nippon India Small Cap Fund - Direct Plan - Growth Option,2025-09-19,193.5661
Nippon India Small Cap Fund,118778,Nippon India Small Cap Fund - Direct Plan - Growth Option,2025-09-22,192.4025
Nippon India Small Cap Fund,118778,Nippon India Small Cap Fund - Direct Plan - Growth Option,2025-09-23,191.6828
Nippon India Small Cap Fund,118778,Nippon India Small Cap Fund - Direct Plan - Growth Option,2025-09-24,190.8658
Nippon India Small Cap Fund,118778,Nippon India Small Cap Fund - Direct Plan - Growth Option,2025-09-25,189.7579
Nippon India Small Cap Fund,118778,Nippon India Small Cap Fund - Direct Plan - Growth Option,2025-09-26,186.593
Nippon India Small Cap Fund,118778,Nippon India Small Cap Fund - Direct Plan - Growth Option,2025-09-30,186.0526
Nippon India Small Cap Fund,118778,Nippon India Small Cap Fund - Direct Plan - Growth Option,2025-10-01,187.4886
Nippon India Small Cap Fund,118778,Nippon India Small Cap Fund - Direct Plan - Growth Option,2025-10-03,189.0205
Nippon India Small Cap Fund,118778,Nippon India Small Cap Fund - Direct Plan - Growth Option,2025-10-06,189.2893
Nippon India Small Cap Fund,118778,Nippon India Small Cap Fund - Direct Plan - Growth Option,2025-10-07,189.0718
Nippon India Small Cap Fund,118778,Nippon India Small Cap Fund - Direct Plan - Growth Option,2025-10-08,188.356
Nippon India Small Cap Fund,118778,Nippon India Small Cap Fund - Direct Plan - Growth Option,2025-10-09,188.5156
Nippon India Small Cap Fund,118778,Nippon India Small Cap Fund - Direct Plan - Growth Option,2025-10-10,189.4229
Nippon India Small Cap Fund,118778,Nippon India Small Cap Fund - Direct Plan - Growth Option,2025-10-13,188.9801
Nippon India Small Cap Fund,118778,Nippon India Small Cap Fund - Direct Plan - Growth Option,2025-10-14,187.6021
Nippon India Small Cap Fund,118778,Nippon India Small Cap Fund - Direct Plan - Growth Option,2025-10-15,188.8273
Nippon India Small Cap Fund,118778,Nippon India Small Cap Fund - Direct Plan - Growth Option,2025-10-16,190.2517
Nippon India Small Cap Fund,118778,Nippon India Small Cap Fund - Direct Plan - Growth Option,2025-10-17,190.2143
Nippon India Small Cap Fund,118778,Nippon India Small Cap Fund - Direct Plan - Growth Option,2025-10-20,190.8094
Nippon India Small Cap Fund,118778,Nippon India Small Cap Fund - Direct Plan - Growth Option,2025-10-23,191.8987
Nippon India Small Cap Fund,118778,Nippon India Small Cap Fund - Direct Plan - Growth Option,2025-10-24,191.3376
Nippon India Small Cap Fund,118778,Nippon India Small Cap Fund - Direct Plan - Growth Option,2025-10-27,192.1937
Nippon India Small Cap Fund,118778,Nippon India Small Cap Fund - Direct Plan - Growth Option,2025-10-28,192.1699
Nippon India Small Cap Fund,118778,Nippon India Small Cap Fund - Direct Plan - Growth Option,2025-10-29,193.4264
Nippon India Small Cap Fund,118778,Nippon India Small Cap Fund - Direct Plan - Growth Option,2025-10-30,193.2111
Nippon India Small Cap Fund,118778,Nippon India Small Cap Fund - Direct Plan - Growth Option,2025-10-31,192.2278
Nippon India Small Cap Fund,118778,Nippon India Small Cap Fund - Direct Plan - Growth Option,2025-11-03,193.607
Nippon India Small Cap Fund,118778,Nippon India Small Cap Fund - Direct Plan - Growth Option,2025-11-04,192.7484
Nippon India Small Cap Fund,118778,Nippon India Small Cap Fund - Direct Plan - Growth Option,2025-11-06,189.8565
Nippon India Small Cap Fund,118778,Nippon India Small Cap Fund - Direct Plan - Growth Option,2025-11-07,189.4168
Nippon India Small Cap Fund,118778,Nippon India Small Cap Fund - Direct Plan - Growth Option,2025-11-10,189.7707
Nippon India Small Cap Fund,118778,Nippon India Small Cap Fund - Direct Plan - Growth Option,2025-11-11,189.7367
Nippon India Small Cap Fund,118778,Nippon India Small Cap Fund - Direct Plan - Growth Option,2025-11-12,191.2317
Nippon India Small Cap Fund,118778,Nippon India Small Cap Fund - Direct Plan - Growth Option,2025-11-13,190.8692
Nippon India Small Cap Fund,118778,Nippon India Small Cap Fund - Direct Plan - Growth Option,2025-11-14,191.0051
Nippon India Small Cap Fund,118778,Nippon India Small Cap Fund - Direct Plan - Growth Option,2025-11-17,192.215
Nippon India Small Cap Fund,118778,Nippon India Small Cap Fund - Direct Plan - Growth Option,2025-11-18,191.5697
Nippon India Small Cap Fund,118778,Nippon India Small Cap Fund - Direct Plan - Growth Option,2025-11-19,191.1666
Nippon India Small Cap Fund,118778,Nippon India Small Cap Fund - Direct Plan - Growth Option,2025-11-20,191.2593
Nippon India Small Cap Fund,118778,Nippon India Small Cap Fund - Direct Plan - Growth Option,2025-11-21,188.9393
Nippon India Small Cap Fund,118778,Nippon India Small Cap Fund - Direct Plan - Growth Option,2025-11-24,188.3801
Nippon India Small Cap Fund,118778,Nippon India Small Cap Fund - Direct Plan - Growth Option,2025-11-25,188.4339
Nippon India Small Cap Fund,118778,Nippon India Small Cap Fund - Direct Plan - Growth Option,2025-11-26,190.3052
Nippon India Small Cap Fund,118778,Nippon India Small Cap Fund - Direct Plan - Growth Option,2025-11-27,189.7141
Nippon India Small Cap Fund,118778,Nippon India Small Cap Fund - Direct Plan - Growth Option,2025-11-28,189.3305
Nippon India Small Cap Fund,118778,Nippon India Small Cap Fund - Direct Plan - Growth Option,2025-12-01,189.2635
Nippon India Small Cap Fund,118778,Nippon India Small Cap Fund - Direct Plan - Growth Option,2025-12-02,188.6621
Nippon India Small Cap Fund,118778,Nippon India Small Cap Fund - Direct Plan - Growth Option,2025-12-03,187.2842
Nippon India Small Cap Fund,118778,Nippon India Small Cap Fund - Direct Plan - Growth Option,2025-12-04,186.9294
Nippon India Small Cap Fund,118778,Nippon India Small Cap Fund - Direct Plan - Growth Option,2025-12-05,185.9891
Nippon India Small Cap Fund,118778,Nippon India Small Cap Fund - Direct Plan - Growth Option,2025-12-08,182.8301
Nippon India Small Cap Fund,118778,Nippon India Small Cap Fund - Direct Plan - Growth Option,2025-12-09,184.4197
Nippon India Small Cap Fund,118778,Nippon India Small Cap Fund - Direct Plan - Growth Option,2025-12-10,183.6915
Nippon India Small Cap Fund,118778,Nippon India Small Cap Fund - Direct Plan - Growth Option,2025-12-11,184.5814
Nippon India Small Cap Fund,118778,Nippon India Small Cap Fund - Direct Plan - Growth Option,2025-12-12,185.8275
Nippon India Small Cap Fund,118778,Nippon India Small Cap Fund - Direct Plan - Growth Option,2025-12-15,186.4022
Nippon India Small Cap Fund,118778,Nippon India Small Cap Fund - Direct Plan - Growth Option,2025-12-16,185.2962
Nippon India Small Cap Fund,118778,Nippon India Small Cap Fund - Direct Plan - Growth Option,2025-12-17,184.298
Nippon India Small Cap Fund,118778,Nippon India Small Cap Fund - Direct Plan - Growth Option,2025-12-18,183.5789
Nippon India Small Cap Fund,118778,Nippon India Small Cap Fund - Direct Plan - Growth Option,2025-12-19,185.2876
Nippon India Small Cap Fund,118778,Nippon India Small Cap Fund - Direct Plan - Growth Option,2025-12-22,187.055
Nippon India Small Cap Fund,118778,Nippon India Small Cap Fund - Direct Plan - Growth Option,2025-12-23,187.2884
Nippon India Small Cap Fund,118778,Nippon India Small Cap Fund - Direct Plan - Growth Option,2025-12-24,186.7985
Nippon India Small Cap Fund,118778,Nippon India Small Cap Fund - Direct Plan - Growth Option,2025-12-26,186.524
Nippon India Small Cap Fund,118778,Nippon India Small Cap Fund - Direct Plan - Growth Option,2025-12-29,185.5485
Nippon India Small Cap Fund,118778,Nippon India Small Cap Fund - Direct Plan - Growth Option,2025-12-30,185.0574
Nippon India Small Cap Fund,118778,Nippon India Small Cap Fund - Direct Plan - Growth Option,2025-12-31,187.0214
Nippon India Small Cap Fund,118778,Nippon India Small Cap Fund - Direct Plan - Growth Option,2026-01-01,186.9062
Nippon India Small Cap Fund,118778,Nippon India Small Cap Fund - Direct Plan - Growth Option,2026-01-02,188.2703
Nippon India Small Cap Fund,118778,Nippon India Small Cap Fund - Direct Plan - Growth Option,2026-01-05,188.4951
Nippon India Small Cap Fund,118778,Nippon India Small Cap Fund - Direct Plan - Growth Option,2026-01-06,187.6506
Nippon India Small Cap Fund,118778,Nippon India Small Cap Fund - Direct Plan - Growth Option,2026-01-07,187.7981
Nippon India Small Cap Fund,118778,Nippon India Small Cap Fund - Direct Plan - Growth Option,2026-01-08,184.54
Nippon India Small Cap Fund,118778,Nippon India Small Cap Fund - Direct Plan - Growth Option,2026-01-09,182.1833
Nippon India Small Cap Fund,118778,Nippon India Small Cap Fund - Direct Plan - Growth Option,2026-01-12,181.087
Nippon India Small Cap Fund,118778,Nippon India Small Cap Fund - Direct Plan - Growth Option,2026-01-13,181.7104
Nippon India Small Cap Fund,118778,Nippon India Small Cap Fund - Direct Plan - Growth Option,2026-01-14,182.0768
Nippon India Small Cap Fund,118778,Nippon India Small Cap Fund - Direct Plan - Growth Option,2026-01-16,181.5063
Nippon India Small Cap Fund,118778,Nippon India Small Cap Fund - Direct Plan - Growth Option,2026-01-19,179.7387
Nippon India Small Cap Fund,118778,Nippon India Small Cap Fund - Direct Plan - Growth Option,2026-01-20,176.1113
Nippon India Small Cap Fund,118778,Nippon India Small Cap Fund - Direct Plan - Growth Option,2026-01-21,174.7731
Nippon India Small Cap Fund,118778,Nippon India Small Cap Fund - Direct Plan - Growth Option,2026-01-22,176.8101
Nippon India Small Cap Fund,118778,Nippon India Small Cap Fund - Direct Plan - Growth Option,2026-01-23,173.8018
Nippon India Small Cap Fund,118778,Nippon India Small Cap Fund - Direct Plan - Growth Option,2026-01-27,174.8238
Nippon India Small Cap Fund,118778,Nippon India Small Cap Fund - Direct Plan - Growth Option,2026-01-28,177.3411
Nippon India Small Cap Fund,118778,Nippon India Small Cap Fund - Direct Plan - Growth Option,2026-01-29,177.2533
Nippon India Small Cap Fund,118778,Nippon India Small Cap Fund - Direct Plan - Growth Option,2026-01-30,179.1761
Nippon India Small Cap Fund,118778,Nippon India Small Cap Fund - Direct Plan - Growth Option,2026-02-02,177.0445
Nippon India Small Cap Fund,118778,Nippon India Small Cap Fund - Direct Plan - Growth Option,2026-02-03,182.3435
Nippon India Small Cap Fund,118778,Nippon India Small Cap Fund - Direct Plan - Growth Option,2026-02-04,183.5416
Nippon India Small Cap Fund,118778,Nippon India Small Cap Fund - Direct Plan - Growth Option,2026-02-05,182.148
Nippon India Small Cap Fund,118778,Nippon India Small Cap Fund - Direct Plan - Growth Option,2026-02-06,181.5471
Nippon India Small Cap Fund,118778,Nippon India Small Cap Fund - Direct Plan - Growth Option,2026-02-09,185.2055
Nippon India Small Cap Fund,118778,Nippon India Small Cap Fund - Direct Plan - Growth Option,2026-02-10,186.5998
Nippon India Small Cap Fund,118778,Nippon India Small Cap Fund - Direct Plan - Growth Option,2026-02-11,186.4321
Nippon India Small Cap Fund,118778,Nippon India Small Cap Fund - Direct Plan - Growth Option,2026-02-12,185.1505
Nippon India Small Cap Fund,118778,Nippon India Small Cap Fund - Direct Plan - Growth Option,2026-02-13,183.1118
Nippon India Small Cap Fund,118778,Nippon India Small Cap Fund - Direct Plan - Growth Option,2026-02-16,183.1588
Nippon India Small Cap Fund,118778,Nippon India Small Cap Fund - Direct Plan - Growth Option,2026-02-17,184.5048
Nippon India Small Cap Fund,118778,Nippon India Small Cap Fund - Direct Plan - Growth Option,2026-02-18,185.1051
Nippon India Small Cap Fund,118778,Nippon India Small Cap Fund - Direct Plan - Growth Option,2026-02-19,182.9841
Nippon India Small Cap Fund,118778,Nippon India Small Cap Fund - Direct Plan - Growth Option,2026-02-20,183.334
Nippon India Small Cap Fund,118778,Nippon India Small Cap Fund - Direct Plan - Growth Option,2026-02-23,184.0617
Nippon India Small Cap Fund,118778,Nippon India Small Cap Fund - Direct Plan - Growth Option,2026-02-24,182.7825
Nippon India Small Cap Fund,118778,Nippon India Small Cap Fund - Direct Plan - Growth Option,2026-02-25,183.4024
Nippon India Small Cap Fund,118778,Nippon India Small Cap Fund - Direct Plan - Growth Option,2026-02-26,183.7585
Nippon India Small Cap Fund,118778,Nippon India Small Cap Fund - Direct Plan - Growth Option,2026-02-27,182.5548
Nippon India Small Cap Fund,118778,Nippon India Small Cap Fund - Direct Plan - Growth Option,2026-03-02,179.5044
Nippon India Small Cap Fund,118778,Nippon India Small Cap Fund - Direct Plan - Growth Option,2026-03-04,176.3088
Nippon India Small Cap Fund,118778,Nippon India Small Cap Fund - Direct Plan - Growth Option,2026-03-05,178.0793
Nippon India Small Cap Fund,118778,Nippon India Small Cap Fund - Direct Plan - Growth Option,2026-03-06,177.4721
Nippon India Small Cap Fund,118778,Nippon India Small Cap Fund - Direct Plan - Growth Option,2026-03-09,173.9942
Nippon India Small Cap Fund,118778,Nippon India Small Cap Fund - Direct Plan - Growth Option,2026-03-10,176.9058
Nippon India Small Cap Fund,118778,Nippon India Small Cap Fund - Direct Plan - Growth Option,2026-03-11,176.1852
Nippon India Small Cap Fund,118778,Nippon India Small Cap Fund - Direct Plan - Growth Option,2026-03-12,175.8181
Nippon India Small Cap Fund,118778,Nippon India Small Cap Fund - Direct Plan - Growth Option,2026-03-13,171.4359
Nippon India Small Cap Fund,118778,Nippon India Small Cap Fund - Direct Plan - Growth Option,2026-03-16,171.3485
Nippon India Small Cap Fund,118778,Nippon India Small Cap Fund - Direct Plan - Growth Option,2026-03-17,172.4008
Nippon India Small Cap Fund,118778,Nippon India Small Cap Fund - Direct Plan - Growth Option,2026-03-18,174.7734
Nippon India Small Cap Fund,118778,Nippon India Small Cap Fund - Direct Plan - Growth Option,2026-03-19,170.5506
Nippon India Small Cap Fund,118778,Nippon India Small Cap Fund - Direct Plan - Growth Option,2026-03-20,171.0992
Nippon India Small Cap Fund,118778,Nippon India Small Cap Fund - Direct Plan - Growth Option,2026-03-23,165.3031
Nippon India Small Cap Fund,118778,Nippon India Small Cap Fund - Direct Plan - Growth Option,2026-03-24,168.8377
Nippon India Small Cap Fund,118778,Nippon India Small Cap Fund - Direct Plan - Growth Option,2026-03-25,172.442
Nippon India Small Cap Fund,118778,Nippon India Small Cap Fund - Direct Plan - Growth Option,2026-03-27,169.0869
Nippon India Small Cap Fund,118778,Nippon India Small Cap Fund - Direct Plan - Growth Option,2026-03-30,165.178
Nippon India Small Cap Fund,118778,Nippon India Small Cap Fund - Direct Plan - Growth Option,2026-03-31,165.176
Nippon India Small Cap Fund,118778,Nippon India Small Cap Fund - Direct Plan - Growth Option,2026-04-01,169.9382
Nippon India Small Cap Fund,118778,Nippon India Small Cap Fund - Direct Plan - Growth Option,2026-04-02,169.9426
Nippon India Small Cap Fund,118778,Nippon India Small Cap Fund - Direct Plan - Growth Option,2026-04-06,171.9066
Nippon India Small Cap Fund,118778,Nippon India Small Cap Fund - Direct Plan - Growth Option,2026-04-07,172.0877
Nippon India Small Cap Fund,118778,Nippon India Small Cap Fund - Direct Plan - Growth Option,2026-04-08,177.7797
Nippon India Small Cap Fund,118778,Nippon India Small Cap Fund - Direct Plan - Growth Option,2026-04-09,178.0416
Nippon India Small Cap Fund,118778,Nippon India Small Cap Fund - Direct Plan - Growth Option,2026-04-10,181.1237
Nippon India Small Cap Fund,118778,Nippon India Small Cap Fund - Direct Plan - Growth Option,2026-04-13,181.1493
Nippon India Small Cap Fund,118778,Nippon India Small Cap Fund - Direct Plan - Growth Option,2026-04-15,185.0019
Nippon India Small Cap Fund,118778,Nippon India Small Cap Fund - Direct Plan - Growth Option,2026-04-16,186.3352
Nippon India Small Cap Fund,118778,Nippon India Small Cap Fund - Direct Plan - Growth Option,2026-04-17,188.7652
Nippon India Small Cap Fund,118778,Nippon India Small Cap Fund - Direct Plan - Growth Option,2026-04-20,189.3466
Nippon India Small Cap Fund,118778,Nippon India Small Cap Fund - Direct Plan - Growth Option,2026-04-21,190.6215
Nippon India Small Cap Fund,118778,Nippon India Small Cap Fund - Direct Plan - Growth Option,2026-04-22,192.0415
Nippon India Small Cap Fund,118778,Nippon India Small Cap Fund - Direct Plan - Growth Option,2026-04-23,191.2444
Nippon India Small Cap Fund,118778,Nippon India Small Cap Fund - Direct Plan - Growth Option,2026-04-24,189.358
Nippon India Small Cap Fund,118778,Nippon India Small Cap Fund - Direct Plan - Growth Option,2026-04-27,192.716
Nippon India Small Cap Fund,118778,Nippon India Small Cap Fund - Direct Plan - Growth Option,2026-04-28,192.4407
Nippon India Small Cap Fund,118778,Nippon India Small Cap Fund - Direct Plan - Growth Option,2026-04-29,193.1345
Nippon India Small Cap Fund,118778,Nippon India Small Cap Fund - Direct Plan - Growth Option,2026-04-30,192.0823
Nippon India Small Cap Fund,118778,Nippon India Small Cap Fund - Direct Plan - Growth Option,2026-05-04,194.2944
Nippon India Small Cap Fund,118778,Nippon India Small Cap Fund - Direct Plan - Growth Option,2026-05-05,193.7641
Nippon India Small Cap Fund,118778,Nippon India Small Cap Fund - Direct Plan - Growth Option,2026-05-06,196.0518
Nippon India Small Cap Fund,118778,Nippon India Small Cap Fund - Direct Plan - Growth Option,2026-05-07,198.6453
Nippon India Small Cap Fund,118778,Nippon India Small Cap Fund - Direct Plan - Growth Option,2026-05-08,198.3537
Nippon India Small Cap Fund,118778,Nippon India Small Cap Fund - Direct Plan - Growth Option,2026-05-11,196.4053
Nippon India Small Cap Fund,118778,Nippon India Small Cap Fund - Direct Plan - Growth Option,2026-05-12,191.9612
Nippon India Small Cap Fund,118778,Nippon India Small Cap Fund - Direct Plan - Growth Option,2026-05-13,192.3302
Nippon India Small Cap Fund,118778,Nippon India Small Cap Fund - Direct Plan - Growth Option,2026-05-14,193.4865
Nippon India Small Cap Fund,118778,Nippon India Small Cap Fund - Direct Plan - Growth Option,2026-05-15,193.5916
Nippon India Small Cap Fund,118778,Nippon India Small Cap Fund - Direct Plan - Growth Option,2026-05-18,191.4534
Nippon India Small Cap Fund,118778,Nippon India Small Cap Fund - Direct Plan - Growth Option,2026-05-19,193.4247
Nippon India Small Cap Fund,118778,Nippon India Small Cap Fund - Direct Plan - Growth Option,2026-05-20,193.6539
Nippon India Small Cap Fund,118778,Nippon India Small Cap Fund - Direct Plan - Growth Option,2026-05-21,194.7091
Nippon India Small Cap Fund,118778,Nippon India Small Cap Fund - Direct Plan - Growth Option,2026-05-22,194.7694
Nippon India Small Cap Fund,118778,Nippon India Small Cap Fund - Direct Plan - Growth Option,2026-05-25,196.4549
Nippon India Small Cap Fund,118778,Nippon India Small Cap Fund - Direct Plan - Growth Option,2026-05-26,196.7598
Nippon India Small Cap Fund,118778,Nippon India Small Cap Fund - Direct Plan - Growth Option,2026-05-27,197.4799
Nippon India Small Cap Fund,118778,Nippon India Small Cap Fund - Direct Plan - Growth Option,2026-05-29,195.4582
Nippon India Small Cap Fund,118778,Nippon India Small Cap Fund - Direct Plan - Growth Option,2026-06-01,192.9291
Nippon India Small Cap Fund,118778,Nippon India Small Cap Fund - Direct Plan - Growth Option,2026-06-02,193.9414
Nippon India Small Cap Fund,118778,Nippon India Small Cap Fund - Direct Plan - Growth Option,2026-06-03,193.7635
Nippon India Small Cap Fund,118778,Nippon India Small Cap Fund - Direct Plan - Growth Option,2026-06-04,194.7925
Nippon India Small Cap Fund,118778,Nippon India Small Cap Fund - Direct Plan - Growth Option,2026-06-05,195.0449
Nippon India Small Cap Fund,118778,Nippon India Small Cap Fund - Direct Plan - Growth Option,2026-06-08,192.5394
Nippon India Small Cap Fund,118778,Nippon India Small Cap Fund - Direct Plan - Growth Option,2026-06-09,194.5439
Nippon India Small Cap Fund,118778,Nippon India Small Cap Fund - Direct Plan - Growth Option,2026-06-10,192.2399
Nippon India Small Cap Fund,118778,Nippon India Small Cap Fund - Direct Plan - Growth Option,2026-06-11,190.5408
Nippon India Small Cap Fund,118778,Nippon India Small Cap Fund - Direct Plan - Growth Option,2026-06-12,195.1257
Nippon India Small Cap Fund,118778,Nippon India Small Cap Fund - Direct Plan - Growth Option,2026-06-15,198.1162
Nippon India Small Cap Fund,118778,Nippon India Small Cap Fund - Direct Plan - Growth Option,2026-06-16,199.2276
Nippon India Small Cap Fund,118778,Nippon India Small Cap Fund - Direct Plan - Growth Option,2026-06-17,200.593
Nippon India Small Cap Fund,118778,Nippon India Small Cap Fund - Direct Plan - Growth Option,2026-06-18,202.1932
Nippon India Small Cap Fund,118778,Nippon India Small Cap Fund - Direct Plan - Growth Option,2026-06-19,203.071
Nippon India Small Cap Fund,118778,Nippon India Small Cap Fund - Direct Plan - Growth Option,2026-06-22,205.2575
Nippon India Small Cap Fund,118778,Nippon India Small Cap Fund - Direct Plan - Growth Option,2026-06-23,203.7836
Nippon India Small Cap Fund,118778,Nippon India Small Cap Fund - Direct Plan - Growth Option,2026-06-24,204.0484
Nippon India Small Cap Fund,118778,Nippon India Small Cap Fund - Direct Plan - Growth Option,2026-06-25,202.8225
Nippon India Small Cap Fund,118778,Nippon India Small Cap Fund - Direct Plan - Growth Option,2026-06-29,202.4988
Nippon India Small Cap Fund,118778,Nippon India Small Cap Fund - Direct Plan - Growth Option,2026-06-30,203.5082
Nippon India Small Cap Fund,118778,Nippon India Small Cap Fund - Direct Plan - Growth Option,2026-07-01,204.1415
Nippon India Small Cap Fund,118778,Nippon India Small Cap Fund - Direct Plan - Growth Option,2026-07-02,205.2814
Nippon India Small Cap Fund,118778,Nippon India Small Cap Fund - Direct Plan - Growth Option,2026-07-03,204.1843
Nippon India Small Cap Fund,118778,Nippon India Small Cap Fund - Direct Plan - Growth Option,2026-07-06,204.7903
Nippon India Small Cap Fund,118778,Nippon India Small Cap Fund - Direct Plan - Growth Option,2026-07-07,202.9875
Nippon India Small Cap Fund,118778,Nippon India Small Cap Fund - Direct Plan - Growth Option,2026-07-08,199.2592
Nippon India Small Cap Fund,118778,Nippon India Small Cap Fund - Direct Plan - Growth Option,2026-07-09,202.3113
Nippon India Small Cap Fund,118778,Nippon India Small Cap Fund - Direct Plan - Growth Option,2026-07-10,205.06
Nippon India Small Cap Fund,118778,Nippon India Small Cap Fund - Direct Plan - Growth Option,2026-07-13,205.5009
Nippon India Small Cap Fund,118778,Nippon India Small Cap Fund - Direct Plan - Growth Option,2026-07-14,203.7543
Nippon India Small Cap Fund,118778,Nippon India Small Cap Fund - Direct Plan - Growth Option,2026-07-15,204.6756
Nippon India Small Cap Fund,118778,Nippon India Small Cap Fund - Direct Plan - Growth Option,2026-07-16,204.6889
Nippon India Small Cap Fund,118778,Nippon India Small Cap Fund - Direct Plan - Growth Option,2026-07-17,203.5938
Nippon India Small Cap Fund,118778,Nippon India Small Cap Fund - Direct Plan - Growth Option,2026-07-20,203.6711
Nippon India Small Cap Fund,118778,Nippon India Small Cap Fund - Direct Plan - Growth Option,2026-07-21,203.9328
Nippon India Small Cap Fund,118778,Nippon India Small Cap Fund - Direct Plan - Growth Option,2026-07-22,202.1644
Nippon India Small Cap Fund,118778,Nippon India Small Cap Fund - Direct Plan - Growth Option,2026-07-23,200.055
Nippon India Small Cap Fund,118778,Nippon India Small Cap Fund - Direct Plan - Growth Option,2026-07-24,200.4632
Nippon India Small Cap Fund,118778,Nippon India Small Cap Fund - Direct Plan - Growth Option,2026-07-27,202.3231
Nippon India Small Cap Fund,118778,Nippon India Small Cap Fund - Direct Plan - Growth Option,2026-07-28,200.7337
Nippon India Small Cap Fund,118778,Nippon India Small Cap Fund - Direct Plan - Growth Option,2026-07-29,202.895
Nippon India Small Cap Fund,118778,Nippon India Small Cap Fund - Direct Plan - Growth Option,2026-07-30,201.84
Nippon India Small Cap Fund,118778,Nippon India Small Cap Fund - Direct Plan - Growth Option,2026-07-31,203.1573
Nippon India Small Cap Fund,118778,Nippon India Small Cap Fund - Direct Plan - Growth Option,2026-08-03,205.8498
Nippon India Small Cap Fund,118778,Nippon India Small Cap Fund - Direct Plan - Growth Option,2026-08-04,206.2232
Nippon India Small Cap Fund,118778,Nippon India Small Cap Fund - Direct Plan - Growth Option,2026-08-05,207.7697
Nippon India Small Cap Fund,118778,Nippon India Small Cap Fund - Direct Plan - Growth Option,2026-08-06,208.0864
Nippon India Small Cap Fund,118778,Nippon India Small Cap Fund - Direct Plan - Growth Option,2026-08-07,208.2889
Nippon India Small Cap Fund,118778,Nippon India Small Cap Fund - Direct Plan - Growth Option,2026-08-10,208.0651
Nippon India Small Cap Fund,118778,Nippon India Small Cap Fund - Direct Plan - Growth Option,2026-08-11,208.6368
Nippon India Small Cap Fund,118778,Nippon India Small Cap Fund - Direct Plan - Growth Option,2026-08-12,209.4193
Nippon India Small Cap Fund,118778,Nippon India Small Cap Fund - Direct Plan - Growth Option,2026-08-13,209.3661
Nippon India Small Cap Fund,118778,Nippon India Small Cap Fund - Direct Plan - Growth Option,2026-08-14,209.1971
Nippon India Small Cap Fund,118778,Nippon India Small Cap Fund - Direct Plan - Growth Option,2026-08-17,209.9512
Nippon India Small Cap Fund,118778,Nippon India Small Cap Fund - Direct Plan - Growth Option,2026-08-18,210.1684
Nippon India Small Cap Fund,118778,Nippon India Small Cap Fund - Direct Plan - Growth Option,2026-08-19,209.067
Nippon India Small Cap Fund,118778,Nippon India Small Cap Fund - Direct Plan - Growth Option,2026-08-20,210.3676
Nippon India Small Cap Fund,118778,Nippon India Small Cap Fund - Direct Plan - Growth Option,2026-08-21,210.3531
Nippon India Small Cap Fund,118778,Nippon India Small Cap Fund - Direct Plan - Growth Option,2026-08-24,209.9409
Nippon India Small Cap Fund,118778,Nippon India Small Cap Fund - Direct Plan - Growth Option,2026-08-25,209.8001
Nippon India Small Cap Fund,118778,Nippon India Small Cap Fund - Direct Plan - Growth Option,2026-08-26,210.7198
Nippon India Small Cap Fund,118778,Nippon India Small Cap Fund - Direct Plan - Growth Option,2026-08-27,210.486
Nippon India Small Cap Fund,118778,Nippon India Small Cap Fund - Direct Plan - Growth Option,2026-08-28,210.6366
Nippon India Small Cap Fund,118778,Nippon India Small Cap Fund - Direct Plan - Growth Option,2026-08-31,210.6609
Nippon India Small Cap Fund,118778,Nippon India Small Cap Fund - Direct Plan - Growth Option,2026-09-01,209.5553
Nippon India Small Cap Fund,118778,Nippon India Small Cap Fund - Direct Plan - Growth Option,2026-09-02,208.3613
Nippon India Small Cap Fund,118778,Nippon India Small Cap Fund - Direct Plan - Growth Option,2026-09-03,209.9627
Nippon India Small Cap Fund,118778,Nippon India Small Cap Fund - Direct Plan - Growth Option,2026-09-04,210.4787
Nippon India Small Cap Fund,118778,Nippon India Small Cap Fund - Direct Plan - Growth Option,2026-09-07,210.2191
Nippon India Small Cap Fund,118778,Nippon India Small Cap Fund - Direct Plan - Growth Option,2026-09-08,211.077
Nippon India Small Cap Fund,118778,Nippon India Small Cap Fund - Direct Plan - Growth Option,2026-09-09,209.9913
Nippon India Small Cap Fund,118778,Nippon India Small Cap Fund - Direct Plan - Growth Option,2026-09-10,209.444
Nippon India Small Cap Fund,118778,Nippon India Small Cap Fund - Direct Plan - Growth Option,2026-09-11,209.4966
Nippon India Small Cap Fund,118778,Nippon India Small Cap Fund - Direct Plan - Growth Option,2026-09-15,204.5126
Nippon India Small Cap Fund,118778,Nippon India Small Cap Fund - Direct Plan - Growth Option,2026-09-16,204.616
Nippon India Small Cap Fund,118778,Nippon India Small Cap Fund - Direct Plan - Growth Option,2026-09-17,206.474
Nippon India Small Cap Fund,118778,Nippon India Small Cap Fund - Direct Plan - Growth Option,2026-09-18,209.3568
Nippon India Small Cap Fund,118778,Nippon India Small Cap Fund - Direct Plan - Growth Option,2026-09-21,209.5159
Nippon India Small Cap Fund,118778,Nippon India Small Cap Fund - Direct Plan - Growth Option,2026-09-22,209.1061
Nippon India Small Cap Fund,118778,Nippon India Small Cap Fund - Direct Plan - Growth Option,2026-09-23,210.3818
Nippon India Small Cap Fund,118778,Nippon India Small Cap Fund - Direct Plan - Growth Option,2026-09-24,207.7125
Nippon India Small Cap Fund,118778,Nippon India Small Cap Fund - Direct Plan - Growth Option,2026-09-25,208.0154
Nippon India Small Cap Fund,118778,Nippon India Small Cap Fund - Direct Plan - Growth Option,2026-09-28,204.746
Nippon India Small Cap Fund,118778,Nippon India Small Cap Fund - Direct Plan - Growth Option,2026-09-29,204.3582
Nippon India Small Cap Fund,118778,Nippon India Small Cap Fund - Direct Plan - Growth Option,2026-09-30,204.5942
Nippon India Small Cap Fund,118778,Nippon India Small Cap Fund - Direct Plan - Growth Option,2026-10-01,202.2936
SBI Contra Fund,119835,SBI CONTRA FUND - Direct Plan - Growth,2025-01-01,409.9076
SBI Contra Fund,119835,SBI CONTRA FUND - Direct Plan - Growth,2025-01-02,414.1669
SBI Contra Fund,119835,SBI CONTRA FUND - Direct Plan - Growth,2025-01-03,412.9682
SBI Contra Fund,119835,SBI CONTRA FUND - Direct Plan - Growth,2025-01-06,405.6135
SBI Contra Fund,119835,SBI CONTRA FUND - Direct Plan - Growth,2025-01-07,407.1104
SBI Contra Fund,119835,SBI CONTRA FUND - Direct Plan - Growth,2025-01-08,406.2583
SBI Contra Fund,119835,SBI CONTRA FUND - Direct Plan - Growth,2025-01-09,403.1052
SBI Contra Fund,119835,SBI CONTRA FUND - Direct Plan - Growth,2025-01-10,398.9354
SBI Contra Fund,119835,SBI CONTRA FUND - Direct Plan - Growth,2025-01-13,391.4695
SBI Contra Fund,119835,SBI CONTRA FUND - Direct Plan - Growth,2025-01-14,395.5904
SBI Contra Fund,119835,SBI CONTRA FUND - Direct Plan - Growth,2025-01-15,396.4896
SBI Contra Fund,119835,SBI CONTRA FUND - Direct Plan - Growth,2025-01-16,399.5436
SBI Contra Fund,119835,SBI CONTRA FUND - Direct Plan - Growth,2025-01-17,399.144
SBI Contra Fund,119835,SBI CONTRA FUND - Direct Plan - Growth,2025-01-20,401.4892
SBI Contra Fund,119835,SBI CONTRA FUND - Direct Plan - Growth,2025-01-21,396.738
SBI Contra Fund,119835,SBI CONTRA FUND - Direct Plan - Growth,2025-01-22,395.597
SBI Contra Fund,119835,SBI CONTRA FUND - Direct Plan - Growth,2025-01-23,398.0405
SBI Contra Fund,119835,SBI CONTRA FUND - Direct Plan - Growth,2025-01-24,394.7537
SBI Contra Fund,119835,SBI CONTRA FUND - Direct Plan - Growth,2025-01-27,388.3845
SBI Contra Fund,119835,SBI CONTRA FUND - Direct Plan - Growth,2025-01-28,389.4045
SBI Contra Fund,119835,SBI CONTRA FUND - Direct Plan - Growth,2025-01-29,392.892
SBI Contra Fund,119835,SBI CONTRA FUND - Direct Plan - Growth,2025-01-30,392.356
SBI Contra Fund,119835,SBI CONTRA FUND - Direct Plan - Growth,2025-01-31,396.2021
SBI Contra Fund,119835,SBI CONTRA FUND - Direct Plan - Growth,2025-02-03,393.016
SBI Contra Fund,119835,SBI CONTRA FUND - Direct Plan - Growth,2025-02-04,397.814
SBI Contra Fund,119835,SBI CONTRA FUND - Direct Plan - Growth,2025-02-05,398.966
SBI Contra Fund,119835,SBI CONTRA FUND - Direct Plan - Growth,2025-02-06,398.9182
SBI Contra Fund,119835,SBI CONTRA FUND - Direct Plan - Growth,2025-02-07,398.3297
SBI Contra Fund,119835,SBI CONTRA FUND - Direct Plan - Growth,2025-02-10,394.321
SBI Contra Fund,119835,SBI CONTRA FUND - Direct Plan - Growth,2025-02-11,387.5566
SBI Contra Fund,119835,SBI CONTRA FUND - Direct Plan - Growth,2025-02-12,387.2351
SBI Contra Fund,119835,SBI CONTRA FUND - Direct Plan - Growth,2025-02-13,387.4324
SBI Contra Fund,119835,SBI CONTRA FUND - Direct Plan - Growth,2025-02-14,383.4223
SBI Contra Fund,119835,SBI CONTRA FUND - Direct Plan - Growth,2025-02-17,384.237
SBI Contra Fund,119835,SBI CONTRA FUND - Direct Plan - Growth,2025-02-18,383.2121
SBI Contra Fund,119835,SBI CONTRA FUND - Direct Plan - Growth,2025-02-19,384.879
SBI Contra Fund,119835,SBI CONTRA FUND - Direct Plan - Growth,2025-02-20,384.5877
SBI Contra Fund,119835,SBI CONTRA FUND - Direct Plan - Growth,2025-02-21,382.2224
SBI Contra Fund,119835,SBI CONTRA FUND - Direct Plan - Growth,2025-02-24,379.3825
SBI Contra Fund,119835,SBI CONTRA FUND - Direct Plan - Growth,2025-02-25,378.6272
SBI Contra Fund,119835,SBI CONTRA FUND - Direct Plan - Growth,2025-02-27,377.8756
SBI Contra Fund,119835,SBI CONTRA FUND - Direct Plan - Growth,2025-02-28,371.6512
SBI Contra Fund,119835,SBI CONTRA FUND - Direct Plan - Growth,2025-03-03,370.7107
SBI Contra Fund,119835,SBI CONTRA FUND - Direct Plan - Growth,2025-03-04,370.7273
SBI Contra Fund,119835,SBI CONTRA FUND - Direct Plan - Growth,2025-03-05,375.7387
SBI Contra Fund,119835,SBI CONTRA FUND - Direct Plan - Growth,2025-03-06,378.8866
SBI Contra Fund,119835,SBI CONTRA FUND - Direct Plan - Growth,2025-03-07,379.042
SBI Contra Fund,119835,SBI CONTRA FUND - Direct Plan - Growth,2025-03-10,375.9265
SBI Contra Fund,119835,SBI CONTRA FUND - Direct Plan - Growth,2025-03-11,375.4202
SBI Contra Fund,119835,SBI CONTRA FUND - Direct Plan - Growth,2025-03-12,374.8145
SBI Contra Fund,119835,SBI CONTRA FUND - Direct Plan - Growth,2025-03-13,373.3502
SBI Contra Fund,119835,SBI CONTRA FUND - Direct Plan - Growth,2025-03-17,374.8162
SBI Contra Fund,119835,SBI CONTRA FUND - Direct Plan - Growth,2025-03-18,379.5421
SBI Contra Fund,119835,SBI CONTRA FUND - Direct Plan - Growth,2025-03-19,382.3555
SBI Contra Fund,119835,SBI CONTRA FUND - Direct Plan - Growth,2025-03-20,385.1524
SBI Contra Fund,119835,SBI CONTRA FUND - Direct Plan - Growth,2025-03-21,388.8597
SBI Contra Fund,119835,SBI CONTRA FUND - Direct Plan - Growth,2025-03-24,393.8954
SBI Contra Fund,119835,SBI CONTRA FUND - Direct Plan - Growth,2025-03-25,392.5958
SBI Contra Fund,119835,SBI CONTRA FUND - Direct Plan - Growth,2025-03-26,390.1132
SBI Contra Fund,119835,SBI CONTRA FUND - Direct Plan - Growth,2025-03-27,391.925
SBI Contra Fund,119835,SBI CONTRA FUND - Direct Plan - Growth,2025-03-28,390.4193
SBI Contra Fund,119835,SBI CONTRA FUND - Direct Plan - Growth,2025-03-31,390.499
SBI Contra Fund,119835,SBI CONTRA FUND - Direct Plan - Growth,2025-04-01,388.4433
SBI Contra Fund,119835,SBI CONTRA FUND - Direct Plan - Growth,2025-04-02,390.6817
SBI Contra Fund,119835,SBI CONTRA FUND - Direct Plan - Growth,2025-04-03,389.6471
SBI Contra Fund,119835,SBI CONTRA FUND - Direct Plan - Growth,2025-04-04,382.4535
SBI Contra Fund,119835,SBI CONTRA FUND - Direct Plan - Growth,2025-04-07,371.9624
SBI Contra Fund,119835,SBI CONTRA FUND - Direct Plan - Growth,2025-04-08,377.096
SBI Contra Fund,119835,SBI CONTRA FUND - Direct Plan - Growth,2025-04-09,376.4729
SBI Contra Fund,119835,SBI CONTRA FUND - Direct Plan - Growth,2025-04-11,381.9029
SBI Contra Fund,119835,SBI CONTRA FUND - Direct Plan - Growth,2025-04-15,389.2573
SBI Contra Fund,119835,SBI CONTRA FUND - Direct Plan - Growth,2025-04-16,391.5884
SBI Contra Fund,119835,SBI CONTRA FUND - Direct Plan - Growth,2025-04-17,395.7064
SBI Contra Fund,119835,SBI CONTRA FUND - Direct Plan - Growth,2025-04-21,400.2818
SBI Contra Fund,119835,SBI CONTRA FUND - Direct Plan - Growth,2025-04-22,401.6095
SBI Contra Fund,119835,SBI CONTRA FUND - Direct Plan - Growth,2025-04-23,403.2458
SBI Contra Fund,119835,SBI CONTRA FUND - Direct Plan - Growth,2025-04-24,403.1963
SBI Contra Fund,119835,SBI CONTRA FUND - Direct Plan - Growth,2025-04-25,398.1279
SBI Contra Fund,119835,SBI CONTRA FUND - Direct Plan - Growth,2025-04-28,402.5791
SBI Contra Fund,119835,SBI CONTRA FUND - Direct Plan - Growth,2025-04-29,402.8806
SBI Contra Fund,119835,SBI CONTRA FUND - Direct Plan - Growth,2025-04-30,402.4127
SBI Contra Fund,119835,SBI CONTRA FUND - Direct Plan - Growth,2025-05-02,402.0808
SBI Contra Fund,119835,SBI CONTRA FUND - Direct Plan - Growth,2025-05-05,404.132
SBI Contra Fund,119835,SBI CONTRA FUND - Direct Plan - Growth,2025-05-06,400.8173
SBI Contra Fund,119835,SBI CONTRA FUND - Direct Plan - Growth,2025-05-07,402.6929
SBI Contra Fund,119835,SBI CONTRA FUND - Direct Plan - Growth,2025-05-08,399.6653
SBI Contra Fund,119835,SBI CONTRA FUND - Direct Plan - Growth,2025-05-09,396.7304
SBI Contra Fund,119835,SBI CONTRA FUND - Direct Plan - Growth,2025-05-12,409.3855
SBI Contra Fund,119835,SBI CONTRA FUND - Direct Plan - Growth,2025-05-13,406.0918
SBI Contra Fund,119835,SBI CONTRA FUND - Direct Plan - Growth,2025-05-14,408.5766
SBI Contra Fund,119835,SBI CONTRA FUND - Direct Plan - Growth,2025-05-15,412.4414
SBI Contra Fund,119835,SBI CONTRA FUND - Direct Plan - Growth,2025-05-16,413.5042
SBI Contra Fund,119835,SBI CONTRA FUND - Direct Plan - Growth,2025-05-19,414.0505
SBI Contra Fund,119835,SBI CONTRA FUND - Direct Plan - Growth,2025-05-20,410.9182
SBI Contra Fund,119835,SBI CONTRA FUND - Direct Plan - Growth,2025-05-21,412.3413
SBI Contra Fund,119835,SBI CONTRA FUND - Direct Plan - Growth,2025-05-22,409.8389
SBI Contra Fund,119835,SBI CONTRA FUND - Direct Plan - Growth,2025-05-23,412.0669
SBI Contra Fund,119835,SBI CONTRA FUND - Direct Plan - Growth,2025-05-26,413.5148
SBI Contra Fund,119835,SBI CONTRA FUND - Direct Plan - Growth,2025-05-27,412.2753
SBI Contra Fund,119835,SBI CONTRA FUND - Direct Plan - Growth,2025-05-28,411.6182
SBI Contra Fund,119835,SBI CONTRA FUND - Direct Plan - Growth,2025-05-29,412.5681
SBI Contra Fund,119835,SBI CONTRA FUND - Direct Plan - Growth,2025-05-30,411.8995
SBI Contra Fund,119835,SBI CONTRA FUND - Direct Plan - Growth,2025-05-31,411.907
SBI Contra Fund,119835,SBI CONTRA FUND - Direct Plan - Growth,2025-06-02,411.5001
SBI Contra Fund,119835,SBI CONTRA FUND - Direct Plan - Growth,2025-06-03,410.0912
SBI Contra Fund,119835,SBI CONTRA FUND - Direct Plan - Growth,2025-06-04,411.5729
SBI Contra Fund,119835,SBI CONTRA FUND - Direct Plan - Growth,2025-06-05,412.6589
SBI Contra Fund,119835,SBI CONTRA FUND - Direct Plan - Growth,2025-06-06,415.801
SBI Contra Fund,119835,SBI CONTRA FUND - Direct Plan - Growth,2025-06-09,419.018
SBI Contra Fund,119835,SBI CONTRA FUND - Direct Plan - Growth,2025-06-10,419.5974
SBI Contra Fund,119835,SBI CONTRA FUND - Direct Plan - Growth,2025-06-11,420.0849
SBI Contra Fund,119835,SBI CONTRA FUND - Direct Plan - Growth,2025-06-12,415.4627
SBI Contra Fund,119835,SBI CONTRA FUND - Direct Plan - Growth,2025-06-13,412.5751
SBI Contra Fund,119835,SBI CONTRA FUND - Direct Plan - Growth,2025-06-16,415.9697
SBI Contra Fund,119835,SBI CONTRA FUND - Direct Plan - Growth,2025-06-17,413.7033
SBI Contra Fund,119835,SBI CONTRA FUND - Direct Plan - Growth,2025-06-18,412.5945
SBI Contra Fund,119835,SBI CONTRA FUND - Direct Plan - Growth,2025-06-19,410.4184
SBI Contra Fund,119835,SBI CONTRA FUND - Direct Plan - Growth,2025-06-20,414.1797
SBI Contra Fund,119835,SBI CONTRA FUND - Direct Plan - Growth,2025-06-23,413.8867
SBI Contra Fund,119835,SBI CONTRA FUND - Direct Plan - Growth,2025-06-24,416.1668
SBI Contra Fund,119835,SBI CONTRA FUND - Direct Plan - Growth,2025-06-25,418.9992
SBI Contra Fund,119835,SBI CONTRA FUND - Direct Plan - Growth,2025-06-26,422.5704
SBI Contra Fund,119835,SBI CONTRA FUND - Direct Plan - Growth,2025-06-27,424.6426
SBI Contra Fund,119835,SBI CONTRA FUND - Direct Plan - Growth,2025-06-30,424.11
SBI Contra Fund,119835,SBI CONTRA FUND - Direct Plan - Growth,2025-07-01,425.0037
SBI Contra Fund,119835,SBI CONTRA FUND - Direct Plan - Growth,2025-07-02,425.0326
SBI Contra Fund,119835,SBI CONTRA FUND - Direct Plan - Growth,2025-07-03,424.83
SBI Contra Fund,119835,SBI CONTRA FUND - Direct Plan - Growth,2025-07-04,425.8238
SBI Contra Fund,119835,SBI CONTRA FUND - Direct Plan - Growth,2025-07-07,425.7562
SBI Contra Fund,119835,SBI CONTRA FUND - Direct Plan - Growth,2025-07-08,426.4439
SBI Contra Fund,119835,SBI CONTRA FUND - Direct Plan - Growth,2025-07-09,426.0722
SBI Contra Fund,119835,SBI CONTRA FUND - Direct Plan - Growth,2025-07-10,424.4895
SBI Contra Fund,119835,SBI CONTRA FUND - Direct Plan - Growth,2025-07-11,422.1962
SBI Contra Fund,119835,SBI CONTRA FUND - Direct Plan - Growth,2025-07-14,422.3284
SBI Contra Fund,119835,SBI CONTRA FUND - Direct Plan - Growth,2025-07-15,424.0571
SBI Contra Fund,119835,SBI CONTRA FUND - Direct Plan - Growth,2025-07-16,424.8345
SBI Contra Fund,119835,SBI CONTRA FUND - Direct Plan - Growth,2025-07-17,424.1177
SBI Contra Fund,119835,SBI CONTRA FUND - Direct Plan - Growth,2025-07-18,422.5474
SBI Contra Fund,119835,SBI CONTRA FUND - Direct Plan - Growth,2025-07-21,422.5698
SBI Contra Fund,119835,SBI CONTRA FUND - Direct Plan - Growth,2025-07-22,421.4005
SBI Contra Fund,119835,SBI CONTRA FUND - Direct Plan - Growth,2025-07-23,423.579
SBI Contra Fund,119835,SBI CONTRA FUND - Direct Plan - Growth,2025-07-24,421.197
SBI Contra Fund,119835,SBI CONTRA FUND - Direct Plan - Growth,2025-07-25,417.2635
SBI Contra Fund,119835,SBI CONTRA FUND - Direct Plan - Growth,2025-07-28,414.828
SBI Contra Fund,119835,SBI CONTRA FUND - Direct Plan - Growth,2025-07-29,417.2423
SBI Contra Fund,119835,SBI CONTRA FUND - Direct Plan - Growth,2025-07-30,417.1806
SBI Contra Fund,119835,SBI CONTRA FUND - Direct Plan - Growth,2025-07-31,414.2003
SBI Contra Fund,119835,SBI CONTRA FUND - Direct Plan - Growth,2025-08-01,410.0925
SBI Contra Fund,119835,SBI CONTRA FUND - Direct Plan - Growth,2025-08-04,412.7825
SBI Contra Fund,119835,SBI CONTRA FUND - Direct Plan - Growth,2025-08-05,410.9552
SBI Contra Fund,119835,SBI CONTRA FUND - Direct Plan - Growth,2025-08-06,409.5147
SBI Contra Fund,119835,SBI CONTRA FUND - Direct Plan - Growth,2025-08-07,410.0454
SBI Contra Fund,119835,SBI CONTRA FUND - Direct Plan - Growth,2025-08-08,406.0598
SBI Contra Fund,119835,SBI CONTRA FUND - Direct Plan - Growth,2025-08-11,408.3293
SBI Contra Fund,119835,SBI CONTRA FUND - Direct Plan - Growth,2025-08-12,408.8998
SBI Contra Fund,119835,SBI CONTRA FUND - Direct Plan - Growth,2025-08-13,411.2607
SBI Contra Fund,119835,SBI CONTRA FUND - Direct Plan - Growth,2025-08-14,410.1855
SBI Contra Fund,119835,SBI CONTRA FUND - Direct Plan - Growth,2025-08-18,413.8724
SBI Contra Fund,119835,SBI CONTRA FUND - Direct Plan - Growth,2025-08-19,416.1895
SBI Contra Fund,119835,SBI CONTRA FUND - Direct Plan - Growth,2025-08-20,416.8908
SBI Contra Fund,119835,SBI CONTRA FUND - Direct Plan - Growth,2025-08-21,417.1793
SBI Contra Fund,119835,SBI CONTRA FUND - Direct Plan - Growth,2025-08-22,414.8697
SBI Contra Fund,119835,SBI CONTRA FUND - Direct Plan - Growth,2025-08-25,415.539
SBI Contra Fund,119835,SBI CONTRA FUND - Direct Plan - Growth,2025-08-26,411.6758
SBI Contra Fund,119835,SBI CONTRA FUND - Direct Plan - Growth,2025-08-28,408.6671
SBI Contra Fund,119835,SBI CONTRA FUND - Direct Plan - Growth,2025-08-29,407.7822
SBI Contra Fund,119835,SBI CONTRA FUND - Direct Plan - Growth,2025-08-31,407.793
SBI Contra Fund,119835,SBI CONTRA FUND - Direct Plan - Growth,2025-09-01,410.8945
SBI Contra Fund,119835,SBI CONTRA FUND - Direct Plan - Growth,2025-09-02,411.8887
SBI Contra Fund,119835,SBI CONTRA FUND - Direct Plan - Growth,2025-09-03,414.4057
SBI Contra Fund,119835,SBI CONTRA FUND - Direct Plan - Growth,2025-09-04,413.5083
SBI Contra Fund,119835,SBI CONTRA FUND - Direct Plan - Growth,2025-09-05,413.7186
SBI Contra Fund,119835,SBI CONTRA FUND - Direct Plan - Growth,2025-09-08,414.4373
SBI Contra Fund,119835,SBI CONTRA FUND - Direct Plan - Growth,2025-09-09,414.9446
SBI Contra Fund,119835,SBI CONTRA FUND - Direct Plan - Growth,2025-09-10,416.1128
SBI Contra Fund,119835,SBI CONTRA FUND - Direct Plan - Growth,2025-09-11,417.0977
SBI Contra Fund,119835,SBI CONTRA FUND - Direct Plan - Growth,2025-09-12,417.8335
SBI Contra Fund,119835,SBI CONTRA FUND - Direct Plan - Growth,2025-09-15,417.8916
SBI Contra Fund,119835,SBI CONTRA FUND - Direct Plan - Growth,2025-09-16,420.2798
SBI Contra Fund,119835,SBI CONTRA FUND - Direct Plan - Growth,2025-09-17,421.2651
SBI Contra Fund,119835,SBI CONTRA FUND - Direct Plan - Growth,2025-09-18,423.0334
SBI Contra Fund,119835,SBI CONTRA FUND - Direct Plan - Growth,2025-09-19,422.363
SBI Contra Fund,119835,SBI CONTRA FUND - Direct Plan - Growth,2025-09-22,420.0482
SBI Contra Fund,119835,SBI CONTRA FUND - Direct Plan - Growth,2025-09-23,419.1585
SBI Contra Fund,119835,SBI CONTRA FUND - Direct Plan - Growth,2025-09-24,416.8217
SBI Contra Fund,119835,SBI CONTRA FUND - Direct Plan - Growth,2025-09-25,414.246
SBI Contra Fund,119835,SBI CONTRA FUND - Direct Plan - Growth,2025-09-26,409.752
SBI Contra Fund,119835,SBI CONTRA FUND - Direct Plan - Growth,2025-09-30,410.5572
SBI Contra Fund,119835,SBI CONTRA FUND - Direct Plan - Growth,2025-10-01,413.338
SBI Contra Fund,119835,SBI CONTRA FUND - Direct Plan - Growth,2025-10-03,415.5485
SBI Contra Fund,119835,SBI CONTRA FUND - Direct Plan - Growth,2025-10-06,417.387
SBI Contra Fund,119835,SBI CONTRA FUND - Direct Plan - Growth,2025-10-07,418.2134
SBI Contra Fund,119835,SBI CONTRA FUND - Direct Plan - Growth,2025-10-08,416.2717
SBI Contra Fund,119835,SBI CONTRA FUND - Direct Plan - Growth,2025-10-09,418.5531
SBI Contra Fund,119835,SBI CONTRA FUND - Direct Plan - Growth,2025-10-10,419.43
SBI Contra Fund,119835,SBI CONTRA FUND - Direct Plan - Growth,2025-10-13,418.6828
SBI Contra Fund,119835,SBI CONTRA FUND - Direct Plan - Growth,2025-10-14,416.886
SBI Contra Fund,119835,SBI CONTRA FUND - Direct Plan - Growth,2025-10-15,418.8599
SBI Contra Fund,119835,SBI CONTRA FUND - Direct Plan - Growth,2025-10-16,422.0516
SBI Contra Fund,119835,SBI CONTRA FUND - Direct Plan - Growth,2025-10-17,422.8586
SBI Contra Fund,119835,SBI CONTRA FUND - Direct Plan - Growth,2025-10-20,426.3297
SBI Contra Fund,119835,SBI CONTRA FUND - Direct Plan - Growth,2025-10-23,428.5356
SBI Contra Fund,119835,SBI CONTRA FUND - Direct Plan - Growth,2025-10-24,426.7703
SBI Contra Fund,119835,SBI CONTRA FUND - Direct Plan - Growth,2025-10-27,429.7141
SBI Contra Fund,119835,SBI CONTRA FUND - Direct Plan - Growth,2025-10-28,429.6683
SBI Contra Fund,119835,SBI CONTRA FUND - Direct Plan - Growth,2025-10-29,433.5687
SBI Contra Fund,119835,SBI CONTRA FUND - Direct Plan - Growth,2025-10-30,431.0929
SBI Contra Fund,119835,SBI CONTRA FUND - Direct Plan - Growth,2025-10-31,428.6982
SBI Contra Fund,119835,SBI CONTRA FUND - Direct Plan - Growth,2025-11-03,430.3787
SBI Contra Fund,119835,SBI CONTRA FUND - Direct Plan - Growth,2025-11-04,428.1166
SBI Contra Fund,119835,SBI CONTRA FUND - Direct Plan - Growth,2025-11-06,426.2021
SBI Contra Fund,119835,SBI CONTRA FUND - Direct Plan - Growth,2025-11-07,426.2953
SBI Contra Fund,119835,SBI CONTRA FUND - Direct Plan - Growth,2025-11-10,427.2855
SBI Contra Fund,119835,SBI CONTRA FUND - Direct Plan - Growth,2025-11-11,428.5918
SBI Contra Fund,119835,SBI CONTRA FUND - Direct Plan - Growth,2025-11-12,431.5856
SBI Contra Fund,119835,SBI CONTRA FUND - Direct Plan - Growth,2025-11-13,431.6636
SBI Contra Fund,119835,SBI CONTRA FUND - Direct Plan - Growth,2025-11-14,431.8601
SBI Contra Fund,119835,SBI CONTRA FUND - Direct Plan - Growth,2025-11-17,433.662
SBI Contra Fund,119835,SBI CONTRA FUND - Direct Plan - Growth,2025-11-18,432.3088
SBI Contra Fund,119835,SBI CONTRA FUND - Direct Plan - Growth,2025-11-19,432.8351
SBI Contra Fund,119835,SBI CONTRA FUND - Direct Plan - Growth,2025-11-20,434.0605
SBI Contra Fund,119835,SBI CONTRA FUND - Direct Plan - Growth,2025-11-21,431.9207
SBI Contra Fund,119835,SBI CONTRA FUND - Direct Plan - Growth,2025-11-24,431.1405
SBI Contra Fund,119835,SBI CONTRA FUND - Direct Plan - Growth,2025-11-25,430.9145
SBI Contra Fund,119835,SBI CONTRA FUND - Direct Plan - Growth,2025-11-26,435.3528
SBI Contra Fund,119835,SBI CONTRA FUND - Direct Plan - Growth,2025-11-27,435.0288
SBI Contra Fund,119835,SBI CONTRA FUND - Direct Plan - Growth,2025-11-28,434.6726
SBI Contra Fund,119835,SBI CONTRA FUND - Direct Plan - Growth,2025-11-30,434.6819
SBI Contra Fund,119835,SBI CONTRA FUND - Direct Plan - Growth,2025-12-01,434.2512
SBI Contra Fund,119835,SBI CONTRA FUND - Direct Plan - Growth,2025-12-02,433.2015
SBI Contra Fund,119835,SBI CONTRA FUND - Direct Plan - Growth,2025-12-03,432.2929
SBI Contra Fund,119835,SBI CONTRA FUND - Direct Plan - Growth,2025-12-04,431.9613
SBI Contra Fund,119835,SBI CONTRA FUND - Direct Plan - Growth,2025-12-05,433.8553
SBI Contra Fund,119835,SBI CONTRA FUND - Direct Plan - Growth,2025-12-08,428.9951
SBI Contra Fund,119835,SBI CONTRA FUND - Direct Plan - Growth,2025-12-09,428.3119
SBI Contra Fund,119835,SBI CONTRA FUND - Direct Plan - Growth,2025-12-10,428.2029
SBI Contra Fund,119835,SBI CONTRA FUND - Direct Plan - Growth,2025-12-11,430.6004
SBI Contra Fund,119835,SBI CONTRA FUND - Direct Plan - Growth,2025-12-12,432.9027
SBI Contra Fund,119835,SBI CONTRA FUND - Direct Plan - Growth,2025-12-15,433.1141
SBI Contra Fund,119835,SBI CONTRA FUND - Direct Plan - Growth,2025-12-16,430.4702
SBI Contra Fund,119835,SBI CONTRA FUND - Direct Plan - Growth,2025-12-17,429.6963
SBI Contra Fund,119835,SBI CONTRA FUND - Direct Plan - Growth,2025-12-18,429.6111
SBI Contra Fund,119835,SBI CONTRA FUND - Direct Plan - Growth,2025-12-19,432.7076
SBI Contra Fund,119835,SBI CONTRA FUND - Direct Plan - Growth,2025-12-22,435.7314
SBI Contra Fund,119835,SBI CONTRA FUND - Direct Plan - Growth,2025-12-23,436.4137
SBI Contra Fund,119835,SBI CONTRA FUND - Direct Plan - Growth,2025-12-24,435.2664
SBI Contra Fund,119835,SBI CONTRA FUND - Direct Plan - Growth,2025-12-26,434.5258
SBI Contra Fund,119835,SBI CONTRA FUND - Direct Plan - Growth,2025-12-29,433.2135
SBI Contra Fund,119835,SBI CONTRA FUND - Direct Plan - Growth,2025-12-30,433.7239
SBI Contra Fund,119835,SBI CONTRA FUND - Direct Plan - Growth,2025-12-31,437.2535
SBI Contra Fund,119835,SBI CONTRA FUND - Direct Plan - Growth,2026-01-01,437.108
SBI Contra Fund,119835,SBI CONTRA FUND - Direct Plan - Growth,2026-01-02,440.2376
SBI Contra Fund,119835,SBI CONTRA FUND - Direct Plan - Growth,2026-01-05,438.509
SBI Contra Fund,119835,SBI CONTRA FUND - Direct Plan - Growth,2026-01-06,437.4855
SBI Contra Fund,119835,SBI CONTRA FUND - Direct Plan - Growth,2026-01-07,436.2978
SBI Contra Fund,119835,SBI CONTRA FUND - Direct Plan - Growth,2026-01-08,430.9084
SBI Contra Fund,119835,SBI CONTRA FUND - Direct Plan - Growth,2026-01-09,428.596
SBI Contra Fund,119835,SBI CONTRA FUND - Direct Plan - Growth,2026-01-12,429.519
SBI Contra Fund,119835,SBI CONTRA FUND - Direct Plan - Growth,2026-01-13,429.3588
SBI Contra Fund,119835,SBI CONTRA FUND - Direct Plan - Growth,2026-01-14,430.2156
SBI Contra Fund,119835,SBI CONTRA FUND - Direct Plan - Growth,2026-01-16,430.531
SBI Contra Fund,119835,SBI CONTRA FUND - Direct Plan - Growth,2026-01-19,427.7179
SBI Contra Fund,119835,SBI CONTRA FUND - Direct Plan - Growth,2026-01-20,421.3391
SBI Contra Fund,119835,SBI CONTRA FUND - Direct Plan - Growth,2026-01-21,421.3762
SBI Contra Fund,119835,SBI CONTRA FUND - Direct Plan - Growth,2026-01-22,424.9195
SBI Contra Fund,119835,SBI CONTRA FUND - Direct Plan - Growth,2026-01-23,420.7705
SBI Contra Fund,119835,SBI CONTRA FUND - Direct Plan - Growth,2026-01-27,422.7835
SBI Contra Fund,119835,SBI CONTRA FUND - Direct Plan - Growth,2026-01-28,426.5157
SBI Contra Fund,119835,SBI CONTRA FUND - Direct Plan - Growth,2026-01-29,428.0346
SBI Contra Fund,119835,SBI CONTRA FUND - Direct Plan - Growth,2026-01-31,426.7502
SBI Contra Fund,119835,SBI CONTRA FUND - Direct Plan - Growth,2026-02-02,422.2188
SBI Contra Fund,119835,SBI CONTRA FUND - Direct Plan - Growth,2026-02-03,428.2989
SBI Contra Fund,119835,SBI CONTRA FUND - Direct Plan - Growth,2026-02-04,430.1185
SBI Contra Fund,119835,SBI CONTRA FUND - Direct Plan - Growth,2026-02-05,429.0525
SBI Contra Fund,119835,SBI CONTRA FUND - Direct Plan - Growth,2026-02-06,430.454
SBI Contra Fund,119835,SBI CONTRA FUND - Direct Plan - Growth,2026-02-09,434.346
SBI Contra Fund,119835,SBI CONTRA FUND - Direct Plan - Growth,2026-02-10,435.915
SBI Contra Fund,119835,SBI CONTRA FUND - Direct Plan - Growth,2026-02-11,435.704
SBI Contra Fund,119835,SBI CONTRA FUND - Direct Plan - Growth,2026-02-12,432.2427
SBI Contra Fund,119835,SBI CONTRA FUND - Direct Plan - Growth,2026-02-13,426.7738
SBI Contra Fund,119835,SBI CONTRA FUND - Direct Plan - Growth,2026-02-16,430.1695
SBI Contra Fund,119835,SBI CONTRA FUND - Direct Plan - Growth,2026-02-17,431.6623
SBI Contra Fund,119835,SBI CONTRA FUND - Direct Plan - Growth,2026-02-18,434.0875
SBI Contra Fund,119835,SBI CONTRA FUND - Direct Plan - Growth,2026-02-19,428.0511
SBI Contra Fund,119835,SBI CONTRA FUND - Direct Plan - Growth,2026-02-20,429.9452
SBI Contra Fund,119835,SBI CONTRA FUND - Direct Plan - Growth,2026-02-23,431.3332
SBI Contra Fund,119835,SBI CONTRA FUND - Direct Plan - Growth,2026-02-24,428.6757
SBI Contra Fund,119835,SBI CONTRA FUND - Direct Plan - Growth,2026-02-25,430.9058
SBI Contra Fund,119835,SBI CONTRA FUND - Direct Plan - Growth,2026-02-26,432.724
SBI Contra Fund,119835,SBI CONTRA FUND - Direct Plan - Growth,2026-02-27,428.99
SBI Contra Fund,119835,SBI CONTRA FUND - Direct Plan - Growth,2026-02-28,428.9918
SBI Contra Fund,119835,SBI CONTRA FUND - Direct Plan - Growth,2026-03-02,423.2978
SBI Contra Fund,119835,SBI CONTRA FUND - Direct Plan - Growth,2026-03-04,414.7074
SBI Contra Fund,119835,SBI CONTRA FUND - Direct Plan - Growth,2026-03-05,419.2672
SBI Contra Fund,119835,SBI CONTRA FUND - Direct Plan - Growth,2026-03-06,416.1993
SBI Contra Fund,119835,SBI CONTRA FUND - Direct Plan - Growth,2026-03-09,408.2903
SBI Contra Fund,119835,SBI CONTRA FUND - Direct Plan - Growth,2026-03-10,412.8828
SBI Contra Fund,119835,SBI CONTRA FUND - Direct Plan - Growth,2026-03-11,408.7279
SBI Contra Fund,119835,SBI CONTRA FUND - Direct Plan - Growth,2026-03-12,407.0123
SBI Contra Fund,119835,SBI CONTRA FUND - Direct Plan - Growth,2026-03-13,397.7293
SBI Contra Fund,119835,SBI CONTRA FUND - Direct Plan - Growth,2026-03-16,398.7177
SBI Contra Fund,119835,SBI CONTRA FUND - Direct Plan - Growth,2026-03-17,401.1333
SBI Contra Fund,119835,SBI CONTRA FUND - Direct Plan - Growth,2026-03-18,403.9745
SBI Contra Fund,119835,SBI CONTRA FUND - Direct Plan - Growth,2026-03-19,392.8528
SBI Contra Fund,119835,SBI CONTRA FUND - Direct Plan - Growth,2026-03-20,394.7351
SBI Contra Fund,119835,SBI CONTRA FUND - Direct Plan - Growth,2026-03-23,383.4174
SBI Contra Fund,119835,SBI CONTRA FUND - Direct Plan - Growth,2026-03-24,389.4823
SBI Contra Fund,119835,SBI CONTRA FUND - Direct Plan - Growth,2026-03-25,395.2764
SBI Contra Fund,119835,SBI CONTRA FUND - Direct Plan - Growth,2026-03-27,388.3822
SBI Contra Fund,119835,SBI CONTRA FUND - Direct Plan - Growth,2026-03-30,381.031
SBI Contra Fund,119835,SBI CONTRA FUND - Direct Plan - Growth,2026-03-31,381.0307
SBI Contra Fund,119835,SBI CONTRA FUND - Direct Plan - Growth,2026-04-01,387.1915
SBI Contra Fund,119835,SBI CONTRA FUND - Direct Plan - Growth,2026-04-02,386.8931
SBI Contra Fund,119835,SBI CONTRA FUND - Direct Plan - Growth,2026-04-06,390.0005
SBI Contra Fund,119835,SBI CONTRA FUND - Direct Plan - Growth,2026-04-07,390.7543
SBI Contra Fund,119835,SBI CONTRA FUND - Direct Plan - Growth,2026-04-08,403.6759
SBI Contra Fund,119835,SBI CONTRA FUND - Direct Plan - Growth,2026-04-09,401.3802
SBI Contra Fund,119835,SBI CONTRA FUND - Direct Plan - Growth,2026-04-10,405.7554
SBI Contra Fund,119835,SBI CONTRA FUND - Direct Plan - Growth,2026-04-13,402.8278
SBI Contra Fund,119835,SBI CONTRA FUND - Direct Plan - Growth,2026-04-15,408.7474
SBI Contra Fund,119835,SBI CONTRA FUND - Direct Plan - Growth,2026-04-16,408.3402
SBI Contra Fund,119835,SBI CONTRA FUND - Direct Plan - Growth,2026-04-17,411.7989
SBI Contra Fund,119835,SBI CONTRA FUND - Direct Plan - Growth,2026-04-20,411.0495
SBI Contra Fund,119835,SBI CONTRA FUND - Direct Plan - Growth,2026-04-21,414.0474
SBI Contra Fund,119835,SBI CONTRA FUND - Direct Plan - Growth,2026-04-22,412.8194
SBI Contra Fund,119835,SBI CONTRA FUND - Direct Plan - Growth,2026-04-23,409.4987
SBI Contra Fund,119835,SBI CONTRA FUND - Direct Plan - Growth,2026-04-24,405.9914
SBI Contra Fund,119835,SBI CONTRA FUND - Direct Plan - Growth,2026-04-27,410.8779
SBI Contra Fund,119835,SBI CONTRA FUND - Direct Plan - Growth,2026-04-28,410.0247
SBI Contra Fund,119835,SBI CONTRA FUND - Direct Plan - Growth,2026-04-29,411.4557
SBI Contra Fund,119835,SBI CONTRA FUND - Direct Plan - Growth,2026-04-30,409.2075
SBI Contra Fund,119835,SBI CONTRA FUND - Direct Plan - Growth,2026-05-04,410.4167
SBI Contra Fund,119835,SBI CONTRA FUND - Direct Plan - Growth,2026-05-05,409.8406
SBI Contra Fund,119835,SBI CONTRA FUND - Direct Plan - Growth,2026-05-06,414.887
SBI Contra Fund,119835,SBI CONTRA FUND - Direct Plan - Growth,2026-05-07,415.91
SBI Contra Fund,119835,SBI CONTRA FUND - Direct Plan - Growth,2026-05-08,414.4647
SBI Contra Fund,119835,SBI CONTRA FUND - Direct Plan - Growth,2026-05-11,409.4165
SBI Contra Fund,119835,SBI CONTRA FUND - Direct Plan - Growth,2026-05-12,402.7781
SBI Contra Fund,119835,SBI CONTRA FUND - Direct Plan - Growth,2026-05-13,403.594
SBI Contra Fund,119835,SBI CONTRA FUND - Direct Plan - Growth,2026-05-14,407.017
SBI Contra Fund,119835,SBI CONTRA FUND - Direct Plan - Growth,2026-05-15,406.8934
SBI Contra Fund,119835,SBI CONTRA FUND - Direct Plan - Growth,2026-05-18,406.5082
SBI Contra Fund,119835,SBI CONTRA FUND - Direct Plan - Growth,2026-05-19,406.3909
SBI Contra Fund,119835,SBI CONTRA FUND - Direct Plan - Growth,2026-05-20,407.5742
SBI Contra Fund,119835,SBI CONTRA FUND - Direct Plan - Growth,2026-05-21,407.8074
SBI Contra Fund,119835,SBI CONTRA FUND - Direct Plan - Growth,2026-05-22,408.5142
SBI Contra Fund,119835,SBI CONTRA FUND - Direct Plan - Growth,2026-05-25,412.775
SBI Contra Fund,119835,SBI CONTRA FUND - Direct Plan - Growth,2026-05-26,412.216
SBI Contra Fund,119835,SBI CONTRA FUND - Direct Plan - Growth,2026-05-27,412.229
SBI Contra Fund,119835,SBI CONTRA FUND - Direct Plan - Growth,2026-05-29,407.9082
SBI Contra Fund,119835,SBI CONTRA FUND - Direct Plan - Growth,2026-05-31,407.9126
SBI Contra Fund,119835,SBI CONTRA FUND - Direct Plan - Growth,2026-06-01,405.1404
SBI Contra Fund,119835,SBI CONTRA FUND - Direct Plan - Growth,2026-06-02,405.5633
SBI Contra Fund,119835,SBI CONTRA FUND - Direct Plan - Growth,2026-06-03,404.5457
SBI Contra Fund,119835,SBI CONTRA FUND - Direct Plan - Growth,2026-06-04,405.0454
SBI Contra Fund,119835,SBI CONTRA FUND - Direct Plan - Growth,2026-06-05,404.3358
SBI Contra Fund,119835,SBI CONTRA FUND - Direct Plan - Growth,2026-06-08,400.4295
SBI Contra Fund,119835,SBI CONTRA FUND - Direct Plan - Growth,2026-06-09,402.6785
SBI Contra Fund,119835,SBI CONTRA FUND - Direct Plan - Growth,2026-06-10,400.5001
SBI Contra Fund,119835,SBI CONTRA FUND - Direct Plan - Growth,2026-06-11,399.071
SBI Contra Fund,119835,SBI CONTRA FUND - Direct Plan - Growth,2026-06-12,406.7163
SBI Contra Fund,119835,SBI CONTRA FUND - Direct Plan - Growth,2026-06-15,409.2199
SBI Contra Fund,119835,SBI CONTRA FUND - Direct Plan - Growth,2026-06-16,410.7659
SBI Contra Fund,119835,SBI CONTRA FUND - Direct Plan - Growth,2026-06-17,410.6048
SBI Contra Fund,119835,SBI CONTRA FUND - Direct Plan - Growth,2026-06-18,412.1755
SBI Contra Fund,119835,SBI CONTRA FUND - Direct Plan - Growth,2026-06-19,410.2031
SBI Contra Fund,119835,SBI CONTRA FUND - Direct Plan - Growth,2026-06-22,412.9201
SBI Contra Fund,119835,SBI CONTRA FUND - Direct Plan - Growth,2026-06-23,408.6323
SBI Contra Fund,119835,SBI CONTRA FUND - Direct Plan - Growth,2026-06-24,411.1982
SBI Contra Fund,119835,SBI CONTRA FUND - Direct Plan - Growth,2026-06-25,410.2228
SBI Contra Fund,119835,SBI CONTRA FUND - Direct Plan - Growth,2026-06-29,408.8761
SBI Contra Fund,119835,SBI CONTRA FUND - Direct Plan - Growth,2026-06-30,409.2425
SBI Contra Fund,119835,SBI CONTRA FUND - Direct Plan - Growth,2026-07-01,410.8529
SBI Contra Fund,119835,SBI CONTRA FUND - Direct Plan - Growth,2026-07-02,412.8323
SBI Contra Fund,119835,SBI CONTRA FUND - Direct Plan - Growth,2026-07-03,413.6646
SBI Contra Fund,119835,SBI CONTRA FUND - Direct Plan - Growth,2026-07-06,415.2127
SBI Contra Fund,119835,SBI CONTRA FUND - Direct Plan - Growth,2026-07-07,414.4313
SBI Contra Fund,119835,SBI CONTRA FUND - Direct Plan - Growth,2026-07-08,406.5109
SBI Contra Fund,119835,SBI CONTRA FUND - Direct Plan - Growth,2026-07-09,409.9482
SBI Contra Fund,119835,SBI CONTRA FUND - Direct Plan - Growth,2026-07-10,414.995
SBI Contra Fund,119835,SBI CONTRA FUND - Direct Plan - Growth,2026-07-13,415.8896
SBI Contra Fund,119835,SBI CONTRA FUND - Direct Plan - Growth,2026-07-14,413.85
SBI Contra Fund,119835,SBI CONTRA FUND - Direct Plan - Growth,2026-07-15,415.1156
SBI Contra Fund,119835,SBI CONTRA FUND - Direct Plan - Growth,2026-07-16,415.3703
SBI Contra Fund,119835,SBI CONTRA FUND - Direct Plan - Growth,2026-07-17,416.6236
SBI Contra Fund,119835,SBI CONTRA FUND - Direct Plan - Growth,2026-07-20,417.0405
SBI Contra Fund,119835,SBI CONTRA FUND - Direct Plan - Growth,2026-07-21,417.3223
SBI Contra Fund,119835,SBI CONTRA FUND - Direct Plan - Growth,2026-07-22,413.1753
SBI Contra Fund,119835,SBI CONTRA FUND - Direct Plan - Growth,2026-07-23,410.4708
SBI Contra Fund,119835,SBI CONTRA FUND - Direct Plan - Growth,2026-07-24,410.2947
SBI Contra Fund,119835,SBI CONTRA FUND - Direct Plan - Growth,2026-07-27,413.1621
SBI Contra Fund,119835,SBI CONTRA FUND - Direct Plan - Growth,2026-07-28,413.2908
SBI Contra Fund,119835,SBI CONTRA FUND - Direct Plan - Growth,2026-07-29,417.4219
SBI Contra Fund,119835,SBI CONTRA FUND - Direct Plan - Growth,2026-07-30,417.5003
SBI Contra Fund,119835,SBI CONTRA FUND - Direct Plan - Growth,2026-07-31,418.9438
SBI Contra Fund,119835,SBI CONTRA FUND - Direct Plan - Growth,2026-08-03,423.4108
SBI Contra Fund,119835,SBI CONTRA FUND - Direct Plan - Growth,2026-08-04,421.1669
SBI Contra Fund,119835,SBI CONTRA FUND - Direct Plan - Growth,2026-08-05,420.9741
SBI Contra Fund,119835,SBI CONTRA FUND - Direct Plan - Growth,2026-08-06,420.5728
SBI Contra Fund,119835,SBI CONTRA FUND - Direct Plan - Growth,2026-08-07,421.6631
SBI Contra Fund,119835,SBI CONTRA FUND - Direct Plan - Growth,2026-08-10,421.5187
SBI Contra Fund,119835,SBI CONTRA FUND - Direct Plan - Growth,2026-08-11,420.409
SBI Contra Fund,119835,SBI CONTRA FUND - Direct Plan - Growth,2026-08-12,421.1116
SBI Contra Fund,119835,SBI CONTRA FUND - Direct Plan - Growth,2026-08-13,420.3398
SBI Contra Fund,119835,SBI CONTRA FUND - Direct Plan - Growth,2026-08-14,419.4247
SBI Contra Fund,119835,SBI CONTRA FUND - Direct Plan - Growth,2026-08-17,418.2594
SBI Contra Fund,119835,SBI CONTRA FUND - Direct Plan - Growth,2026-08-18,416.2276
SBI Contra Fund,119835,SBI CONTRA FUND - Direct Plan - Growth,2026-08-19,415.4835
SBI Contra Fund,119835,SBI CONTRA FUND - Direct Plan - Growth,2026-08-20,416.868
SBI Contra Fund,119835,SBI CONTRA FUND - Direct Plan - Growth,2026-08-21,417.4271
SBI Contra Fund,119835,SBI CONTRA FUND - Direct Plan - Growth,2026-08-24,416.7677
SBI Contra Fund,119835,SBI CONTRA FUND - Direct Plan - Growth,2026-08-25,418.5666
SBI Contra Fund,119835,SBI CONTRA FUND - Direct Plan - Growth,2026-08-26,418.7432
SBI Contra Fund,119835,SBI CONTRA FUND - Direct Plan - Growth,2026-08-27,417.143
SBI Contra Fund,119835,SBI CONTRA FUND - Direct Plan - Growth,2026-08-28,417.0827
SBI Contra Fund,119835,SBI CONTRA FUND - Direct Plan - Growth,2026-08-31,417.0771
SBI Contra Fund,119835,SBI CONTRA FUND - Direct Plan - Growth,2026-09-01,414.7433
SBI Contra Fund,119835,SBI CONTRA FUND - Direct Plan - Growth,2026-09-02,413.9034
SBI Contra Fund,119835,SBI CONTRA FUND - Direct Plan - Growth,2026-09-03,415.1779
SBI Contra Fund,119835,SBI CONTRA FUND - Direct Plan - Growth,2026-09-04,415.1727
SBI Contra Fund,119835,SBI CONTRA FUND - Direct Plan - Growth,2026-09-07,412.6759
SBI Contra Fund,119835,SBI CONTRA FUND - Direct Plan - Growth,2026-09-08,411.26
SBI Contra Fund,119835,SBI CONTRA FUND - Direct Plan - Growth,2026-09-09,409.447
SBI Contra Fund,119835,SBI CONTRA FUND - Direct Plan - Growth,2026-09-10,409.2136
SBI Contra Fund,119835,SBI CONTRA FUND - Direct Plan - Growth,2026-09-11,408.9709
SBI Contra Fund,119835,SBI CONTRA FUND - Direct Plan - Growth,2026-09-15,403.7741
SBI Contra Fund,119835,SBI CONTRA FUND - Direct Plan - Growth,2026-09-16,404.3843
SBI Contra Fund,119835,SBI CONTRA FUND - Direct Plan - Growth,2026-09-17,406.1107
SBI Contra Fund,119835,SBI CONTRA FUND - Direct Plan - Growth,2026-09-18,408.3309
SBI Contra Fund,119835,SBI CONTRA FUND - Direct Plan - Growth,2026-09-21,409.695
SBI Contra Fund,119835,SBI CONTRA FUND - Direct Plan - Growth,2026-09-22,408.6682
SBI Contra Fund,119835,SBI CONTRA FUND - Direct Plan - Growth,2026-09-23,411.5767
SBI Contra Fund,119835,SBI CONTRA FUND - Direct Plan - Growth,2026-09-24,406.0409
SBI Contra Fund,119835,SBI CONTRA FUND - Direct Plan - Growth,2026-09-25,405.9995
SBI Contra Fund,119835,SBI CONTRA FUND - Direct Plan - Growth,2026-09-28,399.4542
SBI Contra Fund,119835,SBI CONTRA FUND - Direct Plan - Growth,2026-09-29,397.9437
SBI Contra Fund,119835,SBI CONTRA FUND - Direct Plan - Growth,2026-09-30,397.6535
SBI Contra Fund,119835,SBI CONTRA FUND - Direct Plan - Growth,2026-10-01,394.3242
Nippon India Multi Cap Fund,118650,Nippon India Multi Cap Fund - Direct Plan - Growth Option,2025-01-01,317.0874
Nippon India Multi Cap Fund,118650,Nippon India Multi Cap Fund - Direct Plan - Growth Option,2025-01-02,320.7277
Nippon India Multi Cap Fund,118650,Nippon India Multi Cap Fund - Direct Plan - Growth Option,2025-01-03,319.503
Nippon India Multi Cap Fund,118650,Nippon India Multi Cap Fund - Direct Plan - Growth Option,2025-01-06,313.2275
Nippon India Multi Cap Fund,118650,Nippon India Multi Cap Fund - Direct Plan - Growth Option,2025-01-07,314.859
Nippon India Multi Cap Fund,118650,Nippon India Multi Cap Fund - Direct Plan - Growth Option,2025-01-08,312.3842
Nippon India Multi Cap Fund,118650,Nippon India Multi Cap Fund - Direct Plan - Growth Option,2025-01-09,309.3175
Nippon India Multi Cap Fund,118650,Nippon India Multi Cap Fund - Direct Plan - Growth Option,2025-01-10,304.7326
Nippon India Multi Cap Fund,118650,Nippon India Multi Cap Fund - Direct Plan - Growth Option,2025-01-13,296.2835
Nippon India Multi Cap Fund,118650,Nippon India Multi Cap Fund - Direct Plan - Growth Option,2025-01-14,299.6835
Nippon India Multi Cap Fund,118650,Nippon India Multi Cap Fund - Direct Plan - Growth Option,2025-01-15,300.5705
Nippon India Multi Cap Fund,118650,Nippon India Multi Cap Fund - Direct Plan - Growth Option,2025-01-16,303.0393
Nippon India Multi Cap Fund,118650,Nippon India Multi Cap Fund - Direct Plan - Growth Option,2025-01-17,301.7972
Nippon India Multi Cap Fund,118650,Nippon India Multi Cap Fund - Direct Plan - Growth Option,2025-01-20,302.9895
Nippon India Multi Cap Fund,118650,Nippon India Multi Cap Fund - Direct Plan - Growth Option,2025-01-21,297.4863
Nippon India Multi Cap Fund,118650,Nippon India Multi Cap Fund - Direct Plan - Growth Option,2025-01-22,295.4207
Nippon India Multi Cap Fund,118650,Nippon India Multi Cap Fund - Direct Plan - Growth Option,2025-01-23,296.6299
Nippon India Multi Cap Fund,118650,Nippon India Multi Cap Fund - Direct Plan - Growth Option,2025-01-24,292.6316
Nippon India Multi Cap Fund,118650,Nippon India Multi Cap Fund - Direct Plan - Growth Option,2025-01-27,285.7443
Nippon India Multi Cap Fund,118650,Nippon India Multi Cap Fund - Direct Plan - Growth Option,2025-01-28,285.1385
Nippon India Multi Cap Fund,118650,Nippon India Multi Cap Fund - Direct Plan - Growth Option,2025-01-29,291.2678
Nippon India Multi Cap Fund,118650,Nippon India Multi Cap Fund - Direct Plan - Growth Option,2025-01-30,291.8166
Nippon India Multi Cap Fund,118650,Nippon India Multi Cap Fund - Direct Plan - Growth Option,2025-01-31,295.9621
Nippon India Multi Cap Fund,118650,Nippon India Multi Cap Fund - Direct Plan - Growth Option,2025-02-03,293.8608
Nippon India Multi Cap Fund,118650,Nippon India Multi Cap Fund - Direct Plan - Growth Option,2025-02-04,297.8622
Nippon India Multi Cap Fund,118650,Nippon India Multi Cap Fund - Direct Plan - Growth Option,2025-02-05,299.3401
Nippon India Multi Cap Fund,118650,Nippon India Multi Cap Fund - Direct Plan - Growth Option,2025-02-06,298.3957
Nippon India Multi Cap Fund,118650,Nippon India Multi Cap Fund - Direct Plan - Growth Option,2025-02-07,297.3022
Nippon India Multi Cap Fund,118650,Nippon India Multi Cap Fund - Direct Plan - Growth Option,2025-02-10,292.6603
Nippon India Multi Cap Fund,118650,Nippon India Multi Cap Fund - Direct Plan - Growth Option,2025-02-11,286.3781
Nippon India Multi Cap Fund,118650,Nippon India Multi Cap Fund - Direct Plan - Growth Option,2025-02-12,285.4427
Nippon India Multi Cap Fund,118650,Nippon India Multi Cap Fund - Direct Plan - Growth Option,2025-02-13,285.2008
Nippon India Multi Cap Fund,118650,Nippon India Multi Cap Fund - Direct Plan - Growth Option,2025-02-14,280.7663
Nippon India Multi Cap Fund,118650,Nippon India Multi Cap Fund - Direct Plan - Growth Option,2025-02-17,280.5028
Nippon India Multi Cap Fund,118650,Nippon India Multi Cap Fund - Direct Plan - Growth Option,2025-02-18,279.6892
Nippon India Multi Cap Fund,118650,Nippon India Multi Cap Fund - Direct Plan - Growth Option,2025-02-19,282.5291
Nippon India Multi Cap Fund,118650,Nippon India Multi Cap Fund - Direct Plan - Growth Option,2025-02-20,284.7145
Nippon India Multi Cap Fund,118650,Nippon India Multi Cap Fund - Direct Plan - Growth Option,2025-02-21,283.2688
Nippon India Multi Cap Fund,118650,Nippon India Multi Cap Fund - Direct Plan - Growth Option,2025-02-24,280.8363
Nippon India Multi Cap Fund,118650,Nippon India Multi Cap Fund - Direct Plan - Growth Option,2025-02-25,280.8725
Nippon India Multi Cap Fund,118650,Nippon India Multi Cap Fund - Direct Plan - Growth Option,2025-02-27,279.0146
Nippon India Multi Cap Fund,118650,Nippon India Multi Cap Fund - Direct Plan - Growth Option,2025-02-28,274.3281
Nippon India Multi Cap Fund,118650,Nippon India Multi Cap Fund - Direct Plan - Growth Option,2025-03-03,274.2759
Nippon India Multi Cap Fund,118650,Nippon India Multi Cap Fund - Direct Plan - Growth Option,2025-03-04,275.6167
Nippon India Multi Cap Fund,118650,Nippon India Multi Cap Fund - Direct Plan - Growth Option,2025-03-05,280.415
Nippon India Multi Cap Fund,118650,Nippon India Multi Cap Fund - Direct Plan - Growth Option,2025-03-06,283.0917
Nippon India Multi Cap Fund,118650,Nippon India Multi Cap Fund - Direct Plan - Growth Option,2025-03-07,283.2339
Nippon India Multi Cap Fund,118650,Nippon India Multi Cap Fund - Direct Plan - Growth Option,2025-03-10,280.7616
Nippon India Multi Cap Fund,118650,Nippon India Multi Cap Fund - Direct Plan - Growth Option,2025-03-11,280.8857
Nippon India Multi Cap Fund,118650,Nippon India Multi Cap Fund - Direct Plan - Growth Option,2025-03-12,280.2413
Nippon India Multi Cap Fund,118650,Nippon India Multi Cap Fund - Direct Plan - Growth Option,2025-03-13,278.5235
Nippon India Multi Cap Fund,118650,Nippon India Multi Cap Fund - Direct Plan - Growth Option,2025-03-17,280.9344
Nippon India Multi Cap Fund,118650,Nippon India Multi Cap Fund - Direct Plan - Growth Option,2025-03-18,285.8959
Nippon India Multi Cap Fund,118650,Nippon India Multi Cap Fund - Direct Plan - Growth Option,2025-03-19,289.5777
Nippon India Multi Cap Fund,118650,Nippon India Multi Cap Fund - Direct Plan - Growth Option,2025-03-20,290.9824
Nippon India Multi Cap Fund,118650,Nippon India Multi Cap Fund - Direct Plan - Growth Option,2025-03-21,294.8749
Nippon India Multi Cap Fund,118650,Nippon India Multi Cap Fund - Direct Plan - Growth Option,2025-03-24,298.5265
Nippon India Multi Cap Fund,118650,Nippon India Multi Cap Fund - Direct Plan - Growth Option,2025-03-25,296.8437
Nippon India Multi Cap Fund,118650,Nippon India Multi Cap Fund - Direct Plan - Growth Option,2025-03-26,293.4062
Nippon India Multi Cap Fund,118650,Nippon India Multi Cap Fund - Direct Plan - Growth Option,2025-03-27,295.7564
Nippon India Multi Cap Fund,118650,Nippon India Multi Cap Fund - Direct Plan - Growth Option,2025-03-28,294.7294
Nippon India Multi Cap Fund,118650,Nippon India Multi Cap Fund - Direct Plan - Growth Option,2025-03-31,294.7148
Nippon India Multi Cap Fund,118650,Nippon India Multi Cap Fund - Direct Plan - Growth Option,2025-04-01,291.3351
Nippon India Multi Cap Fund,118650,Nippon India Multi Cap Fund - Direct Plan - Growth Option,2025-04-02,293.8876
Nippon India Multi Cap Fund,118650,Nippon India Multi Cap Fund - Direct Plan - Growth Option,2025-04-03,293.5877
Nippon India Multi Cap Fund,118650,Nippon India Multi Cap Fund - Direct Plan - Growth Option,2025-04-04,287.1057
Nippon India Multi Cap Fund,118650,Nippon India Multi Cap Fund - Direct Plan - Growth Option,2025-04-07,278.054
Nippon India Multi Cap Fund,118650,Nippon India Multi Cap Fund - Direct Plan - Growth Option,2025-04-08,282.723
Nippon India Multi Cap Fund,118650,Nippon India Multi Cap Fund - Direct Plan - Growth Option,2025-04-09,280.5219
Nippon India Multi Cap Fund,118650,Nippon India Multi Cap Fund - Direct Plan - Growth Option,2025-04-11,286.0034
Nippon India Multi Cap Fund,118650,Nippon India Multi Cap Fund - Direct Plan - Growth Option,2025-04-15,293.9805
Nippon India Multi Cap Fund,118650,Nippon India Multi Cap Fund - Direct Plan - Growth Option,2025-04-16,295.9396
Nippon India Multi Cap Fund,118650,Nippon India Multi Cap Fund - Direct Plan - Growth Option,2025-04-17,299.0534
Nippon India Multi Cap Fund,118650,Nippon India Multi Cap Fund - Direct Plan - Growth Option,2025-04-21,304.0104
Nippon India Multi Cap Fund,118650,Nippon India Multi Cap Fund - Direct Plan - Growth Option,2025-04-22,305.452
Nippon India Multi Cap Fund,118650,Nippon India Multi Cap Fund - Direct Plan - Growth Option,2025-04-23,306.8158
Nippon India Multi Cap Fund,118650,Nippon India Multi Cap Fund - Direct Plan - Growth Option,2025-04-24,306.4882
Nippon India Multi Cap Fund,118650,Nippon India Multi Cap Fund - Direct Plan - Growth Option,2025-04-25,301.0335
Nippon India Multi Cap Fund,118650,Nippon India Multi Cap Fund - Direct Plan - Growth Option,2025-04-28,303.8422
Nippon India Multi Cap Fund,118650,Nippon India Multi Cap Fund - Direct Plan - Growth Option,2025-04-29,304.6972
Nippon India Multi Cap Fund,118650,Nippon India Multi Cap Fund - Direct Plan - Growth Option,2025-04-30,302.3135
Nippon India Multi Cap Fund,118650,Nippon India Multi Cap Fund - Direct Plan - Growth Option,2025-05-02,302.1984
Nippon India Multi Cap Fund,118650,Nippon India Multi Cap Fund - Direct Plan - Growth Option,2025-05-05,304.8728
Nippon India Multi Cap Fund,118650,Nippon India Multi Cap Fund - Direct Plan - Growth Option,2025-05-06,300.1751
Nippon India Multi Cap Fund,118650,Nippon India Multi Cap Fund - Direct Plan - Growth Option,2025-05-07,303.2661
Nippon India Multi Cap Fund,118650,Nippon India Multi Cap Fund - Direct Plan - Growth Option,2025-05-08,300.0444
Nippon India Multi Cap Fund,118650,Nippon India Multi Cap Fund - Direct Plan - Growth Option,2025-05-09,298.1695
Nippon India Multi Cap Fund,118650,Nippon India Multi Cap Fund - Direct Plan - Growth Option,2025-05-12,308.8352
Nippon India Multi Cap Fund,118650,Nippon India Multi Cap Fund - Direct Plan - Growth Option,2025-05-13,308.0267
Nippon India Multi Cap Fund,118650,Nippon India Multi Cap Fund - Direct Plan - Growth Option,2025-05-14,310.9063
Nippon India Multi Cap Fund,118650,Nippon India Multi Cap Fund - Direct Plan - Growth Option,2025-05-15,314.2442
Nippon India Multi Cap Fund,118650,Nippon India Multi Cap Fund - Direct Plan - Growth Option,2025-05-16,316.7592
Nippon India Multi Cap Fund,118650,Nippon India Multi Cap Fund - Direct Plan - Growth Option,2025-05-19,318.2657
Nippon India Multi Cap Fund,118650,Nippon India Multi Cap Fund - Direct Plan - Growth Option,2025-05-20,314.1913
Nippon India Multi Cap Fund,118650,Nippon India Multi Cap Fund - Direct Plan - Growth Option,2025-05-21,316.7686
Nippon India Multi Cap Fund,118650,Nippon India Multi Cap Fund - Direct Plan - Growth Option,2025-05-22,315.9115
Nippon India Multi Cap Fund,118650,Nippon India Multi Cap Fund - Direct Plan - Growth Option,2025-05-23,318.3596
Nippon India Multi Cap Fund,118650,Nippon India Multi Cap Fund - Direct Plan - Growth Option,2025-05-26,321.7325
Nippon India Multi Cap Fund,118650,Nippon India Multi Cap Fund - Direct Plan - Growth Option,2025-05-27,321.8007
Nippon India Multi Cap Fund,118650,Nippon India Multi Cap Fund - Direct Plan - Growth Option,2025-05-28,322.0179
Nippon India Multi Cap Fund,118650,Nippon India Multi Cap Fund - Direct Plan - Growth Option,2025-05-29,322.8295
Nippon India Multi Cap Fund,118650,Nippon India Multi Cap Fund - Direct Plan - Growth Option,2025-05-30,322.9411
Nippon India Multi Cap Fund,118650,Nippon India Multi Cap Fund - Direct Plan - Growth Option,2025-06-02,323.767
Nippon India Multi Cap Fund,118650,Nippon India Multi Cap Fund - Direct Plan - Growth Option,2025-06-03,322.4575
Nippon India Multi Cap Fund,118650,Nippon India Multi Cap Fund - Direct Plan - Growth Option,2025-06-04,324.21
Nippon India Multi Cap Fund,118650,Nippon India Multi Cap Fund - Direct Plan - Growth Option,2025-06-05,325.6358
Nippon India Multi Cap Fund,118650,Nippon India Multi Cap Fund - Direct Plan - Growth Option,2025-06-06,327.6484
Nippon India Multi Cap Fund,118650,Nippon India Multi Cap Fund - Direct Plan - Growth Option,2025-06-09,330.0385
Nippon India Multi Cap Fund,118650,Nippon India Multi Cap Fund - Direct Plan - Growth Option,2025-06-10,329.7877
Nippon India Multi Cap Fund,118650,Nippon India Multi Cap Fund - Direct Plan - Growth Option,2025-06-11,330.0108
Nippon India Multi Cap Fund,118650,Nippon India Multi Cap Fund - Direct Plan - Growth Option,2025-06-12,325.1294
Nippon India Multi Cap Fund,118650,Nippon India Multi Cap Fund - Direct Plan - Growth Option,2025-06-13,323.3266
Nippon India Multi Cap Fund,118650,Nippon India Multi Cap Fund - Direct Plan - Growth Option,2025-06-16,325.3974
Nippon India Multi Cap Fund,118650,Nippon India Multi Cap Fund - Direct Plan - Growth Option,2025-06-17,324.0154
Nippon India Multi Cap Fund,118650,Nippon India Multi Cap Fund - Direct Plan - Growth Option,2025-06-18,323.9128
Nippon India Multi Cap Fund,118650,Nippon India Multi Cap Fund - Direct Plan - Growth Option,2025-06-19,320.6076
Nippon India Multi Cap Fund,118650,Nippon India Multi Cap Fund - Direct Plan - Growth Option,2025-06-20,323.9381
Nippon India Multi Cap Fund,118650,Nippon India Multi Cap Fund - Direct Plan - Growth Option,2025-06-23,323.796
Nippon India Multi Cap Fund,118650,Nippon India Multi Cap Fund - Direct Plan - Growth Option,2025-06-24,326.0624
Nippon India Multi Cap Fund,118650,Nippon India Multi Cap Fund - Direct Plan - Growth Option,2025-06-25,329.0087
Nippon India Multi Cap Fund,118650,Nippon India Multi Cap Fund - Direct Plan - Growth Option,2025-06-26,331.0025
Nippon India Multi Cap Fund,118650,Nippon India Multi Cap Fund - Direct Plan - Growth Option,2025-06-27,332.0279
Nippon India Multi Cap Fund,118650,Nippon India Multi Cap Fund - Direct Plan - Growth Option,2025-06-30,332.0217
Nippon India Multi Cap Fund,118650,Nippon India Multi Cap Fund - Direct Plan - Growth Option,2025-07-01,330.7021
Nippon India Multi Cap Fund,118650,Nippon India Multi Cap Fund - Direct Plan - Growth Option,2025-07-02,329.8494
Nippon India Multi Cap Fund,118650,Nippon India Multi Cap Fund - Direct Plan - Growth Option,2025-07-03,329.2733
Nippon India Multi Cap Fund,118650,Nippon India Multi Cap Fund - Direct Plan - Growth Option,2025-07-04,330.0874
Nippon India Multi Cap Fund,118650,Nippon India Multi Cap Fund - Direct Plan - Growth Option,2025-07-07,329.3568
Nippon India Multi Cap Fund,118650,Nippon India Multi Cap Fund - Direct Plan - Growth Option,2025-07-08,330.2269
Nippon India Multi Cap Fund,118650,Nippon India Multi Cap Fund - Direct Plan - Growth Option,2025-07-09,331.3806
Nippon India Multi Cap Fund,118650,Nippon India Multi Cap Fund - Direct Plan - Growth Option,2025-07-10,331.054
Nippon India Multi Cap Fund,118650,Nippon India Multi Cap Fund - Direct Plan - Growth Option,2025-07-11,328.9322
Nippon India Multi Cap Fund,118650,Nippon India Multi Cap Fund - Direct Plan - Growth Option,2025-07-14,329.1585
Nippon India Multi Cap Fund,118650,Nippon India Multi Cap Fund - Direct Plan - Growth Option,2025-07-15,330.9088
Nippon India Multi Cap Fund,118650,Nippon India Multi Cap Fund - Direct Plan - Growth Option,2025-07-16,331.6416
Nippon India Multi Cap Fund,118650,Nippon India Multi Cap Fund - Direct Plan - Growth Option,2025-07-17,332.722
Nippon India Multi Cap Fund,118650,Nippon India Multi Cap Fund - Direct Plan - Growth Option,2025-07-18,330.6959
Nippon India Multi Cap Fund,118650,Nippon India Multi Cap Fund - Direct Plan - Growth Option,2025-07-21,332.0553
Nippon India Multi Cap Fund,118650,Nippon India Multi Cap Fund - Direct Plan - Growth Option,2025-07-22,332.5159
Nippon India Multi Cap Fund,118650,Nippon India Multi Cap Fund - Direct Plan - Growth Option,2025-07-23,333.8249
Nippon India Multi Cap Fund,118650,Nippon India Multi Cap Fund - Direct Plan - Growth Option,2025-07-24,332.6523
Nippon India Multi Cap Fund,118650,Nippon India Multi Cap Fund - Direct Plan - Growth Option,2025-07-25,328.2203
Nippon India Multi Cap Fund,118650,Nippon India Multi Cap Fund - Direct Plan - Growth Option,2025-07-28,326.331
Nippon India Multi Cap Fund,118650,Nippon India Multi Cap Fund - Direct Plan - Growth Option,2025-07-29,328.2793
Nippon India Multi Cap Fund,118650,Nippon India Multi Cap Fund - Direct Plan - Growth Option,2025-07-30,329.8376
Nippon India Multi Cap Fund,118650,Nippon India Multi Cap Fund - Direct Plan - Growth Option,2025-07-31,328.5515
Nippon India Multi Cap Fund,118650,Nippon India Multi Cap Fund - Direct Plan - Growth Option,2025-08-01,326.0471
Nippon India Multi Cap Fund,118650,Nippon India Multi Cap Fund - Direct Plan - Growth Option,2025-08-04,327.6881
Nippon India Multi Cap Fund,118650,Nippon India Multi Cap Fund - Direct Plan - Growth Option,2025-08-05,326.6512
Nippon India Multi Cap Fund,118650,Nippon India Multi Cap Fund - Direct Plan - Growth Option,2025-08-06,324.4169
Nippon India Multi Cap Fund,118650,Nippon India Multi Cap Fund - Direct Plan - Growth Option,2025-08-07,324.8114
Nippon India Multi Cap Fund,118650,Nippon India Multi Cap Fund - Direct Plan - Growth Option,2025-08-08,322.1653
Nippon India Multi Cap Fund,118650,Nippon India Multi Cap Fund - Direct Plan - Growth Option,2025-08-11,324.1646
Nippon India Multi Cap Fund,118650,Nippon India Multi Cap Fund - Direct Plan - Growth Option,2025-08-12,323.794
Nippon India Multi Cap Fund,118650,Nippon India Multi Cap Fund - Direct Plan - Growth Option,2025-08-13,327.3081
Nippon India Multi Cap Fund,118650,Nippon India Multi Cap Fund - Direct Plan - Growth Option,2025-08-14,326.282
Nippon India Multi Cap Fund,118650,Nippon India Multi Cap Fund - Direct Plan - Growth Option,2025-08-18,329.4138
Nippon India Multi Cap Fund,118650,Nippon India Multi Cap Fund - Direct Plan - Growth Option,2025-08-19,332.0035
Nippon India Multi Cap Fund,118650,Nippon India Multi Cap Fund - Direct Plan - Growth Option,2025-08-20,332.8735
Nippon India Multi Cap Fund,118650,Nippon India Multi Cap Fund - Direct Plan - Growth Option,2025-08-21,332.9676
Nippon India Multi Cap Fund,118650,Nippon India Multi Cap Fund - Direct Plan - Growth Option,2025-08-22,331.3129
Nippon India Multi Cap Fund,118650,Nippon India Multi Cap Fund - Direct Plan - Growth Option,2025-08-25,331.7734
Nippon India Multi Cap Fund,118650,Nippon India Multi Cap Fund - Direct Plan - Growth Option,2025-08-26,328.2591
Nippon India Multi Cap Fund,118650,Nippon India Multi Cap Fund - Direct Plan - Growth Option,2025-08-28,325.2628
Nippon India Multi Cap Fund,118650,Nippon India Multi Cap Fund - Direct Plan - Growth Option,2025-08-29,324.9465
Nippon India Multi Cap Fund,118650,Nippon India Multi Cap Fund - Direct Plan - Growth Option,2025-09-01,327.9586
Nippon India Multi Cap Fund,118650,Nippon India Multi Cap Fund - Direct Plan - Growth Option,2025-09-02,328.1745
Nippon India Multi Cap Fund,118650,Nippon India Multi Cap Fund - Direct Plan - Growth Option,2025-09-03,330.2286
Nippon India Multi Cap Fund,118650,Nippon India Multi Cap Fund - Direct Plan - Growth Option,2025-09-04,329.1024
Nippon India Multi Cap Fund,118650,Nippon India Multi Cap Fund - Direct Plan - Growth Option,2025-09-05,329.43
Nippon India Multi Cap Fund,118650,Nippon India Multi Cap Fund - Direct Plan - Growth Option,2025-09-08,330.7907
Nippon India Multi Cap Fund,118650,Nippon India Multi Cap Fund - Direct Plan - Growth Option,2025-09-09,330.8636
Nippon India Multi Cap Fund,118650,Nippon India Multi Cap Fund - Direct Plan - Growth Option,2025-09-10,332.4098
Nippon India Multi Cap Fund,118650,Nippon India Multi Cap Fund - Direct Plan - Growth Option,2025-09-11,332.5612
Nippon India Multi Cap Fund,118650,Nippon India Multi Cap Fund - Direct Plan - Growth Option,2025-09-12,333.7632
Nippon India Multi Cap Fund,118650,Nippon India Multi Cap Fund - Direct Plan - Growth Option,2025-09-15,334.7407
Nippon India Multi Cap Fund,118650,Nippon India Multi Cap Fund - Direct Plan - Growth Option,2025-09-16,336.5344
Nippon India Multi Cap Fund,118650,Nippon India Multi Cap Fund - Direct Plan - Growth Option,2025-09-17,337.1504
Nippon India Multi Cap Fund,118650,Nippon India Multi Cap Fund - Direct Plan - Growth Option,2025-09-18,337.6803
Nippon India Multi Cap Fund,118650,Nippon India Multi Cap Fund - Direct Plan - Growth Option,2025-09-19,337.1834
Nippon India Multi Cap Fund,118650,Nippon India Multi Cap Fund - Direct Plan - Growth Option,2025-09-22,335.277
Nippon India Multi Cap Fund,118650,Nippon India Multi Cap Fund - Direct Plan - Growth Option,2025-09-23,335.2467
Nippon India Multi Cap Fund,118650,Nippon India Multi Cap Fund - Direct Plan - Growth Option,2025-09-24,333.5333
Nippon India Multi Cap Fund,118650,Nippon India Multi Cap Fund - Direct Plan - Growth Option,2025-09-25,330.9942
Nippon India Multi Cap Fund,118650,Nippon India Multi Cap Fund - Direct Plan - Growth Option,2025-09-26,326.5076
Nippon India Multi Cap Fund,118650,Nippon India Multi Cap Fund - Direct Plan - Growth Option,2025-09-30,325.9885
Nippon India Multi Cap Fund,118650,Nippon India Multi Cap Fund - Direct Plan - Growth Option,2025-10-01,328.5195
Nippon India Multi Cap Fund,118650,Nippon India Multi Cap Fund - Direct Plan - Growth Option,2025-10-03,330.4484
Nippon India Multi Cap Fund,118650,Nippon India Multi Cap Fund - Direct Plan - Growth Option,2025-10-06,331.7019
Nippon India Multi Cap Fund,118650,Nippon India Multi Cap Fund - Direct Plan - Growth Option,2025-10-07,331.5537
Nippon India Multi Cap Fund,118650,Nippon India Multi Cap Fund - Direct Plan - Growth Option,2025-10-08,330.0149
Nippon India Multi Cap Fund,118650,Nippon India Multi Cap Fund - Direct Plan - Growth Option,2025-10-09,331.0463
Nippon India Multi Cap Fund,118650,Nippon India Multi Cap Fund - Direct Plan - Growth Option,2025-10-10,332.3432
Nippon India Multi Cap Fund,118650,Nippon India Multi Cap Fund - Direct Plan - Growth Option,2025-10-13,331.8381
Nippon India Multi Cap Fund,118650,Nippon India Multi Cap Fund - Direct Plan - Growth Option,2025-10-14,330.0121
Nippon India Multi Cap Fund,118650,Nippon India Multi Cap Fund - Direct Plan - Growth Option,2025-10-15,331.889
Nippon India Multi Cap Fund,118650,Nippon India Multi Cap Fund - Direct Plan - Growth Option,2025-10-16,334.1155
Nippon India Multi Cap Fund,118650,Nippon India Multi Cap Fund - Direct Plan - Growth Option,2025-10-17,334.1652
Nippon India Multi Cap Fund,118650,Nippon India Multi Cap Fund - Direct Plan - Growth Option,2025-10-20,335.3017
Nippon India Multi Cap Fund,118650,Nippon India Multi Cap Fund - Direct Plan - Growth Option,2025-10-23,335.7951
Nippon India Multi Cap Fund,118650,Nippon India Multi Cap Fund - Direct Plan - Growth Option,2025-10-24,334.6979
Nippon India Multi Cap Fund,118650,Nippon India Multi Cap Fund - Direct Plan - Growth Option,2025-10-27,335.5553
Nippon India Multi Cap Fund,118650,Nippon India Multi Cap Fund - Direct Plan - Growth Option,2025-10-28,335.6487
Nippon India Multi Cap Fund,118650,Nippon India Multi Cap Fund - Direct Plan - Growth Option,2025-10-29,338.0928
Nippon India Multi Cap Fund,118650,Nippon India Multi Cap Fund - Direct Plan - Growth Option,2025-10-30,337.164
Nippon India Multi Cap Fund,118650,Nippon India Multi Cap Fund - Direct Plan - Growth Option,2025-10-31,334.3281
Nippon India Multi Cap Fund,118650,Nippon India Multi Cap Fund - Direct Plan - Growth Option,2025-11-03,335.7494
Nippon India Multi Cap Fund,118650,Nippon India Multi Cap Fund - Direct Plan - Growth Option,2025-11-04,334.9778
Nippon India Multi Cap Fund,118650,Nippon India Multi Cap Fund - Direct Plan - Growth Option,2025-11-06,331.4329
Nippon India Multi Cap Fund,118650,Nippon India Multi Cap Fund - Direct Plan - Growth Option,2025-11-07,331.4664
Nippon India Multi Cap Fund,118650,Nippon India Multi Cap Fund - Direct Plan - Growth Option,2025-11-10,332.1166
Nippon India Multi Cap Fund,118650,Nippon India Multi Cap Fund - Direct Plan - Growth Option,2025-11-11,332.2999
Nippon India Multi Cap Fund,118650,Nippon India Multi Cap Fund - Direct Plan - Growth Option,2025-11-12,334.2478
Nippon India Multi Cap Fund,118650,Nippon India Multi Cap Fund - Direct Plan - Growth Option,2025-11-13,334.3304
Nippon India Multi Cap Fund,118650,Nippon India Multi Cap Fund - Direct Plan - Growth Option,2025-11-14,334.0807
Nippon India Multi Cap Fund,118650,Nippon India Multi Cap Fund - Direct Plan - Growth Option,2025-11-17,335.8846
Nippon India Multi Cap Fund,118650,Nippon India Multi Cap Fund - Direct Plan - Growth Option,2025-11-18,334.3913
Nippon India Multi Cap Fund,118650,Nippon India Multi Cap Fund - Direct Plan - Growth Option,2025-11-19,335.1862
Nippon India Multi Cap Fund,118650,Nippon India Multi Cap Fund - Direct Plan - Growth Option,2025-11-20,335.786
Nippon India Multi Cap Fund,118650,Nippon India Multi Cap Fund - Direct Plan - Growth Option,2025-11-21,332.7496
Nippon India Multi Cap Fund,118650,Nippon India Multi Cap Fund - Direct Plan - Growth Option,2025-11-24,330.836
Nippon India Multi Cap Fund,118650,Nippon India Multi Cap Fund - Direct Plan - Growth Option,2025-11-25,330.7683
Nippon India Multi Cap Fund,118650,Nippon India Multi Cap Fund - Direct Plan - Growth Option,2025-11-26,334.7098
Nippon India Multi Cap Fund,118650,Nippon India Multi Cap Fund - Direct Plan - Growth Option,2025-11-27,334.499
Nippon India Multi Cap Fund,118650,Nippon India Multi Cap Fund - Direct Plan - Growth Option,2025-11-28,333.84
Nippon India Multi Cap Fund,118650,Nippon India Multi Cap Fund - Direct Plan - Growth Option,2025-12-01,333.4161
Nippon India Multi Cap Fund,118650,Nippon India Multi Cap Fund - Direct Plan - Growth Option,2025-12-02,332.8894
Nippon India Multi Cap Fund,118650,Nippon India Multi Cap Fund - Direct Plan - Growth Option,2025-12-03,331.8215
Nippon India Multi Cap Fund,118650,Nippon India Multi Cap Fund - Direct Plan - Growth Option,2025-12-04,331.4535
Nippon India Multi Cap Fund,118650,Nippon India Multi Cap Fund - Direct Plan - Growth Option,2025-12-05,331.6399
Nippon India Multi Cap Fund,118650,Nippon India Multi Cap Fund - Direct Plan - Growth Option,2025-12-08,327.9112
Nippon India Multi Cap Fund,118650,Nippon India Multi Cap Fund - Direct Plan - Growth Option,2025-12-09,329.2613
Nippon India Multi Cap Fund,118650,Nippon India Multi Cap Fund - Direct Plan - Growth Option,2025-12-10,327.9572
Nippon India Multi Cap Fund,118650,Nippon India Multi Cap Fund - Direct Plan - Growth Option,2025-12-11,329.8113
Nippon India Multi Cap Fund,118650,Nippon India Multi Cap Fund - Direct Plan - Growth Option,2025-12-12,331.9591
Nippon India Multi Cap Fund,118650,Nippon India Multi Cap Fund - Direct Plan - Growth Option,2025-12-15,331.7844
Nippon India Multi Cap Fund,118650,Nippon India Multi Cap Fund - Direct Plan - Growth Option,2025-12-16,328.885
Nippon India Multi Cap Fund,118650,Nippon India Multi Cap Fund - Direct Plan - Growth Option,2025-12-17,327.0063
Nippon India Multi Cap Fund,118650,Nippon India Multi Cap Fund - Direct Plan - Growth Option,2025-12-18,326.5075
Nippon India Multi Cap Fund,118650,Nippon India Multi Cap Fund - Direct Plan - Growth Option,2025-12-19,329.0828
Nippon India Multi Cap Fund,118650,Nippon India Multi Cap Fund - Direct Plan - Growth Option,2025-12-22,331.455
Nippon India Multi Cap Fund,118650,Nippon India Multi Cap Fund - Direct Plan - Growth Option,2025-12-23,331.7832
Nippon India Multi Cap Fund,118650,Nippon India Multi Cap Fund - Direct Plan - Growth Option,2025-12-24,331.3786
Nippon India Multi Cap Fund,118650,Nippon India Multi Cap Fund - Direct Plan - Growth Option,2025-12-26,330.2593
Nippon India Multi Cap Fund,118650,Nippon India Multi Cap Fund - Direct Plan - Growth Option,2025-12-29,329.2224
Nippon India Multi Cap Fund,118650,Nippon India Multi Cap Fund - Direct Plan - Growth Option,2025-12-30,328.2955
Nippon India Multi Cap Fund,118650,Nippon India Multi Cap Fund - Direct Plan - Growth Option,2025-12-31,331.0518
Nippon India Multi Cap Fund,118650,Nippon India Multi Cap Fund - Direct Plan - Growth Option,2026-01-01,331.3163
Nippon India Multi Cap Fund,118650,Nippon India Multi Cap Fund - Direct Plan - Growth Option,2026-01-02,333.4451
Nippon India Multi Cap Fund,118650,Nippon India Multi Cap Fund - Direct Plan - Growth Option,2026-01-05,332.9076
Nippon India Multi Cap Fund,118650,Nippon India Multi Cap Fund - Direct Plan - Growth Option,2026-01-06,332.0179
Nippon India Multi Cap Fund,118650,Nippon India Multi Cap Fund - Direct Plan - Growth Option,2026-01-07,332.0469
Nippon India Multi Cap Fund,118650,Nippon India Multi Cap Fund - Direct Plan - Growth Option,2026-01-08,327.0772
Nippon India Multi Cap Fund,118650,Nippon India Multi Cap Fund - Direct Plan - Growth Option,2026-01-09,323.5115
Nippon India Multi Cap Fund,118650,Nippon India Multi Cap Fund - Direct Plan - Growth Option,2026-01-12,322.4585
Nippon India Multi Cap Fund,118650,Nippon India Multi Cap Fund - Direct Plan - Growth Option,2026-01-13,322.3955
Nippon India Multi Cap Fund,118650,Nippon India Multi Cap Fund - Direct Plan - Growth Option,2026-01-14,322.6478
Nippon India Multi Cap Fund,118650,Nippon India Multi Cap Fund - Direct Plan - Growth Option,2026-01-16,321.3884
Nippon India Multi Cap Fund,118650,Nippon India Multi Cap Fund - Direct Plan - Growth Option,2026-01-19,319.5463
Nippon India Multi Cap Fund,118650,Nippon India Multi Cap Fund - Direct Plan - Growth Option,2026-01-20,313.4878
Nippon India Multi Cap Fund,118650,Nippon India Multi Cap Fund - Direct Plan - Growth Option,2026-01-21,312.251
Nippon India Multi Cap Fund,118650,Nippon India Multi Cap Fund - Direct Plan - Growth Option,2026-01-22,314.0188
Nippon India Multi Cap Fund,118650,Nippon India Multi Cap Fund - Direct Plan - Growth Option,2026-01-23,309.7699
Nippon India Multi Cap Fund,118650,Nippon India Multi Cap Fund - Direct Plan - Growth Option,2026-01-27,310.3251
Nippon India Multi Cap Fund,118650,Nippon India Multi Cap Fund - Direct Plan - Growth Option,2026-01-28,314.4207
Nippon India Multi Cap Fund,118650,Nippon India Multi Cap Fund - Direct Plan - Growth Option,2026-01-29,315.5056
Nippon India Multi Cap Fund,118650,Nippon India Multi Cap Fund - Direct Plan - Growth Option,2026-01-30,316.9962
Nippon India Multi Cap Fund,118650,Nippon India Multi Cap Fund - Direct Plan - Growth Option,2026-02-02,314.7097
Nippon India Multi Cap Fund,118650,Nippon India Multi Cap Fund - Direct Plan - Growth Option,2026-02-03,323.1762
Nippon India Multi Cap Fund,118650,Nippon India Multi Cap Fund - Direct Plan - Growth Option,2026-02-04,324.9266
Nippon India Multi Cap Fund,118650,Nippon India Multi Cap Fund - Direct Plan - Growth Option,2026-02-05,324.5224
Nippon India Multi Cap Fund,118650,Nippon India Multi Cap Fund - Direct Plan - Growth Option,2026-02-06,325.7385
Nippon India Multi Cap Fund,118650,Nippon India Multi Cap Fund - Direct Plan - Growth Option,2026-02-09,329.8231
Nippon India Multi Cap Fund,118650,Nippon India Multi Cap Fund - Direct Plan - Growth Option,2026-02-10,332.1525
Nippon India Multi Cap Fund,118650,Nippon India Multi Cap Fund - Direct Plan - Growth Option,2026-02-11,332.5559
Nippon India Multi Cap Fund,118650,Nippon India Multi Cap Fund - Direct Plan - Growth Option,2026-02-12,331.0416
Nippon India Multi Cap Fund,118650,Nippon India Multi Cap Fund - Direct Plan - Growth Option,2026-02-13,328.0291
Nippon India Multi Cap Fund,118650,Nippon India Multi Cap Fund - Direct Plan - Growth Option,2026-02-16,330.0345
Nippon India Multi Cap Fund,118650,Nippon India Multi Cap Fund - Direct Plan - Growth Option,2026-02-17,330.8527
Nippon India Multi Cap Fund,118650,Nippon India Multi Cap Fund - Direct Plan - Growth Option,2026-02-18,332.2739
Nippon India Multi Cap Fund,118650,Nippon India Multi Cap Fund - Direct Plan - Growth Option,2026-02-19,327.5941
Nippon India Multi Cap Fund,118650,Nippon India Multi Cap Fund - Direct Plan - Growth Option,2026-02-20,329.8939
Nippon India Multi Cap Fund,118650,Nippon India Multi Cap Fund - Direct Plan - Growth Option,2026-02-23,330.8338
Nippon India Multi Cap Fund,118650,Nippon India Multi Cap Fund - Direct Plan - Growth Option,2026-02-24,328.4119
Nippon India Multi Cap Fund,118650,Nippon India Multi Cap Fund - Direct Plan - Growth Option,2026-02-25,329.8004
Nippon India Multi Cap Fund,118650,Nippon India Multi Cap Fund - Direct Plan - Growth Option,2026-02-26,330.2555
Nippon India Multi Cap Fund,118650,Nippon India Multi Cap Fund - Direct Plan - Growth Option,2026-02-27,327.0636
Nippon India Multi Cap Fund,118650,Nippon India Multi Cap Fund - Direct Plan - Growth Option,2026-03-02,321.9975
Nippon India Multi Cap Fund,118650,Nippon India Multi Cap Fund - Direct Plan - Growth Option,2026-03-04,316.2683
Nippon India Multi Cap Fund,118650,Nippon India Multi Cap Fund - Direct Plan - Growth Option,2026-03-05,320.3065
Nippon India Multi Cap Fund,118650,Nippon India Multi Cap Fund - Direct Plan - Growth Option,2026-03-06,318.0708
Nippon India Multi Cap Fund,118650,Nippon India Multi Cap Fund - Direct Plan - Growth Option,2026-03-09,312.0147
Nippon India Multi Cap Fund,118650,Nippon India Multi Cap Fund - Direct Plan - Growth Option,2026-03-10,316.6146
Nippon India Multi Cap Fund,118650,Nippon India Multi Cap Fund - Direct Plan - Growth Option,2026-03-11,313.9068
Nippon India Multi Cap Fund,118650,Nippon India Multi Cap Fund - Direct Plan - Growth Option,2026-03-12,312.6226
Nippon India Multi Cap Fund,118650,Nippon India Multi Cap Fund - Direct Plan - Growth Option,2026-03-13,304.9863
Nippon India Multi Cap Fund,118650,Nippon India Multi Cap Fund - Direct Plan - Growth Option,2026-03-16,306.0803
Nippon India Multi Cap Fund,118650,Nippon India Multi Cap Fund - Direct Plan - Growth Option,2026-03-17,308.3191
Nippon India Multi Cap Fund,118650,Nippon India Multi Cap Fund - Direct Plan - Growth Option,2026-03-18,312.3417
Nippon India Multi Cap Fund,118650,Nippon India Multi Cap Fund - Direct Plan - Growth Option,2026-03-19,303.5094
Nippon India Multi Cap Fund,118650,Nippon India Multi Cap Fund - Direct Plan - Growth Option,2026-03-20,304.3472
Nippon India Multi Cap Fund,118650,Nippon India Multi Cap Fund - Direct Plan - Growth Option,2026-03-23,294.7243
Nippon India Multi Cap Fund,118650,Nippon India Multi Cap Fund - Direct Plan - Growth Option,2026-03-24,300.5819
Nippon India Multi Cap Fund,118650,Nippon India Multi Cap Fund - Direct Plan - Growth Option,2026-03-25,306.5008
Nippon India Multi Cap Fund,118650,Nippon India Multi Cap Fund - Direct Plan - Growth Option,2026-03-27,300.075
Nippon India Multi Cap Fund,118650,Nippon India Multi Cap Fund - Direct Plan - Growth Option,2026-03-30,292.8474
Nippon India Multi Cap Fund,118650,Nippon India Multi Cap Fund - Direct Plan - Growth Option,2026-03-31,292.8442
Nippon India Multi Cap Fund,118650,Nippon India Multi Cap Fund - Direct Plan - Growth Option,2026-04-01,298.7633
Nippon India Multi Cap Fund,118650,Nippon India Multi Cap Fund - Direct Plan - Growth Option,2026-04-02,300.0467
Nippon India Multi Cap Fund,118650,Nippon India Multi Cap Fund - Direct Plan - Growth Option,2026-04-06,303.0059
Nippon India Multi Cap Fund,118650,Nippon India Multi Cap Fund - Direct Plan - Growth Option,2026-04-07,302.95
Nippon India Multi Cap Fund,118650,Nippon India Multi Cap Fund - Direct Plan - Growth Option,2026-04-08,313.7622
Nippon India Multi Cap Fund,118650,Nippon India Multi Cap Fund - Direct Plan - Growth Option,2026-04-09,312.7596
Nippon India Multi Cap Fund,118650,Nippon India Multi Cap Fund - Direct Plan - Growth Option,2026-04-10,317.7223
Nippon India Multi Cap Fund,118650,Nippon India Multi Cap Fund - Direct Plan - Growth Option,2026-04-13,316.4138
Nippon India Multi Cap Fund,118650,Nippon India Multi Cap Fund - Direct Plan - Growth Option,2026-04-15,322.6295
Nippon India Multi Cap Fund,118650,Nippon India Multi Cap Fund - Direct Plan - Growth Option,2026-04-16,323.8002
Nippon India Multi Cap Fund,118650,Nippon India Multi Cap Fund - Direct Plan - Growth Option,2026-04-17,326.6422
Nippon India Multi Cap Fund,118650,Nippon India Multi Cap Fund - Direct Plan - Growth Option,2026-04-20,327.3709
Nippon India Multi Cap Fund,118650,Nippon India Multi Cap Fund - Direct Plan - Growth Option,2026-04-21,330.1372
Nippon India Multi Cap Fund,118650,Nippon India Multi Cap Fund - Direct Plan - Growth Option,2026-04-22,331.0195
Nippon India Multi Cap Fund,118650,Nippon India Multi Cap Fund - Direct Plan - Growth Option,2026-04-23,328.9046
Nippon India Multi Cap Fund,118650,Nippon India Multi Cap Fund - Direct Plan - Growth Option,2026-04-24,326.0403
Nippon India Multi Cap Fund,118650,Nippon India Multi Cap Fund - Direct Plan - Growth Option,2026-04-27,329.9216
Nippon India Multi Cap Fund,118650,Nippon India Multi Cap Fund - Direct Plan - Growth Option,2026-04-28,328.1988
Nippon India Multi Cap Fund,118650,Nippon India Multi Cap Fund - Direct Plan - Growth Option,2026-04-29,328.9911
Nippon India Multi Cap Fund,118650,Nippon India Multi Cap Fund - Direct Plan - Growth Option,2026-04-30,326.582
Nippon India Multi Cap Fund,118650,Nippon India Multi Cap Fund - Direct Plan - Growth Option,2026-05-04,329.3098
Nippon India Multi Cap Fund,118650,Nippon India Multi Cap Fund - Direct Plan - Growth Option,2026-05-05,328.4363
Nippon India Multi Cap Fund,118650,Nippon India Multi Cap Fund - Direct Plan - Growth Option,2026-05-06,332.3431
Nippon India Multi Cap Fund,118650,Nippon India Multi Cap Fund - Direct Plan - Growth Option,2026-05-07,335.2744
Nippon India Multi Cap Fund,118650,Nippon India Multi Cap Fund - Direct Plan - Growth Option,2026-05-08,333.9816
Nippon India Multi Cap Fund,118650,Nippon India Multi Cap Fund - Direct Plan - Growth Option,2026-05-11,329.2709
Nippon India Multi Cap Fund,118650,Nippon India Multi Cap Fund - Direct Plan - Growth Option,2026-05-12,321.4725
Nippon India Multi Cap Fund,118650,Nippon India Multi Cap Fund - Direct Plan - Growth Option,2026-05-13,321.9356
Nippon India Multi Cap Fund,118650,Nippon India Multi Cap Fund - Direct Plan - Growth Option,2026-05-14,324.7228
Nippon India Multi Cap Fund,118650,Nippon India Multi Cap Fund - Direct Plan - Growth Option,2026-05-15,324.2533
Nippon India Multi Cap Fund,118650,Nippon India Multi Cap Fund - Direct Plan - Growth Option,2026-05-18,322.5683
Nippon India Multi Cap Fund,118650,Nippon India Multi Cap Fund - Direct Plan - Growth Option,2026-05-19,325.0601
Nippon India Multi Cap Fund,118650,Nippon India Multi Cap Fund - Direct Plan - Growth Option,2026-05-20,325.8853
Nippon India Multi Cap Fund,118650,Nippon India Multi Cap Fund - Direct Plan - Growth Option,2026-05-21,326.9199
Nippon India Multi Cap Fund,118650,Nippon India Multi Cap Fund - Direct Plan - Growth Option,2026-05-22,327.5604
Nippon India Multi Cap Fund,118650,Nippon India Multi Cap Fund - Direct Plan - Growth Option,2026-05-25,330.1562
Nippon India Multi Cap Fund,118650,Nippon India Multi Cap Fund - Direct Plan - Growth Option,2026-05-26,329.2857
Nippon India Multi Cap Fund,118650,Nippon India Multi Cap Fund - Direct Plan - Growth Option,2026-05-27,331.1598
Nippon India Multi Cap Fund,118650,Nippon India Multi Cap Fund - Direct Plan - Growth Option,2026-05-29,327.5908
Nippon India Multi Cap Fund,118650,Nippon India Multi Cap Fund - Direct Plan - Growth Option,2026-06-01,322.7739
Nippon India Multi Cap Fund,118650,Nippon India Multi Cap Fund - Direct Plan - Growth Option,2026-06-02,323.3356
Nippon India Multi Cap Fund,118650,Nippon India Multi Cap Fund - Direct Plan - Growth Option,2026-06-03,322.8845
Nippon India Multi Cap Fund,118650,Nippon India Multi Cap Fund - Direct Plan - Growth Option,2026-06-04,324.0116
Nippon India Multi Cap Fund,118650,Nippon India Multi Cap Fund - Direct Plan - Growth Option,2026-06-05,323.7366
Nippon India Multi Cap Fund,118650,Nippon India Multi Cap Fund - Direct Plan - Growth Option,2026-06-08,318.7033
Nippon India Multi Cap Fund,118650,Nippon India Multi Cap Fund - Direct Plan - Growth Option,2026-06-09,321.5193
Nippon India Multi Cap Fund,118650,Nippon India Multi Cap Fund - Direct Plan - Growth Option,2026-06-10,320.1189
Nippon India Multi Cap Fund,118650,Nippon India Multi Cap Fund - Direct Plan - Growth Option,2026-06-11,317.6751
Nippon India Multi Cap Fund,118650,Nippon India Multi Cap Fund - Direct Plan - Growth Option,2026-06-12,324.3079
Nippon India Multi Cap Fund,118650,Nippon India Multi Cap Fund - Direct Plan - Growth Option,2026-06-15,328.4853
Nippon India Multi Cap Fund,118650,Nippon India Multi Cap Fund - Direct Plan - Growth Option,2026-06-16,329.9443
Nippon India Multi Cap Fund,118650,Nippon India Multi Cap Fund - Direct Plan - Growth Option,2026-06-17,332.3623
Nippon India Multi Cap Fund,118650,Nippon India Multi Cap Fund - Direct Plan - Growth Option,2026-06-18,334.4699
Nippon India Multi Cap Fund,118650,Nippon India Multi Cap Fund - Direct Plan - Growth Option,2026-06-19,335.3947
Nippon India Multi Cap Fund,118650,Nippon India Multi Cap Fund - Direct Plan - Growth Option,2026-06-22,337.5736
Nippon India Multi Cap Fund,118650,Nippon India Multi Cap Fund - Direct Plan - Growth Option,2026-06-23,335.005
Nippon India Multi Cap Fund,118650,Nippon India Multi Cap Fund - Direct Plan - Growth Option,2026-06-24,335.2702
Nippon India Multi Cap Fund,118650,Nippon India Multi Cap Fund - Direct Plan - Growth Option,2026-06-25,334.0343
Nippon India Multi Cap Fund,118650,Nippon India Multi Cap Fund - Direct Plan - Growth Option,2026-06-29,332.8937
Nippon India Multi Cap Fund,118650,Nippon India Multi Cap Fund - Direct Plan - Growth Option,2026-06-30,333.0095
Nippon India Multi Cap Fund,118650,Nippon India Multi Cap Fund - Direct Plan - Growth Option,2026-07-01,334.1996
Nippon India Multi Cap Fund,118650,Nippon India Multi Cap Fund - Direct Plan - Growth Option,2026-07-02,336.3473
Nippon India Multi Cap Fund,118650,Nippon India Multi Cap Fund - Direct Plan - Growth Option,2026-07-03,335.0593
Nippon India Multi Cap Fund,118650,Nippon India Multi Cap Fund - Direct Plan - Growth Option,2026-07-06,337.2195
Nippon India Multi Cap Fund,118650,Nippon India Multi Cap Fund - Direct Plan - Growth Option,2026-07-07,336.7129
Nippon India Multi Cap Fund,118650,Nippon India Multi Cap Fund - Direct Plan - Growth Option,2026-07-08,330.0304
Nippon India Multi Cap Fund,118650,Nippon India Multi Cap Fund - Direct Plan - Growth Option,2026-07-09,332.5238
Nippon India Multi Cap Fund,118650,Nippon India Multi Cap Fund - Direct Plan - Growth Option,2026-07-10,335.9556
Nippon India Multi Cap Fund,118650,Nippon India Multi Cap Fund - Direct Plan - Growth Option,2026-07-13,336.1645
Nippon India Multi Cap Fund,118650,Nippon India Multi Cap Fund - Direct Plan - Growth Option,2026-07-14,333.8795
Nippon India Multi Cap Fund,118650,Nippon India Multi Cap Fund - Direct Plan - Growth Option,2026-07-15,335.7372
Nippon India Multi Cap Fund,118650,Nippon India Multi Cap Fund - Direct Plan - Growth Option,2026-07-16,335.1924
Nippon India Multi Cap Fund,118650,Nippon India Multi Cap Fund - Direct Plan - Growth Option,2026-07-17,335.1908
Nippon India Multi Cap Fund,118650,Nippon India Multi Cap Fund - Direct Plan - Growth Option,2026-07-20,333.9982
Nippon India Multi Cap Fund,118650,Nippon India Multi Cap Fund - Direct Plan - Growth Option,2026-07-21,333.7191
Nippon India Multi Cap Fund,118650,Nippon India Multi Cap Fund - Direct Plan - Growth Option,2026-07-22,330.1491
Nippon India Multi Cap Fund,118650,Nippon India Multi Cap Fund - Direct Plan - Growth Option,2026-07-23,327.5518
Nippon India Multi Cap Fund,118650,Nippon India Multi Cap Fund - Direct Plan - Growth Option,2026-07-24,326.9305
Nippon India Multi Cap Fund,118650,Nippon India Multi Cap Fund - Direct Plan - Growth Option,2026-07-27,330.7669
Nippon India Multi Cap Fund,118650,Nippon India Multi Cap Fund - Direct Plan - Growth Option,2026-07-28,330.1277
Nippon India Multi Cap Fund,118650,Nippon India Multi Cap Fund - Direct Plan - Growth Option,2026-07-29,334.3499
Nippon India Multi Cap Fund,118650,Nippon India Multi Cap Fund - Direct Plan - Growth Option,2026-07-30,334.4175
Nippon India Multi Cap Fund,118650,Nippon India Multi Cap Fund - Direct Plan - Growth Option,2026-07-31,335.103
Nippon India Multi Cap Fund,118650,Nippon India Multi Cap Fund - Direct Plan - Growth Option,2026-08-03,340.9058
Nippon India Multi Cap Fund,118650,Nippon India Multi Cap Fund - Direct Plan - Growth Option,2026-08-04,340.2116
Nippon India Multi Cap Fund,118650,Nippon India Multi Cap Fund - Direct Plan - Growth Option,2026-08-05,341.2231
Nippon India Multi Cap Fund,118650,Nippon India Multi Cap Fund - Direct Plan - Growth Option,2026-08-06,340.365
Nippon India Multi Cap Fund,118650,Nippon India Multi Cap Fund - Direct Plan - Growth Option,2026-08-07,340.2024
Nippon India Multi Cap Fund,118650,Nippon India Multi Cap Fund - Direct Plan - Growth Option,2026-08-10,340.7896
Nippon India Multi Cap Fund,118650,Nippon India Multi Cap Fund - Direct Plan - Growth Option,2026-08-11,340.8661
Nippon India Multi Cap Fund,118650,Nippon India Multi Cap Fund - Direct Plan - Growth Option,2026-08-12,340.9268
Nippon India Multi Cap Fund,118650,Nippon India Multi Cap Fund - Direct Plan - Growth Option,2026-08-13,340.174
Nippon India Multi Cap Fund,118650,Nippon India Multi Cap Fund - Direct Plan - Growth Option,2026-08-14,339.1742
Nippon India Multi Cap Fund,118650,Nippon India Multi Cap Fund - Direct Plan - Growth Option,2026-08-17,338.5726
Nippon India Multi Cap Fund,118650,Nippon India Multi Cap Fund - Direct Plan - Growth Option,2026-08-18,337.002
Nippon India Multi Cap Fund,118650,Nippon India Multi Cap Fund - Direct Plan - Growth Option,2026-08-19,335.44
Nippon India Multi Cap Fund,118650,Nippon India Multi Cap Fund - Direct Plan - Growth Option,2026-08-20,337.5428
Nippon India Multi Cap Fund,118650,Nippon India Multi Cap Fund - Direct Plan - Growth Option,2026-08-21,338.227
Nippon India Multi Cap Fund,118650,Nippon India Multi Cap Fund - Direct Plan - Growth Option,2026-08-24,337.9313
Nippon India Multi Cap Fund,118650,Nippon India Multi Cap Fund - Direct Plan - Growth Option,2026-08-25,338.5485
Nippon India Multi Cap Fund,118650,Nippon India Multi Cap Fund - Direct Plan - Growth Option,2026-08-26,338.2449
Nippon India Multi Cap Fund,118650,Nippon India Multi Cap Fund - Direct Plan - Growth Option,2026-08-27,336.862
Nippon India Multi Cap Fund,118650,Nippon India Multi Cap Fund - Direct Plan - Growth Option,2026-08-28,336.5437
Nippon India Multi Cap Fund,118650,Nippon India Multi Cap Fund - Direct Plan - Growth Option,2026-08-31,336.7471
Nippon India Multi Cap Fund,118650,Nippon India Multi Cap Fund - Direct Plan - Growth Option,2026-09-01,334.8566
Nippon India Multi Cap Fund,118650,Nippon India Multi Cap Fund - Direct Plan - Growth Option,2026-09-02,333.0642
Nippon India Multi Cap Fund,118650,Nippon India Multi Cap Fund - Direct Plan - Growth Option,2026-09-03,333.5401
Nippon India Multi Cap Fund,118650,Nippon India Multi Cap Fund - Direct Plan - Growth Option,2026-09-04,334.0509
Nippon India Multi Cap Fund,118650,Nippon India Multi Cap Fund - Direct Plan - Growth Option,2026-09-07,332.4708
Nippon India Multi Cap Fund,118650,Nippon India Multi Cap Fund - Direct Plan - Growth Option,2026-09-08,332.5743
Nippon India Multi Cap Fund,118650,Nippon India Multi Cap Fund - Direct Plan - Growth Option,2026-09-09,330.4507
Nippon India Multi Cap Fund,118650,Nippon India Multi Cap Fund - Direct Plan - Growth Option,2026-09-10,330.1222
Nippon India Multi Cap Fund,118650,Nippon India Multi Cap Fund - Direct Plan - Growth Option,2026-09-11,329.5087
Nippon India Multi Cap Fund,118650,Nippon India Multi Cap Fund - Direct Plan - Growth Option,2026-09-15,324.0605
Nippon India Multi Cap Fund,118650,Nippon India Multi Cap Fund - Direct Plan - Growth Option,2026-09-16,324.5149
Nippon India Multi Cap Fund,118650,Nippon India Multi Cap Fund - Direct Plan - Growth Option,2026-09-17,327.1719
Nippon India Multi Cap Fund,118650,Nippon India Multi Cap Fund - Direct Plan - Growth Option,2026-09-18,330.0748
Nippon India Multi Cap Fund,118650,Nippon India Multi Cap Fund - Direct Plan - Growth Option,2026-09-21,330.5216
Nippon India Multi Cap Fund,118650,Nippon India Multi Cap Fund - Direct Plan - Growth Option,2026-09-22,329.7408
Nippon India Multi Cap Fund,118650,Nippon India Multi Cap Fund - Direct Plan - Growth Option,2026-09-23,331.4289
Nippon India Multi Cap Fund,118650,Nippon India Multi Cap Fund - Direct Plan - Growth Option,2026-09-24,325.3
Nippon India Multi Cap Fund,118650,Nippon India Multi Cap Fund - Direct Plan - Growth Option,2026-09-25,326.1267
Nippon India Multi Cap Fund,118650,Nippon India Multi Cap Fund - Direct Plan - Growth Option,2026-09-28,321.747
Nippon India Multi Cap Fund,118650,Nippon India Multi Cap Fund - Direct Plan - Growth Option,2026-09-29,319.6102
Nippon India Multi Cap Fund,118650,Nippon India Multi Cap Fund - Direct Plan - Growth Option,2026-09-30,319.482
Nippon India Multi Cap Fund,118650,Nippon India Multi Cap Fund - Direct Plan - Growth Option,2026-10-01,316.8832
SBI ELSS Tax Saver Fund,119723,SBI ELSS Tax Saver Fund - Direct Plan - Growth,2025-01-01,459.1916
SBI ELSS Tax Saver Fund,119723,SBI ELSS Tax Saver Fund - Direct Plan - Growth,2025-01-02,464.3423
SBI ELSS Tax Saver Fund,119723,SBI ELSS Tax Saver Fund - Direct Plan - Growth,2025-01-03,462.3574
SBI ELSS Tax Saver Fund,119723,SBI ELSS Tax Saver Fund - Direct Plan - Growth,2025-01-06,455.5735
SBI ELSS Tax Saver Fund,119723,SBI ELSS Tax Saver Fund - Direct Plan - Growth,2025-01-07,457.6606
SBI ELSS Tax Saver Fund,119723,SBI ELSS Tax Saver Fund - Direct Plan - Growth,2025-01-08,456.6501
SBI ELSS Tax Saver Fund,119723,SBI ELSS Tax Saver Fund - Direct Plan - Growth,2025-01-09,453.3561
SBI ELSS Tax Saver Fund,119723,SBI ELSS Tax Saver Fund - Direct Plan - Growth,2025-01-10,449.6178
SBI ELSS Tax Saver Fund,119723,SBI ELSS Tax Saver Fund - Direct Plan - Growth,2025-01-13,440.4219
SBI ELSS Tax Saver Fund,119723,SBI ELSS Tax Saver Fund - Direct Plan - Growth,2025-01-14,444.0374
SBI ELSS Tax Saver Fund,119723,SBI ELSS Tax Saver Fund - Direct Plan - Growth,2025-01-15,445.0397
SBI ELSS Tax Saver Fund,119723,SBI ELSS Tax Saver Fund - Direct Plan - Growth,2025-01-16,448.9438
SBI ELSS Tax Saver Fund,119723,SBI ELSS Tax Saver Fund - Direct Plan - Growth,2025-01-17,447.3312
SBI ELSS Tax Saver Fund,119723,SBI ELSS Tax Saver Fund - Direct Plan - Growth,2025-01-20,448.9945
SBI ELSS Tax Saver Fund,119723,SBI ELSS Tax Saver Fund - Direct Plan - Growth,2025-01-21,442.7934
SBI ELSS Tax Saver Fund,119723,SBI ELSS Tax Saver Fund - Direct Plan - Growth,2025-01-22,441.4301
SBI ELSS Tax Saver Fund,119723,SBI ELSS Tax Saver Fund - Direct Plan - Growth,2025-01-23,444.9742
SBI ELSS Tax Saver Fund,119723,SBI ELSS Tax Saver Fund - Direct Plan - Growth,2025-01-24,440.9047
SBI ELSS Tax Saver Fund,119723,SBI ELSS Tax Saver Fund - Direct Plan - Growth,2025-01-27,433.3689
SBI ELSS Tax Saver Fund,119723,SBI ELSS Tax Saver Fund - Direct Plan - Growth,2025-01-28,434.5762
SBI ELSS Tax Saver Fund,119723,SBI ELSS Tax Saver Fund - Direct Plan - Growth,2025-01-29,440.7168
SBI ELSS Tax Saver Fund,119723,SBI ELSS Tax Saver Fund - Direct Plan - Growth,2025-01-30,441.071
SBI ELSS Tax Saver Fund,119723,SBI ELSS Tax Saver Fund - Direct Plan - Growth,2025-01-31,445.1623
SBI ELSS Tax Saver Fund,119723,SBI ELSS Tax Saver Fund - Direct Plan - Growth,2025-02-03,440.1384
SBI ELSS Tax Saver Fund,119723,SBI ELSS Tax Saver Fund - Direct Plan - Growth,2025-02-04,446.2697
SBI ELSS Tax Saver Fund,119723,SBI ELSS Tax Saver Fund - Direct Plan - Growth,2025-02-05,448.081
SBI ELSS Tax Saver Fund,119723,SBI ELSS Tax Saver Fund - Direct Plan - Growth,2025-02-06,447.1133
SBI ELSS Tax Saver Fund,119723,SBI ELSS Tax Saver Fund - Direct Plan - Growth,2025-02-07,446.8082
SBI ELSS Tax Saver Fund,119723,SBI ELSS Tax Saver Fund - Direct Plan - Growth,2025-02-10,442.258
SBI ELSS Tax Saver Fund,119723,SBI ELSS Tax Saver Fund - Direct Plan - Growth,2025-02-11,434.1754
SBI ELSS Tax Saver Fund,119723,SBI ELSS Tax Saver Fund - Direct Plan - Growth,2025-02-12,433.3244
SBI ELSS Tax Saver Fund,119723,SBI ELSS Tax Saver Fund - Direct Plan - Growth,2025-02-13,433.3819
SBI ELSS Tax Saver Fund,119723,SBI ELSS Tax Saver Fund - Direct Plan - Growth,2025-02-14,429.9505
SBI ELSS Tax Saver Fund,119723,SBI ELSS Tax Saver Fund - Direct Plan - Growth,2025-02-17,429.7262
SBI ELSS Tax Saver Fund,119723,SBI ELSS Tax Saver Fund - Direct Plan - Growth,2025-02-18,428.9663
SBI ELSS Tax Saver Fund,119723,SBI ELSS Tax Saver Fund - Direct Plan - Growth,2025-02-19,431.1939
SBI ELSS Tax Saver Fund,119723,SBI ELSS Tax Saver Fund - Direct Plan - Growth,2025-02-20,432.998
SBI ELSS Tax Saver Fund,119723,SBI ELSS Tax Saver Fund - Direct Plan - Growth,2025-02-21,430.4775
SBI ELSS Tax Saver Fund,119723,SBI ELSS Tax Saver Fund - Direct Plan - Growth,2025-02-24,426.9865
SBI ELSS Tax Saver Fund,119723,SBI ELSS Tax Saver Fund - Direct Plan - Growth,2025-02-25,425.8147
SBI ELSS Tax Saver Fund,119723,SBI ELSS Tax Saver Fund - Direct Plan - Growth,2025-02-27,424.8248
SBI ELSS Tax Saver Fund,119723,SBI ELSS Tax Saver Fund - Direct Plan - Growth,2025-02-28,415.4164
SBI ELSS Tax Saver Fund,119723,SBI ELSS Tax Saver Fund - Direct Plan - Growth,2025-03-03,415.9005
SBI ELSS Tax Saver Fund,119723,SBI ELSS Tax Saver Fund - Direct Plan - Growth,2025-03-04,417.3965
SBI ELSS Tax Saver Fund,119723,SBI ELSS Tax Saver Fund - Direct Plan - Growth,2025-03-05,424.1984
SBI ELSS Tax Saver Fund,119723,SBI ELSS Tax Saver Fund - Direct Plan - Growth,2025-03-06,428.2821
SBI ELSS Tax Saver Fund,119723,SBI ELSS Tax Saver Fund - Direct Plan - Growth,2025-03-07,427.4878
SBI ELSS Tax Saver Fund,119723,SBI ELSS Tax Saver Fund - Direct Plan - Growth,2025-03-10,424.9781
SBI ELSS Tax Saver Fund,119723,SBI ELSS Tax Saver Fund - Direct Plan - Growth,2025-03-11,425.69
SBI ELSS Tax Saver Fund,119723,SBI ELSS Tax Saver Fund - Direct Plan - Growth,2025-03-12,423.738
SBI ELSS Tax Saver Fund,119723,SBI ELSS Tax Saver Fund - Direct Plan - Growth,2025-03-13,421.9532
SBI ELSS Tax Saver Fund,119723,SBI ELSS Tax Saver Fund - Direct Plan - Growth,2025-03-17,423.7926
SBI ELSS Tax Saver Fund,119723,SBI ELSS Tax Saver Fund - Direct Plan - Growth,2025-03-18,430.0065
SBI ELSS Tax Saver Fund,119723,SBI ELSS Tax Saver Fund - Direct Plan - Growth,2025-03-19,432.6923
SBI ELSS Tax Saver Fund,119723,SBI ELSS Tax Saver Fund - Direct Plan - Growth,2025-03-20,437.1081
SBI ELSS Tax Saver Fund,119723,SBI ELSS Tax Saver Fund - Direct Plan - Growth,2025-03-21,440.6602
SBI ELSS Tax Saver Fund,119723,SBI ELSS Tax Saver Fund - Direct Plan - Growth,2025-03-24,446.253
SBI ELSS Tax Saver Fund,119723,SBI ELSS Tax Saver Fund - Direct Plan - Growth,2025-03-25,444.1848
SBI ELSS Tax Saver Fund,119723,SBI ELSS Tax Saver Fund - Direct Plan - Growth,2025-03-26,440.7344
SBI ELSS Tax Saver Fund,119723,SBI ELSS Tax Saver Fund - Direct Plan - Growth,2025-03-27,442.2056
SBI ELSS Tax Saver Fund,119723,SBI ELSS Tax Saver Fund - Direct Plan - Growth,2025-03-28,440.8536
SBI ELSS Tax Saver Fund,119723,SBI ELSS Tax Saver Fund - Direct Plan - Growth,2025-03-31,440.8447
SBI ELSS Tax Saver Fund,119723,SBI ELSS Tax Saver Fund - Direct Plan - Growth,2025-04-01,436.6872
SBI ELSS Tax Saver Fund,119723,SBI ELSS Tax Saver Fund - Direct Plan - Growth,2025-04-02,439.1174
SBI ELSS Tax Saver Fund,119723,SBI ELSS Tax Saver Fund - Direct Plan - Growth,2025-04-03,437.7818
SBI ELSS Tax Saver Fund,119723,SBI ELSS Tax Saver Fund - Direct Plan - Growth,2025-04-04,427.9632
SBI ELSS Tax Saver Fund,119723,SBI ELSS Tax Saver Fund - Direct Plan - Growth,2025-04-07,415.3529
SBI ELSS Tax Saver Fund,119723,SBI ELSS Tax Saver Fund - Direct Plan - Growth,2025-04-08,421.9146
SBI ELSS Tax Saver Fund,119723,SBI ELSS Tax Saver Fund - Direct Plan - Growth,2025-04-09,419.1695
SBI ELSS Tax Saver Fund,119723,SBI ELSS Tax Saver Fund - Direct Plan - Growth,2025-04-11,426.5537
SBI ELSS Tax Saver Fund,119723,SBI ELSS Tax Saver Fund - Direct Plan - Growth,2025-04-15,435.3744
SBI ELSS Tax Saver Fund,119723,SBI ELSS Tax Saver Fund - Direct Plan - Growth,2025-04-16,437.4167
SBI ELSS Tax Saver Fund,119723,SBI ELSS Tax Saver Fund - Direct Plan - Growth,2025-04-17,442.6773
SBI ELSS Tax Saver Fund,119723,SBI ELSS Tax Saver Fund - Direct Plan - Growth,2025-04-21,448.4727
SBI ELSS Tax Saver Fund,119723,SBI ELSS Tax Saver Fund - Direct Plan - Growth,2025-04-22,450.0896
SBI ELSS Tax Saver Fund,119723,SBI ELSS Tax Saver Fund - Direct Plan - Growth,2025-04-23,452.7629
SBI ELSS Tax Saver Fund,119723,SBI ELSS Tax Saver Fund - Direct Plan - Growth,2025-04-24,452.2877
SBI ELSS Tax Saver Fund,119723,SBI ELSS Tax Saver Fund - Direct Plan - Growth,2025-04-25,447.0705
SBI ELSS Tax Saver Fund,119723,SBI ELSS Tax Saver Fund - Direct Plan - Growth,2025-04-28,452.1135
SBI ELSS Tax Saver Fund,119723,SBI ELSS Tax Saver Fund - Direct Plan - Growth,2025-04-29,452.5738
SBI ELSS Tax Saver Fund,119723,SBI ELSS Tax Saver Fund - Direct Plan - Growth,2025-04-30,451.0672
SBI ELSS Tax Saver Fund,119723,SBI ELSS Tax Saver Fund - Direct Plan - Growth,2025-05-02,450.4127
SBI ELSS Tax Saver Fund,119723,SBI ELSS Tax Saver Fund - Direct Plan - Growth,2025-05-05,452.9182
SBI ELSS Tax Saver Fund,119723,SBI ELSS Tax Saver Fund - Direct Plan - Growth,2025-05-06,448.6484
SBI ELSS Tax Saver Fund,119723,SBI ELSS Tax Saver Fund - Direct Plan - Growth,2025-05-07,450.8356
SBI ELSS Tax Saver Fund,119723,SBI ELSS Tax Saver Fund - Direct Plan - Growth,2025-05-08,446.6735
SBI ELSS Tax Saver Fund,119723,SBI ELSS Tax Saver Fund - Direct Plan - Growth,2025-05-09,443.2007
SBI ELSS Tax Saver Fund,119723,SBI ELSS Tax Saver Fund - Direct Plan - Growth,2025-05-12,457.9747
SBI ELSS Tax Saver Fund,119723,SBI ELSS Tax Saver Fund - Direct Plan - Growth,2025-05-13,454.2771
SBI ELSS Tax Saver Fund,119723,SBI ELSS Tax Saver Fund - Direct Plan - Growth,2025-05-14,458.9543
SBI ELSS Tax Saver Fund,119723,SBI ELSS Tax Saver Fund - Direct Plan - Growth,2025-05-15,464.5065
SBI ELSS Tax Saver Fund,119723,SBI ELSS Tax Saver Fund - Direct Plan - Growth,2025-05-16,465.7847
SBI ELSS Tax Saver Fund,119723,SBI ELSS Tax Saver Fund - Direct Plan - Growth,2025-05-19,465.1876
SBI ELSS Tax Saver Fund,119723,SBI ELSS Tax Saver Fund - Direct Plan - Growth,2025-05-20,461.5437
SBI ELSS Tax Saver Fund,119723,SBI ELSS Tax Saver Fund - Direct Plan - Growth,2025-05-21,463.9502
SBI ELSS Tax Saver Fund,119723,SBI ELSS Tax Saver Fund - Direct Plan - Growth,2025-05-22,461.5742
SBI ELSS Tax Saver Fund,119723,SBI ELSS Tax Saver Fund - Direct Plan - Growth,2025-05-23,464.6532
SBI ELSS Tax Saver Fund,119723,SBI ELSS Tax Saver Fund - Direct Plan - Growth,2025-05-26,467.8892
SBI ELSS Tax Saver Fund,119723,SBI ELSS Tax Saver Fund - Direct Plan - Growth,2025-05-27,466.1813
SBI ELSS Tax Saver Fund,119723,SBI ELSS Tax Saver Fund - Direct Plan - Growth,2025-05-28,465.7863
SBI ELSS Tax Saver Fund,119723,SBI ELSS Tax Saver Fund - Direct Plan - Growth,2025-05-29,467.7877
SBI ELSS Tax Saver Fund,119723,SBI ELSS Tax Saver Fund - Direct Plan - Growth,2025-05-30,467.9054
SBI ELSS Tax Saver Fund,119723,SBI ELSS Tax Saver Fund - Direct Plan - Growth,2025-05-31,467.8994
SBI ELSS Tax Saver Fund,119723,SBI ELSS Tax Saver Fund - Direct Plan - Growth,2025-06-02,466.7114
SBI ELSS Tax Saver Fund,119723,SBI ELSS Tax Saver Fund - Direct Plan - Growth,2025-06-03,464.3691
SBI ELSS Tax Saver Fund,119723,SBI ELSS Tax Saver Fund - Direct Plan - Growth,2025-06-04,465.8374
SBI ELSS Tax Saver Fund,119723,SBI ELSS Tax Saver Fund - Direct Plan - Growth,2025-06-05,467.5154
SBI ELSS Tax Saver Fund,119723,SBI ELSS Tax Saver Fund - Direct Plan - Growth,2025-06-06,471.4408
SBI ELSS Tax Saver Fund,119723,SBI ELSS Tax Saver Fund - Direct Plan - Growth,2025-06-09,474.2458
SBI ELSS Tax Saver Fund,119723,SBI ELSS Tax Saver Fund - Direct Plan - Growth,2025-06-10,474.877
SBI ELSS Tax Saver Fund,119723,SBI ELSS Tax Saver Fund - Direct Plan - Growth,2025-06-11,476.1153
SBI ELSS Tax Saver Fund,119723,SBI ELSS Tax Saver Fund - Direct Plan - Growth,2025-06-12,470.4925
SBI ELSS Tax Saver Fund,119723,SBI ELSS Tax Saver Fund - Direct Plan - Growth,2025-06-13,468.2491
SBI ELSS Tax Saver Fund,119723,SBI ELSS Tax Saver Fund - Direct Plan - Growth,2025-06-16,471.0545
SBI ELSS Tax Saver Fund,119723,SBI ELSS Tax Saver Fund - Direct Plan - Growth,2025-06-17,468.6666
SBI ELSS Tax Saver Fund,119723,SBI ELSS Tax Saver Fund - Direct Plan - Growth,2025-06-18,467.5483
SBI ELSS Tax Saver Fund,119723,SBI ELSS Tax Saver Fund - Direct Plan - Growth,2025-06-19,464.5876
SBI ELSS Tax Saver Fund,119723,SBI ELSS Tax Saver Fund - Direct Plan - Growth,2025-06-20,468.8907
SBI ELSS Tax Saver Fund,119723,SBI ELSS Tax Saver Fund - Direct Plan - Growth,2025-06-23,468.0457
SBI ELSS Tax Saver Fund,119723,SBI ELSS Tax Saver Fund - Direct Plan - Growth,2025-06-24,470.6236
SBI ELSS Tax Saver Fund,119723,SBI ELSS Tax Saver Fund - Direct Plan - Growth,2025-06-25,474.3445
SBI ELSS Tax Saver Fund,119723,SBI ELSS Tax Saver Fund - Direct Plan - Growth,2025-06-26,478.3301
SBI ELSS Tax Saver Fund,119723,SBI ELSS Tax Saver Fund - Direct Plan - Growth,2025-06-27,480.3112
SBI ELSS Tax Saver Fund,119723,SBI ELSS Tax Saver Fund - Direct Plan - Growth,2025-06-30,479.4762
SBI ELSS Tax Saver Fund,119723,SBI ELSS Tax Saver Fund - Direct Plan - Growth,2025-07-01,479.2356
SBI ELSS Tax Saver Fund,119723,SBI ELSS Tax Saver Fund - Direct Plan - Growth,2025-07-02,479.6394
SBI ELSS Tax Saver Fund,119723,SBI ELSS Tax Saver Fund - Direct Plan - Growth,2025-07-03,478.7933
SBI ELSS Tax Saver Fund,119723,SBI ELSS Tax Saver Fund - Direct Plan - Growth,2025-07-04,480.165
SBI ELSS Tax Saver Fund,119723,SBI ELSS Tax Saver Fund - Direct Plan - Growth,2025-07-07,480.3404
SBI ELSS Tax Saver Fund,119723,SBI ELSS Tax Saver Fund - Direct Plan - Growth,2025-07-08,481.6339
SBI ELSS Tax Saver Fund,119723,SBI ELSS Tax Saver Fund - Direct Plan - Growth,2025-07-09,481.4492
SBI ELSS Tax Saver Fund,119723,SBI ELSS Tax Saver Fund - Direct Plan - Growth,2025-07-10,479.9747
SBI ELSS Tax Saver Fund,119723,SBI ELSS Tax Saver Fund - Direct Plan - Growth,2025-07-11,476.6299
SBI ELSS Tax Saver Fund,119723,SBI ELSS Tax Saver Fund - Direct Plan - Growth,2025-07-14,476.4705
SBI ELSS Tax Saver Fund,119723,SBI ELSS Tax Saver Fund - Direct Plan - Growth,2025-07-15,479.2632
SBI ELSS Tax Saver Fund,119723,SBI ELSS Tax Saver Fund - Direct Plan - Growth,2025-07-16,480.1552
SBI ELSS Tax Saver Fund,119723,SBI ELSS Tax Saver Fund - Direct Plan - Growth,2025-07-17,480.4423
SBI ELSS Tax Saver Fund,119723,SBI ELSS Tax Saver Fund - Direct Plan - Growth,2025-07-18,478.2887
SBI ELSS Tax Saver Fund,119723,SBI ELSS Tax Saver Fund - Direct Plan - Growth,2025-07-21,479.5278
SBI ELSS Tax Saver Fund,119723,SBI ELSS Tax Saver Fund - Direct Plan - Growth,2025-07-22,478.6077
SBI ELSS Tax Saver Fund,119723,SBI ELSS Tax Saver Fund - Direct Plan - Growth,2025-07-23,480.3779
SBI ELSS Tax Saver Fund,119723,SBI ELSS Tax Saver Fund - Direct Plan - Growth,2025-07-24,477.983
SBI ELSS Tax Saver Fund,119723,SBI ELSS Tax Saver Fund - Direct Plan - Growth,2025-07-25,472.5297
SBI ELSS Tax Saver Fund,119723,SBI ELSS Tax Saver Fund - Direct Plan - Growth,2025-07-28,469.8969
SBI ELSS Tax Saver Fund,119723,SBI ELSS Tax Saver Fund - Direct Plan - Growth,2025-07-29,471.5132
SBI ELSS Tax Saver Fund,119723,SBI ELSS Tax Saver Fund - Direct Plan - Growth,2025-07-30,472.0051
SBI ELSS Tax Saver Fund,119723,SBI ELSS Tax Saver Fund - Direct Plan - Growth,2025-07-31,469.327
SBI ELSS Tax Saver Fund,119723,SBI ELSS Tax Saver Fund - Direct Plan - Growth,2025-08-01,464.2431
SBI ELSS Tax Saver Fund,119723,SBI ELSS Tax Saver Fund - Direct Plan - Growth,2025-08-04,466.9448
SBI ELSS Tax Saver Fund,119723,SBI ELSS Tax Saver Fund - Direct Plan - Growth,2025-08-05,465.3752
SBI ELSS Tax Saver Fund,119723,SBI ELSS Tax Saver Fund - Direct Plan - Growth,2025-08-06,463.424
SBI ELSS Tax Saver Fund,119723,SBI ELSS Tax Saver Fund - Direct Plan - Growth,2025-08-07,464.5954
SBI ELSS Tax Saver Fund,119723,SBI ELSS Tax Saver Fund - Direct Plan - Growth,2025-08-08,460.7152
SBI ELSS Tax Saver Fund,119723,SBI ELSS Tax Saver Fund - Direct Plan - Growth,2025-08-11,463.4442
SBI ELSS Tax Saver Fund,119723,SBI ELSS Tax Saver Fund - Direct Plan - Growth,2025-08-12,463.3513
SBI ELSS Tax Saver Fund,119723,SBI ELSS Tax Saver Fund - Direct Plan - Growth,2025-08-13,466.1349
SBI ELSS Tax Saver Fund,119723,SBI ELSS Tax Saver Fund - Direct Plan - Growth,2025-08-14,464.8967
SBI ELSS Tax Saver Fund,119723,SBI ELSS Tax Saver Fund - Direct Plan - Growth,2025-08-18,468.801
SBI ELSS Tax Saver Fund,119723,SBI ELSS Tax Saver Fund - Direct Plan - Growth,2025-08-19,471.2996
SBI ELSS Tax Saver Fund,119723,SBI ELSS Tax Saver Fund - Direct Plan - Growth,2025-08-20,471.998
SBI ELSS Tax Saver Fund,119723,SBI ELSS Tax Saver Fund - Direct Plan - Growth,2025-08-21,472.9567
SBI ELSS Tax Saver Fund,119723,SBI ELSS Tax Saver Fund - Direct Plan - Growth,2025-08-22,470.11
SBI ELSS Tax Saver Fund,119723,SBI ELSS Tax Saver Fund - Direct Plan - Growth,2025-08-25,471.3368
SBI ELSS Tax Saver Fund,119723,SBI ELSS Tax Saver Fund - Direct Plan - Growth,2025-08-26,466.0859
SBI ELSS Tax Saver Fund,119723,SBI ELSS Tax Saver Fund - Direct Plan - Growth,2025-08-28,461.7892
SBI ELSS Tax Saver Fund,119723,SBI ELSS Tax Saver Fund - Direct Plan - Growth,2025-08-29,459.9062
SBI ELSS Tax Saver Fund,119723,SBI ELSS Tax Saver Fund - Direct Plan - Growth,2025-08-31,459.8904
SBI ELSS Tax Saver Fund,119723,SBI ELSS Tax Saver Fund - Direct Plan - Growth,2025-09-01,464.274
SBI ELSS Tax Saver Fund,119723,SBI ELSS Tax Saver Fund - Direct Plan - Growth,2025-09-02,464.6273
SBI ELSS Tax Saver Fund,119723,SBI ELSS Tax Saver Fund - Direct Plan - Growth,2025-09-03,467.9019
SBI ELSS Tax Saver Fund,119723,SBI ELSS Tax Saver Fund - Direct Plan - Growth,2025-09-04,467.4575
SBI ELSS Tax Saver Fund,119723,SBI ELSS Tax Saver Fund - Direct Plan - Growth,2025-09-05,467.1088
SBI ELSS Tax Saver Fund,119723,SBI ELSS Tax Saver Fund - Direct Plan - Growth,2025-09-08,468.864
SBI ELSS Tax Saver Fund,119723,SBI ELSS Tax Saver Fund - Direct Plan - Growth,2025-09-09,469.8051
SBI ELSS Tax Saver Fund,119723,SBI ELSS Tax Saver Fund - Direct Plan - Growth,2025-09-10,472.0952
SBI ELSS Tax Saver Fund,119723,SBI ELSS Tax Saver Fund - Direct Plan - Growth,2025-09-11,472.6443
SBI ELSS Tax Saver Fund,119723,SBI ELSS Tax Saver Fund - Direct Plan - Growth,2025-09-12,473.7529
SBI ELSS Tax Saver Fund,119723,SBI ELSS Tax Saver Fund - Direct Plan - Growth,2025-09-15,473.7762
SBI ELSS Tax Saver Fund,119723,SBI ELSS Tax Saver Fund - Direct Plan - Growth,2025-09-16,476.5993
SBI ELSS Tax Saver Fund,119723,SBI ELSS Tax Saver Fund - Direct Plan - Growth,2025-09-17,478.3083
SBI ELSS Tax Saver Fund,119723,SBI ELSS Tax Saver Fund - Direct Plan - Growth,2025-09-18,480.3037
SBI ELSS Tax Saver Fund,119723,SBI ELSS Tax Saver Fund - Direct Plan - Growth,2025-09-19,479.5079
SBI ELSS Tax Saver Fund,119723,SBI ELSS Tax Saver Fund - Direct Plan - Growth,2025-09-22,475.7345
SBI ELSS Tax Saver Fund,119723,SBI ELSS Tax Saver Fund - Direct Plan - Growth,2025-09-23,474.5701
SBI ELSS Tax Saver Fund,119723,SBI ELSS Tax Saver Fund - Direct Plan - Growth,2025-09-24,471.6879
SBI ELSS Tax Saver Fund,119723,SBI ELSS Tax Saver Fund - Direct Plan - Growth,2025-09-25,468.8151
SBI ELSS Tax Saver Fund,119723,SBI ELSS Tax Saver Fund - Direct Plan - Growth,2025-09-26,462.9871
SBI ELSS Tax Saver Fund,119723,SBI ELSS Tax Saver Fund - Direct Plan - Growth,2025-09-30,463.4524
SBI ELSS Tax Saver Fund,119723,SBI ELSS Tax Saver Fund - Direct Plan - Growth,2025-10-01,467.0975
SBI ELSS Tax Saver Fund,119723,SBI ELSS Tax Saver Fund - Direct Plan - Growth,2025-10-03,469.1481
SBI ELSS Tax Saver Fund,119723,SBI ELSS Tax Saver Fund - Direct Plan - Growth,2025-10-06,471.7709
SBI ELSS Tax Saver Fund,119723,SBI ELSS Tax Saver Fund - Direct Plan - Growth,2025-10-07,472.2722
SBI ELSS Tax Saver Fund,119723,SBI ELSS Tax Saver Fund - Direct Plan - Growth,2025-10-08,469.9518
SBI ELSS Tax Saver Fund,119723,SBI ELSS Tax Saver Fund - Direct Plan - Growth,2025-10-09,473.0394
SBI ELSS Tax Saver Fund,119723,SBI ELSS Tax Saver Fund - Direct Plan - Growth,2025-10-10,475.2153
SBI ELSS Tax Saver Fund,119723,SBI ELSS Tax Saver Fund - Direct Plan - Growth,2025-10-13,473.898
SBI ELSS Tax Saver Fund,119723,SBI ELSS Tax Saver Fund - Direct Plan - Growth,2025-10-14,472.3027
SBI ELSS Tax Saver Fund,119723,SBI ELSS Tax Saver Fund - Direct Plan - Growth,2025-10-15,475.0662
SBI ELSS Tax Saver Fund,119723,SBI ELSS Tax Saver Fund - Direct Plan - Growth,2025-10-16,478.6744
SBI ELSS Tax Saver Fund,119723,SBI ELSS Tax Saver Fund - Direct Plan - Growth,2025-10-17,479.095
SBI ELSS Tax Saver Fund,119723,SBI ELSS Tax Saver Fund - Direct Plan - Growth,2025-10-20,482.1231
SBI ELSS Tax Saver Fund,119723,SBI ELSS Tax Saver Fund - Direct Plan - Growth,2025-10-23,484.0539
SBI ELSS Tax Saver Fund,119723,SBI ELSS Tax Saver Fund - Direct Plan - Growth,2025-10-24,482.4663
SBI ELSS Tax Saver Fund,119723,SBI ELSS Tax Saver Fund - Direct Plan - Growth,2025-10-27,485.4731
SBI ELSS Tax Saver Fund,119723,SBI ELSS Tax Saver Fund - Direct Plan - Growth,2025-10-28,484.3673
SBI ELSS Tax Saver Fund,119723,SBI ELSS Tax Saver Fund - Direct Plan - Growth,2025-10-29,487.8056
SBI ELSS Tax Saver Fund,119723,SBI ELSS Tax Saver Fund - Direct Plan - Growth,2025-10-30,485.3407
SBI ELSS Tax Saver Fund,119723,SBI ELSS Tax Saver Fund - Direct Plan - Growth,2025-10-31,482.2899
SBI ELSS Tax Saver Fund,119723,SBI ELSS Tax Saver Fund - Direct Plan - Growth,2025-11-03,485.1352
SBI ELSS Tax Saver Fund,119723,SBI ELSS Tax Saver Fund - Direct Plan - Growth,2025-11-04,483.3307
SBI ELSS Tax Saver Fund,119723,SBI ELSS Tax Saver Fund - Direct Plan - Growth,2025-11-06,479.4512
SBI ELSS Tax Saver Fund,119723,SBI ELSS Tax Saver Fund - Direct Plan - Growth,2025-11-07,479.0246
SBI ELSS Tax Saver Fund,119723,SBI ELSS Tax Saver Fund - Direct Plan - Growth,2025-11-10,480.4131
SBI ELSS Tax Saver Fund,119723,SBI ELSS Tax Saver Fund - Direct Plan - Growth,2025-11-11,482.167
SBI ELSS Tax Saver Fund,119723,SBI ELSS Tax Saver Fund - Direct Plan - Growth,2025-11-12,484.4873
SBI ELSS Tax Saver Fund,119723,SBI ELSS Tax Saver Fund - Direct Plan - Growth,2025-11-13,484.5856
SBI ELSS Tax Saver Fund,119723,SBI ELSS Tax Saver Fund - Direct Plan - Growth,2025-11-14,485.0483
SBI ELSS Tax Saver Fund,119723,SBI ELSS Tax Saver Fund - Direct Plan - Growth,2025-11-17,487.7986
SBI ELSS Tax Saver Fund,119723,SBI ELSS Tax Saver Fund - Direct Plan - Growth,2025-11-18,485.6569
SBI ELSS Tax Saver Fund,119723,SBI ELSS Tax Saver Fund - Direct Plan - Growth,2025-11-19,486.4182
SBI ELSS Tax Saver Fund,119723,SBI ELSS Tax Saver Fund - Direct Plan - Growth,2025-11-20,488.1426
SBI ELSS Tax Saver Fund,119723,SBI ELSS Tax Saver Fund - Direct Plan - Growth,2025-11-21,484.9366
SBI ELSS Tax Saver Fund,119723,SBI ELSS Tax Saver Fund - Direct Plan - Growth,2025-11-24,484.7896
SBI ELSS Tax Saver Fund,119723,SBI ELSS Tax Saver Fund - Direct Plan - Growth,2025-11-25,484.2175
SBI ELSS Tax Saver Fund,119723,SBI ELSS Tax Saver Fund - Direct Plan - Growth,2025-11-26,488.8602
SBI ELSS Tax Saver Fund,119723,SBI ELSS Tax Saver Fund - Direct Plan - Growth,2025-11-27,489.176
SBI ELSS Tax Saver Fund,119723,SBI ELSS Tax Saver Fund - Direct Plan - Growth,2025-11-28,489.1744
SBI ELSS Tax Saver Fund,119723,SBI ELSS Tax Saver Fund - Direct Plan - Growth,2025-11-30,489.1605
SBI ELSS Tax Saver Fund,119723,SBI ELSS Tax Saver Fund - Direct Plan - Growth,2025-12-01,488.6164
SBI ELSS Tax Saver Fund,119723,SBI ELSS Tax Saver Fund - Direct Plan - Growth,2025-12-02,487.1712
SBI ELSS Tax Saver Fund,119723,SBI ELSS Tax Saver Fund - Direct Plan - Growth,2025-12-03,486.0442
SBI ELSS Tax Saver Fund,119723,SBI ELSS Tax Saver Fund - Direct Plan - Growth,2025-12-04,486.1341
SBI ELSS Tax Saver Fund,119723,SBI ELSS Tax Saver Fund - Direct Plan - Growth,2025-12-05,487.1065
SBI ELSS Tax Saver Fund,119723,SBI ELSS Tax Saver Fund - Direct Plan - Growth,2025-12-08,482.0822
SBI ELSS Tax Saver Fund,119723,SBI ELSS Tax Saver Fund - Direct Plan - Growth,2025-12-09,482.0493
SBI ELSS Tax Saver Fund,119723,SBI ELSS Tax Saver Fund - Direct Plan - Growth,2025-12-10,481.2817
SBI ELSS Tax Saver Fund,119723,SBI ELSS Tax Saver Fund - Direct Plan - Growth,2025-12-11,483.3093
SBI ELSS Tax Saver Fund,119723,SBI ELSS Tax Saver Fund - Direct Plan - Growth,2025-12-12,486.6451
SBI ELSS Tax Saver Fund,119723,SBI ELSS Tax Saver Fund - Direct Plan - Growth,2025-12-15,486.3845
SBI ELSS Tax Saver Fund,119723,SBI ELSS Tax Saver Fund - Direct Plan - Growth,2025-12-16,482.7565
SBI ELSS Tax Saver Fund,119723,SBI ELSS Tax Saver Fund - Direct Plan - Growth,2025-12-17,482.7689
SBI ELSS Tax Saver Fund,119723,SBI ELSS Tax Saver Fund - Direct Plan - Growth,2025-12-18,483.2924
SBI ELSS Tax Saver Fund,119723,SBI ELSS Tax Saver Fund - Direct Plan - Growth,2025-12-19,486.7951
SBI ELSS Tax Saver Fund,119723,SBI ELSS Tax Saver Fund - Direct Plan - Growth,2025-12-22,490.1326
SBI ELSS Tax Saver Fund,119723,SBI ELSS Tax Saver Fund - Direct Plan - Growth,2025-12-23,490.6462
SBI ELSS Tax Saver Fund,119723,SBI ELSS Tax Saver Fund - Direct Plan - Growth,2025-12-24,489.1185
SBI ELSS Tax Saver Fund,119723,SBI ELSS Tax Saver Fund - Direct Plan - Growth,2025-12-26,487.9806
SBI ELSS Tax Saver Fund,119723,SBI ELSS Tax Saver Fund - Direct Plan - Growth,2025-12-29,486.487
SBI ELSS Tax Saver Fund,119723,SBI ELSS Tax Saver Fund - Direct Plan - Growth,2025-12-30,488.1096
SBI ELSS Tax Saver Fund,119723,SBI ELSS Tax Saver Fund - Direct Plan - Growth,2025-12-31,492.166
SBI ELSS Tax Saver Fund,119723,SBI ELSS Tax Saver Fund - Direct Plan - Growth,2026-01-01,492.3266
SBI ELSS Tax Saver Fund,119723,SBI ELSS Tax Saver Fund - Direct Plan - Growth,2026-01-02,495.6275
SBI ELSS Tax Saver Fund,119723,SBI ELSS Tax Saver Fund - Direct Plan - Growth,2026-01-05,493.7292
SBI ELSS Tax Saver Fund,119723,SBI ELSS Tax Saver Fund - Direct Plan - Growth,2026-01-06,492.2095
SBI ELSS Tax Saver Fund,119723,SBI ELSS Tax Saver Fund - Direct Plan - Growth,2026-01-07,490.5712
SBI ELSS Tax Saver Fund,119723,SBI ELSS Tax Saver Fund - Direct Plan - Growth,2026-01-08,484.5617
SBI ELSS Tax Saver Fund,119723,SBI ELSS Tax Saver Fund - Direct Plan - Growth,2026-01-09,481.037
SBI ELSS Tax Saver Fund,119723,SBI ELSS Tax Saver Fund - Direct Plan - Growth,2026-01-12,482.2937
SBI ELSS Tax Saver Fund,119723,SBI ELSS Tax Saver Fund - Direct Plan - Growth,2026-01-13,482.4941
SBI ELSS Tax Saver Fund,119723,SBI ELSS Tax Saver Fund - Direct Plan - Growth,2026-01-14,482.4521
SBI ELSS Tax Saver Fund,119723,SBI ELSS Tax Saver Fund - Direct Plan - Growth,2026-01-16,483.9864
SBI ELSS Tax Saver Fund,119723,SBI ELSS Tax Saver Fund - Direct Plan - Growth,2026-01-19,480.9251
SBI ELSS Tax Saver Fund,119723,SBI ELSS Tax Saver Fund - Direct Plan - Growth,2026-01-20,473.8563
SBI ELSS Tax Saver Fund,119723,SBI ELSS Tax Saver Fund - Direct Plan - Growth,2026-01-21,472.266
SBI ELSS Tax Saver Fund,119723,SBI ELSS Tax Saver Fund - Direct Plan - Growth,2026-01-22,475.7919
SBI ELSS Tax Saver Fund,119723,SBI ELSS Tax Saver Fund - Direct Plan - Growth,2026-01-23,470.6632
SBI ELSS Tax Saver Fund,119723,SBI ELSS Tax Saver Fund - Direct Plan - Growth,2026-01-27,472.453
SBI ELSS Tax Saver Fund,119723,SBI ELSS Tax Saver Fund - Direct Plan - Growth,2026-01-28,477.6251
SBI ELSS Tax Saver Fund,119723,SBI ELSS Tax Saver Fund - Direct Plan - Growth,2026-01-29,479.7214
SBI ELSS Tax Saver Fund,119723,SBI ELSS Tax Saver Fund - Direct Plan - Growth,2026-01-30,478.9342
SBI ELSS Tax Saver Fund,119723,SBI ELSS Tax Saver Fund - Direct Plan - Growth,2026-01-31,478.9252
SBI ELSS Tax Saver Fund,119723,SBI ELSS Tax Saver Fund - Direct Plan - Growth,2026-02-02,474.0727
SBI ELSS Tax Saver Fund,119723,SBI ELSS Tax Saver Fund - Direct Plan - Growth,2026-02-03,484.1941
SBI ELSS Tax Saver Fund,119723,SBI ELSS Tax Saver Fund - Direct Plan - Growth,2026-02-04,485.5552
SBI ELSS Tax Saver Fund,119723,SBI ELSS Tax Saver Fund - Direct Plan - Growth,2026-02-05,484.4569
SBI ELSS Tax Saver Fund,119723,SBI ELSS Tax Saver Fund - Direct Plan - Growth,2026-02-06,484.7512
SBI ELSS Tax Saver Fund,119723,SBI ELSS Tax Saver Fund - Direct Plan - Growth,2026-02-09,489.9728
SBI ELSS Tax Saver Fund,119723,SBI ELSS Tax Saver Fund - Direct Plan - Growth,2026-02-10,493.4774
SBI ELSS Tax Saver Fund,119723,SBI ELSS Tax Saver Fund - Direct Plan - Growth,2026-02-11,492.3249
SBI ELSS Tax Saver Fund,119723,SBI ELSS Tax Saver Fund - Direct Plan - Growth,2026-02-12,488.7382
SBI ELSS Tax Saver Fund,119723,SBI ELSS Tax Saver Fund - Direct Plan - Growth,2026-02-13,482.8662
SBI ELSS Tax Saver Fund,119723,SBI ELSS Tax Saver Fund - Direct Plan - Growth,2026-02-16,485.6727
SBI ELSS Tax Saver Fund,119723,SBI ELSS Tax Saver Fund - Direct Plan - Growth,2026-02-17,487.2766
SBI ELSS Tax Saver Fund,119723,SBI ELSS Tax Saver Fund - Direct Plan - Growth,2026-02-18,489.9544
SBI ELSS Tax Saver Fund,119723,SBI ELSS Tax Saver Fund - Direct Plan - Growth,2026-02-19,483.6623
SBI ELSS Tax Saver Fund,119723,SBI ELSS Tax Saver Fund - Direct Plan - Growth,2026-02-20,485.3956
SBI ELSS Tax Saver Fund,119723,SBI ELSS Tax Saver Fund - Direct Plan - Growth,2026-02-23,487.4363
SBI ELSS Tax Saver Fund,119723,SBI ELSS Tax Saver Fund - Direct Plan - Growth,2026-02-24,483.4443
SBI ELSS Tax Saver Fund,119723,SBI ELSS Tax Saver Fund - Direct Plan - Growth,2026-02-25,486.195
SBI ELSS Tax Saver Fund,119723,SBI ELSS Tax Saver Fund - Direct Plan - Growth,2026-02-26,488.299
SBI ELSS Tax Saver Fund,119723,SBI ELSS Tax Saver Fund - Direct Plan - Growth,2026-02-27,482.5925
SBI ELSS Tax Saver Fund,119723,SBI ELSS Tax Saver Fund - Direct Plan - Growth,2026-02-28,482.5823
SBI ELSS Tax Saver Fund,119723,SBI ELSS Tax Saver Fund - Direct Plan - Growth,2026-03-02,476.3458
SBI ELSS Tax Saver Fund,119723,SBI ELSS Tax Saver Fund - Direct Plan - Growth,2026-03-04,465.8924
SBI ELSS Tax Saver Fund,119723,SBI ELSS Tax Saver Fund - Direct Plan - Growth,2026-03-05,470.1513
SBI ELSS Tax Saver Fund,119723,SBI ELSS Tax Saver Fund - Direct Plan - Growth,2026-03-06,465.8454
SBI ELSS Tax Saver Fund,119723,SBI ELSS Tax Saver Fund - Direct Plan - Growth,2026-03-09,455.8873
SBI ELSS Tax Saver Fund,119723,SBI ELSS Tax Saver Fund - Direct Plan - Growth,2026-03-10,461.6656
SBI ELSS Tax Saver Fund,119723,SBI ELSS Tax Saver Fund - Direct Plan - Growth,2026-03-11,455.3496
SBI ELSS Tax Saver Fund,119723,SBI ELSS Tax Saver Fund - Direct Plan - Growth,2026-03-12,452.2059
SBI ELSS Tax Saver Fund,119723,SBI ELSS Tax Saver Fund - Direct Plan - Growth,2026-03-13,442.6692
SBI ELSS Tax Saver Fund,119723,SBI ELSS Tax Saver Fund - Direct Plan - Growth,2026-03-16,445.032
SBI ELSS Tax Saver Fund,119723,SBI ELSS Tax Saver Fund - Direct Plan - Growth,2026-03-17,448.3444
SBI ELSS Tax Saver Fund,119723,SBI ELSS Tax Saver Fund - Direct Plan - Growth,2026-03-18,452.6951
SBI ELSS Tax Saver Fund,119723,SBI ELSS Tax Saver Fund - Direct Plan - Growth,2026-03-19,439.9466
SBI ELSS Tax Saver Fund,119723,SBI ELSS Tax Saver Fund - Direct Plan - Growth,2026-03-20,441.0073
SBI ELSS Tax Saver Fund,119723,SBI ELSS Tax Saver Fund - Direct Plan - Growth,2026-03-23,428.299
SBI ELSS Tax Saver Fund,119723,SBI ELSS Tax Saver Fund - Direct Plan - Growth,2026-03-24,435.6741
SBI ELSS Tax Saver Fund,119723,SBI ELSS Tax Saver Fund - Direct Plan - Growth,2026-03-25,443.2799
SBI ELSS Tax Saver Fund,119723,SBI ELSS Tax Saver Fund - Direct Plan - Growth,2026-03-27,434.3789
SBI ELSS Tax Saver Fund,119723,SBI ELSS Tax Saver Fund - Direct Plan - Growth,2026-03-30,424.8457
SBI ELSS Tax Saver Fund,119723,SBI ELSS Tax Saver Fund - Direct Plan - Growth,2026-03-31,424.8363
SBI ELSS Tax Saver Fund,119723,SBI ELSS Tax Saver Fund - Direct Plan - Growth,2026-04-01,431.9768
SBI ELSS Tax Saver Fund,119723,SBI ELSS Tax Saver Fund - Direct Plan - Growth,2026-04-02,431.9966
SBI ELSS Tax Saver Fund,119723,SBI ELSS Tax Saver Fund - Direct Plan - Growth,2026-04-06,436.4098
SBI ELSS Tax Saver Fund,119723,SBI ELSS Tax Saver Fund - Direct Plan - Growth,2026-04-07,438.7559
SBI ELSS Tax Saver Fund,119723,SBI ELSS Tax Saver Fund - Direct Plan - Growth,2026-04-08,454.8609
SBI ELSS Tax Saver Fund,119723,SBI ELSS Tax Saver Fund - Direct Plan - Growth,2026-04-09,452.0595
SBI ELSS Tax Saver Fund,119723,SBI ELSS Tax Saver Fund - Direct Plan - Growth,2026-04-10,458.8961
SBI ELSS Tax Saver Fund,119723,SBI ELSS Tax Saver Fund - Direct Plan - Growth,2026-04-13,456.9798
SBI ELSS Tax Saver Fund,119723,SBI ELSS Tax Saver Fund - Direct Plan - Growth,2026-04-15,464.6987
SBI ELSS Tax Saver Fund,119723,SBI ELSS Tax Saver Fund - Direct Plan - Growth,2026-04-16,465.499
SBI ELSS Tax Saver Fund,119723,SBI ELSS Tax Saver Fund - Direct Plan - Growth,2026-04-17,468.5983
SBI ELSS Tax Saver Fund,119723,SBI ELSS Tax Saver Fund - Direct Plan - Growth,2026-04-20,468.8237
SBI ELSS Tax Saver Fund,119723,SBI ELSS Tax Saver Fund - Direct Plan - Growth,2026-04-21,472.6761
SBI ELSS Tax Saver Fund,119723,SBI ELSS Tax Saver Fund - Direct Plan - Growth,2026-04-22,470.9231
SBI ELSS Tax Saver Fund,119723,SBI ELSS Tax Saver Fund - Direct Plan - Growth,2026-04-23,468.403
SBI ELSS Tax Saver Fund,119723,SBI ELSS Tax Saver Fund - Direct Plan - Growth,2026-04-24,462.9181
SBI ELSS Tax Saver Fund,119723,SBI ELSS Tax Saver Fund - Direct Plan - Growth,2026-04-27,467.818
SBI ELSS Tax Saver Fund,119723,SBI ELSS Tax Saver Fund - Direct Plan - Growth,2026-04-28,466.0137
SBI ELSS Tax Saver Fund,119723,SBI ELSS Tax Saver Fund - Direct Plan - Growth,2026-04-29,467.1816
SBI ELSS Tax Saver Fund,119723,SBI ELSS Tax Saver Fund - Direct Plan - Growth,2026-04-30,463.9594
SBI ELSS Tax Saver Fund,119723,SBI ELSS Tax Saver Fund - Direct Plan - Growth,2026-05-04,465.9586
SBI ELSS Tax Saver Fund,119723,SBI ELSS Tax Saver Fund - Direct Plan - Growth,2026-05-05,464.3301
SBI ELSS Tax Saver Fund,119723,SBI ELSS Tax Saver Fund - Direct Plan - Growth,2026-05-06,471.5328
SBI ELSS Tax Saver Fund,119723,SBI ELSS Tax Saver Fund - Direct Plan - Growth,2026-05-07,473.5593
SBI ELSS Tax Saver Fund,119723,SBI ELSS Tax Saver Fund - Direct Plan - Growth,2026-05-08,471.0302
SBI ELSS Tax Saver Fund,119723,SBI ELSS Tax Saver Fund - Direct Plan - Growth,2026-05-11,464.5426
SBI ELSS Tax Saver Fund,119723,SBI ELSS Tax Saver Fund - Direct Plan - Growth,2026-05-12,456.3623
SBI ELSS Tax Saver Fund,119723,SBI ELSS Tax Saver Fund - Direct Plan - Growth,2026-05-13,457.3342
SBI ELSS Tax Saver Fund,119723,SBI ELSS Tax Saver Fund - Direct Plan - Growth,2026-05-14,461.9555
SBI ELSS Tax Saver Fund,119723,SBI ELSS Tax Saver Fund - Direct Plan - Growth,2026-05-15,461.1121
SBI ELSS Tax Saver Fund,119723,SBI ELSS Tax Saver Fund - Direct Plan - Growth,2026-05-18,459.417
SBI ELSS Tax Saver Fund,119723,SBI ELSS Tax Saver Fund - Direct Plan - Growth,2026-05-19,458.9508
SBI ELSS Tax Saver Fund,119723,SBI ELSS Tax Saver Fund - Direct Plan - Growth,2026-05-20,459.7269
SBI ELSS Tax Saver Fund,119723,SBI ELSS Tax Saver Fund - Direct Plan - Growth,2026-05-21,460.5666
SBI ELSS Tax Saver Fund,119723,SBI ELSS Tax Saver Fund - Direct Plan - Growth,2026-05-22,462.7335
SBI ELSS Tax Saver Fund,119723,SBI ELSS Tax Saver Fund - Direct Plan - Growth,2026-05-25,467.1687
SBI ELSS Tax Saver Fund,119723,SBI ELSS Tax Saver Fund - Direct Plan - Growth,2026-05-26,466.3341
SBI ELSS Tax Saver Fund,119723,SBI ELSS Tax Saver Fund - Direct Plan - Growth,2026-05-27,466.7005
SBI ELSS Tax Saver Fund,119723,SBI ELSS Tax Saver Fund - Direct Plan - Growth,2026-05-29,461.4666
SBI ELSS Tax Saver Fund,119723,SBI ELSS Tax Saver Fund - Direct Plan - Growth,2026-05-31,461.4458
SBI ELSS Tax Saver Fund,119723,SBI ELSS Tax Saver Fund - Direct Plan - Growth,2026-06-01,458.248
SBI ELSS Tax Saver Fund,119723,SBI ELSS Tax Saver Fund - Direct Plan - Growth,2026-06-02,459.3911
SBI ELSS Tax Saver Fund,119723,SBI ELSS Tax Saver Fund - Direct Plan - Growth,2026-06-03,458.2222
SBI ELSS Tax Saver Fund,119723,SBI ELSS Tax Saver Fund - Direct Plan - Growth,2026-06-04,458.7559
SBI ELSS Tax Saver Fund,119723,SBI ELSS Tax Saver Fund - Direct Plan - Growth,2026-06-05,458.7996
SBI ELSS Tax Saver Fund,119723,SBI ELSS Tax Saver Fund - Direct Plan - Growth,2026-06-08,453.6456
SBI ELSS Tax Saver Fund,119723,SBI ELSS Tax Saver Fund - Direct Plan - Growth,2026-06-09,456.5461
SBI ELSS Tax Saver Fund,119723,SBI ELSS Tax Saver Fund - Direct Plan - Growth,2026-06-10,454.5967
SBI ELSS Tax Saver Fund,119723,SBI ELSS Tax Saver Fund - Direct Plan - Growth,2026-06-11,452.918
SBI ELSS Tax Saver Fund,119723,SBI ELSS Tax Saver Fund - Direct Plan - Growth,2026-06-12,462.203
SBI ELSS Tax Saver Fund,119723,SBI ELSS Tax Saver Fund - Direct Plan - Growth,2026-06-15,466.2751
SBI ELSS Tax Saver Fund,119723,SBI ELSS Tax Saver Fund - Direct Plan - Growth,2026-06-16,467.6279
SBI ELSS Tax Saver Fund,119723,SBI ELSS Tax Saver Fund - Direct Plan - Growth,2026-06-17,469.4218
SBI ELSS Tax Saver Fund,119723,SBI ELSS Tax Saver Fund - Direct Plan - Growth,2026-06-18,472.3914
SBI ELSS Tax Saver Fund,119723,SBI ELSS Tax Saver Fund - Direct Plan - Growth,2026-06-19,471.6508
SBI ELSS Tax Saver Fund,119723,SBI ELSS Tax Saver Fund - Direct Plan - Growth,2026-06-22,476.018
SBI ELSS Tax Saver Fund,119723,SBI ELSS Tax Saver Fund - Direct Plan - Growth,2026-06-23,471.675
SBI ELSS Tax Saver Fund,119723,SBI ELSS Tax Saver Fund - Direct Plan - Growth,2026-06-24,475.405
SBI ELSS Tax Saver Fund,119723,SBI ELSS Tax Saver Fund - Direct Plan - Growth,2026-06-25,474.7315
SBI ELSS Tax Saver Fund,119723,SBI ELSS Tax Saver Fund - Direct Plan - Growth,2026-06-29,473.1359
SBI ELSS Tax Saver Fund,119723,SBI ELSS Tax Saver Fund - Direct Plan - Growth,2026-06-30,472.8536
SBI ELSS Tax Saver Fund,119723,SBI ELSS Tax Saver Fund - Direct Plan - Growth,2026-07-01,474.1888
SBI ELSS Tax Saver Fund,119723,SBI ELSS Tax Saver Fund - Direct Plan - Growth,2026-07-02,476.7856
SBI ELSS Tax Saver Fund,119723,SBI ELSS Tax Saver Fund - Direct Plan - Growth,2026-07-03,476.9773
SBI ELSS Tax Saver Fund,119723,SBI ELSS Tax Saver Fund - Direct Plan - Growth,2026-07-06,479.4953
SBI ELSS Tax Saver Fund,119723,SBI ELSS Tax Saver Fund - Direct Plan - Growth,2026-07-07,478.4033
SBI ELSS Tax Saver Fund,119723,SBI ELSS Tax Saver Fund - Direct Plan - Growth,2026-07-08,469.924
SBI ELSS Tax Saver Fund,119723,SBI ELSS Tax Saver Fund - Direct Plan - Growth,2026-07-09,473.0263
SBI ELSS Tax Saver Fund,119723,SBI ELSS Tax Saver Fund - Direct Plan - Growth,2026-07-10,478.4228
SBI ELSS Tax Saver Fund,119723,SBI ELSS Tax Saver Fund - Direct Plan - Growth,2026-07-13,479.3982
SBI ELSS Tax Saver Fund,119723,SBI ELSS Tax Saver Fund - Direct Plan - Growth,2026-07-14,476.4399
SBI ELSS Tax Saver Fund,119723,SBI ELSS Tax Saver Fund - Direct Plan - Growth,2026-07-15,477.6989
SBI ELSS Tax Saver Fund,119723,SBI ELSS Tax Saver Fund - Direct Plan - Growth,2026-07-16,477.4496
SBI ELSS Tax Saver Fund,119723,SBI ELSS Tax Saver Fund - Direct Plan - Growth,2026-07-17,479.1199
SBI ELSS Tax Saver Fund,119723,SBI ELSS Tax Saver Fund - Direct Plan - Growth,2026-07-20,478.8849
SBI ELSS Tax Saver Fund,119723,SBI ELSS Tax Saver Fund - Direct Plan - Growth,2026-07-21,478.6608
SBI ELSS Tax Saver Fund,119723,SBI ELSS Tax Saver Fund - Direct Plan - Growth,2026-07-22,473.3411
SBI ELSS Tax Saver Fund,119723,SBI ELSS Tax Saver Fund - Direct Plan - Growth,2026-07-23,470.3571
SBI ELSS Tax Saver Fund,119723,SBI ELSS Tax Saver Fund - Direct Plan - Growth,2026-07-24,469.5671
SBI ELSS Tax Saver Fund,119723,SBI ELSS Tax Saver Fund - Direct Plan - Growth,2026-07-27,472.7955
SBI ELSS Tax Saver Fund,119723,SBI ELSS Tax Saver Fund - Direct Plan - Growth,2026-07-28,471.9461
SBI ELSS Tax Saver Fund,119723,SBI ELSS Tax Saver Fund - Direct Plan - Growth,2026-07-29,476.6582
SBI ELSS Tax Saver Fund,119723,SBI ELSS Tax Saver Fund - Direct Plan - Growth,2026-07-30,476.1436
SBI ELSS Tax Saver Fund,119723,SBI ELSS Tax Saver Fund - Direct Plan - Growth,2026-07-31,478.6604
SBI ELSS Tax Saver Fund,119723,SBI ELSS Tax Saver Fund - Direct Plan - Growth,2026-08-03,483.1648
SBI ELSS Tax Saver Fund,119723,SBI ELSS Tax Saver Fund - Direct Plan - Growth,2026-08-04,480.0192
SBI ELSS Tax Saver Fund,119723,SBI ELSS Tax Saver Fund - Direct Plan - Growth,2026-08-05,480.309
SBI ELSS Tax Saver Fund,119723,SBI ELSS Tax Saver Fund - Direct Plan - Growth,2026-08-06,480.1554
SBI ELSS Tax Saver Fund,119723,SBI ELSS Tax Saver Fund - Direct Plan - Growth,2026-08-07,478.5689
SBI ELSS Tax Saver Fund,119723,SBI ELSS Tax Saver Fund - Direct Plan - Growth,2026-08-10,478.6376
SBI ELSS Tax Saver Fund,119723,SBI ELSS Tax Saver Fund - Direct Plan - Growth,2026-08-11,476.9366
SBI ELSS Tax Saver Fund,119723,SBI ELSS Tax Saver Fund - Direct Plan - Growth,2026-08-12,476.2493
SBI ELSS Tax Saver Fund,119723,SBI ELSS Tax Saver Fund - Direct Plan - Growth,2026-08-13,475.5081
SBI ELSS Tax Saver Fund,119723,SBI ELSS Tax Saver Fund - Direct Plan - Growth,2026-08-14,474.7321
SBI ELSS Tax Saver Fund,119723,SBI ELSS Tax Saver Fund - Direct Plan - Growth,2026-08-17,473.573
SBI ELSS Tax Saver Fund,119723,SBI ELSS Tax Saver Fund - Direct Plan - Growth,2026-08-18,471.3853
SBI ELSS Tax Saver Fund,119723,SBI ELSS Tax Saver Fund - Direct Plan - Growth,2026-08-19,469.242
SBI ELSS Tax Saver Fund,119723,SBI ELSS Tax Saver Fund - Direct Plan - Growth,2026-08-20,471.8467
SBI ELSS Tax Saver Fund,119723,SBI ELSS Tax Saver Fund - Direct Plan - Growth,2026-08-21,472.467
SBI ELSS Tax Saver Fund,119723,SBI ELSS Tax Saver Fund - Direct Plan - Growth,2026-08-24,471.9148
SBI ELSS Tax Saver Fund,119723,SBI ELSS Tax Saver Fund - Direct Plan - Growth,2026-08-25,473.9373
SBI ELSS Tax Saver Fund,119723,SBI ELSS Tax Saver Fund - Direct Plan - Growth,2026-08-26,473.987
SBI ELSS Tax Saver Fund,119723,SBI ELSS Tax Saver Fund - Direct Plan - Growth,2026-08-27,472.6965
SBI ELSS Tax Saver Fund,119723,SBI ELSS Tax Saver Fund - Direct Plan - Growth,2026-08-28,472.3942
SBI ELSS Tax Saver Fund,119723,SBI ELSS Tax Saver Fund - Direct Plan - Growth,2026-08-31,469.9767
SBI ELSS Tax Saver Fund,119723,SBI ELSS Tax Saver Fund - Direct Plan - Growth,2026-09-01,467.4818
SBI ELSS Tax Saver Fund,119723,SBI ELSS Tax Saver Fund - Direct Plan - Growth,2026-09-02,465.6448
SBI ELSS Tax Saver Fund,119723,SBI ELSS Tax Saver Fund - Direct Plan - Growth,2026-09-03,466.1419
SBI ELSS Tax Saver Fund,119723,SBI ELSS Tax Saver Fund - Direct Plan - Growth,2026-09-04,466.8005
SBI ELSS Tax Saver Fund,119723,SBI ELSS Tax Saver Fund - Direct Plan - Growth,2026-09-07,464.8643
SBI ELSS Tax Saver Fund,119723,SBI ELSS Tax Saver Fund - Direct Plan - Growth,2026-09-08,463.6782
SBI ELSS Tax Saver Fund,119723,SBI ELSS Tax Saver Fund - Direct Plan - Growth,2026-09-09,461.3746
SBI ELSS Tax Saver Fund,119723,SBI ELSS Tax Saver Fund - Direct Plan - Growth,2026-09-10,461.4786
SBI ELSS Tax Saver Fund,119723,SBI ELSS Tax Saver Fund - Direct Plan - Growth,2026-09-11,460.1904
SBI ELSS Tax Saver Fund,119723,SBI ELSS Tax Saver Fund - Direct Plan - Growth,2026-09-15,452.4884
SBI ELSS Tax Saver Fund,119723,SBI ELSS Tax Saver Fund - Direct Plan - Growth,2026-09-16,453.417
SBI ELSS Tax Saver Fund,119723,SBI ELSS Tax Saver Fund - Direct Plan - Growth,2026-09-17,455.5562
SBI ELSS Tax Saver Fund,119723,SBI ELSS Tax Saver Fund - Direct Plan - Growth,2026-09-18,458.5247
SBI ELSS Tax Saver Fund,119723,SBI ELSS Tax Saver Fund - Direct Plan - Growth,2026-09-21,458.154
SBI ELSS Tax Saver Fund,119723,SBI ELSS Tax Saver Fund - Direct Plan - Growth,2026-09-22,456.2459
SBI ELSS Tax Saver Fund,119723,SBI ELSS Tax Saver Fund - Direct Plan - Growth,2026-09-23,458.9621
SBI ELSS Tax Saver Fund,119723,SBI ELSS Tax Saver Fund - Direct Plan - Growth,2026-09-24,451.6039
SBI ELSS Tax Saver Fund,119723,SBI ELSS Tax Saver Fund - Direct Plan - Growth,2026-09-25,452.2767
SBI ELSS Tax Saver Fund,119723,SBI ELSS Tax Saver Fund - Direct Plan - Growth,2026-09-28,445.0402
SBI ELSS Tax Saver Fund,119723,SBI ELSS Tax Saver Fund - Direct Plan - Growth,2026-09-29,444.2518
SBI ELSS Tax Saver Fund,119723,SBI ELSS Tax Saver Fund - Direct Plan - Growth,2026-09-30,444.1729
SBI ELSS Tax Saver Fund,119723,SBI ELSS Tax Saver Fund - Direct Plan - Growth,2026-10-01,440.8669
JioBlackRock Flexi Cap Fund,153859,JioBlackRock Flexi Cap Fund - Direct Plan - Growth Option,2025-10-17,10.09
JioBlackRock Flexi Cap Fund,153859,JioBlackRock Flexi Cap Fund - Direct Plan - Growth Option,2025-10-20,10.14
JioBlackRock Flexi Cap Fund,153859,JioBlackRock Flexi Cap Fund - Direct Plan - Growth Option,2025-10-23,10.14
JioBlackRock Flexi Cap Fund,153859,JioBlackRock Flexi Cap Fund - Direct Plan - Growth Option,2025-10-24,10.12
JioBlackRock Flexi Cap Fund,153859,JioBlackRock Flexi Cap Fund - Direct Plan - Growth Option,2025-10-27,10.2
JioBlackRock Flexi Cap Fund,153859,JioBlackRock Flexi Cap Fund - Direct Plan - Growth Option,2025-10-28,10.2
JioBlackRock Flexi Cap Fund,153859,JioBlackRock Flexi Cap Fund - Direct Plan - Growth Option,2025-10-29,10.25
JioBlackRock Flexi Cap Fund,153859,JioBlackRock Flexi Cap Fund - Direct Plan - Growth Option,2025-10-30,10.21
JioBlackRock Flexi Cap Fund,153859,JioBlackRock Flexi Cap Fund - Direct Plan - Growth Option,2025-10-31,10.17
JioBlackRock Flexi Cap Fund,153859,JioBlackRock Flexi Cap Fund - Direct Plan - Growth Option,2025-11-03,10.21
JioBlackRock Flexi Cap Fund,153859,JioBlackRock Flexi Cap Fund - Direct Plan - Growth Option,2025-11-04,10.14
JioBlackRock Flexi Cap Fund,153859,JioBlackRock Flexi Cap Fund - Direct Plan - Growth Option,2025-11-06,10.08
JioBlackRock Flexi Cap Fund,153859,JioBlackRock Flexi Cap Fund - Direct Plan - Growth Option,2025-11-07,10.1
JioBlackRock Flexi Cap Fund,153859,JioBlackRock Flexi Cap Fund - Direct Plan - Growth Option,2025-11-10,10.13
JioBlackRock Flexi Cap Fund,153859,JioBlackRock Flexi Cap Fund - Direct Plan - Growth Option,2025-11-11,10.17
JioBlackRock Flexi Cap Fund,153859,JioBlackRock Flexi Cap Fund - Direct Plan - Growth Option,2025-11-12,10.24
JioBlackRock Flexi Cap Fund,153859,JioBlackRock Flexi Cap Fund - Direct Plan - Growth Option,2025-11-13,10.24
JioBlackRock Flexi Cap Fund,153859,JioBlackRock Flexi Cap Fund - Direct Plan - Growth Option,2025-11-14,10.22
JioBlackRock Flexi Cap Fund,153859,JioBlackRock Flexi Cap Fund - Direct Plan - Growth Option,2025-11-17,10.28
JioBlackRock Flexi Cap Fund,153859,JioBlackRock Flexi Cap Fund - Direct Plan - Growth Option,2025-11-18,10.22
JioBlackRock Flexi Cap Fund,153859,JioBlackRock Flexi Cap Fund - Direct Plan - Growth Option,2025-11-19,10.27
JioBlackRock Flexi Cap Fund,153859,JioBlackRock Flexi Cap Fund - Direct Plan - Growth Option,2025-11-20,10.28
JioBlackRock Flexi Cap Fund,153859,JioBlackRock Flexi Cap Fund - Direct Plan - Growth Option,2025-11-21,10.19
JioBlackRock Flexi Cap Fund,153859,JioBlackRock Flexi Cap Fund - Direct Plan - Growth Option,2025-11-24,10.15
JioBlackRock Flexi Cap Fund,153859,JioBlackRock Flexi Cap Fund - Direct Plan - Growth Option,2025-11-25,10.14
JioBlackRock Flexi Cap Fund,153859,JioBlackRock Flexi Cap Fund - Direct Plan - Growth Option,2025-11-26,10.28
JioBlackRock Flexi Cap Fund,153859,JioBlackRock Flexi Cap Fund - Direct Plan - Growth Option,2025-11-27,10.27
JioBlackRock Flexi Cap Fund,153859,JioBlackRock Flexi Cap Fund - Direct Plan - Growth Option,2025-11-28,10.26
JioBlackRock Flexi Cap Fund,153859,JioBlackRock Flexi Cap Fund - Direct Plan - Growth Option,2025-12-01,10.26
JioBlackRock Flexi Cap Fund,153859,JioBlackRock Flexi Cap Fund - Direct Plan - Growth Option,2025-12-02,10.21
JioBlackRock Flexi Cap Fund,153859,JioBlackRock Flexi Cap Fund - Direct Plan - Growth Option,2025-12-03,10.18
JioBlackRock Flexi Cap Fund,153859,JioBlackRock Flexi Cap Fund - Direct Plan - Growth Option,2025-12-04,10.18
JioBlackRock Flexi Cap Fund,153859,JioBlackRock Flexi Cap Fund - Direct Plan - Growth Option,2025-12-05,10.21
JioBlackRock Flexi Cap Fund,153859,JioBlackRock Flexi Cap Fund - Direct Plan - Growth Option,2025-12-08,10.08
JioBlackRock Flexi Cap Fund,153859,JioBlackRock Flexi Cap Fund - Direct Plan - Growth Option,2025-12-09,10.08
JioBlackRock Flexi Cap Fund,153859,JioBlackRock Flexi Cap Fund - Direct Plan - Growth Option,2025-12-10,10.04
JioBlackRock Flexi Cap Fund,153859,JioBlackRock Flexi Cap Fund - Direct Plan - Growth Option,2025-12-11,10.08
JioBlackRock Flexi Cap Fund,153859,JioBlackRock Flexi Cap Fund - Direct Plan - Growth Option,2025-12-12,10.17
JioBlackRock Flexi Cap Fund,153859,JioBlackRock Flexi Cap Fund - Direct Plan - Growth Option,2025-12-15,10.19
JioBlackRock Flexi Cap Fund,153859,JioBlackRock Flexi Cap Fund - Direct Plan - Growth Option,2025-12-16,10.15
JioBlackRock Flexi Cap Fund,153859,JioBlackRock Flexi Cap Fund - Direct Plan - Growth Option,2025-12-17,10.11
JioBlackRock Flexi Cap Fund,153859,JioBlackRock Flexi Cap Fund - Direct Plan - Growth Option,2025-12-18,10.1
JioBlackRock Flexi Cap Fund,153859,JioBlackRock Flexi Cap Fund - Direct Plan - Growth Option,2025-12-19,10.17
JioBlackRock Flexi Cap Fund,153859,JioBlackRock Flexi Cap Fund - Direct Plan - Growth Option,2025-12-22,10.26
JioBlackRock Flexi Cap Fund,153859,JioBlackRock Flexi Cap Fund - Direct Plan - Growth Option,2025-12-23,10.27
JioBlackRock Flexi Cap Fund,153859,JioBlackRock Flexi Cap Fund - Direct Plan - Growth Option,2025-12-24,10.24
JioBlackRock Flexi Cap Fund,153859,JioBlackRock Flexi Cap Fund - Direct Plan - Growth Option,2025-12-26,10.21
JioBlackRock Flexi Cap Fund,153859,JioBlackRock Flexi Cap Fund - Direct Plan - Growth Option,2025-12-29,10.16
JioBlackRock Flexi Cap Fund,153859,JioBlackRock Flexi Cap Fund - Direct Plan - Growth Option,2025-12-30,10.19
JioBlackRock Flexi Cap Fund,153859,JioBlackRock Flexi Cap Fund - Direct Plan - Growth Option,2025-12-31,10.28
JioBlackRock Flexi Cap Fund,153859,JioBlackRock Flexi Cap Fund - Direct Plan - Growth Option,2026-01-01,10.29
JioBlackRock Flexi Cap Fund,153859,JioBlackRock Flexi Cap Fund - Direct Plan - Growth Option,2026-01-02,10.35
JioBlackRock Flexi Cap Fund,153859,JioBlackRock Flexi Cap Fund - Direct Plan - Growth Option,2026-01-05,10.32
JioBlackRock Flexi Cap Fund,153859,JioBlackRock Flexi Cap Fund - Direct Plan - Growth Option,2026-01-06,10.3
JioBlackRock Flexi Cap Fund,153859,JioBlackRock Flexi Cap Fund - Direct Plan - Growth Option,2026-01-07,10.33
JioBlackRock Flexi Cap Fund,153859,JioBlackRock Flexi Cap Fund - Direct Plan - Growth Option,2026-01-08,10.16
JioBlackRock Flexi Cap Fund,153859,JioBlackRock Flexi Cap Fund - Direct Plan - Growth Option,2026-01-09,10.08
JioBlackRock Flexi Cap Fund,153859,JioBlackRock Flexi Cap Fund - Direct Plan - Growth Option,2026-01-12,10.07
JioBlackRock Flexi Cap Fund,153859,JioBlackRock Flexi Cap Fund - Direct Plan - Growth Option,2026-01-13,10.08
JioBlackRock Flexi Cap Fund,153859,JioBlackRock Flexi Cap Fund - Direct Plan - Growth Option,2026-01-14,10.08
JioBlackRock Flexi Cap Fund,153859,JioBlackRock Flexi Cap Fund - Direct Plan - Growth Option,2026-01-16,10.11
JioBlackRock Flexi Cap Fund,153859,JioBlackRock Flexi Cap Fund - Direct Plan - Growth Option,2026-01-19,10.07
JioBlackRock Flexi Cap Fund,153859,JioBlackRock Flexi Cap Fund - Direct Plan - Growth Option,2026-01-20,9.91
JioBlackRock Flexi Cap Fund,153859,JioBlackRock Flexi Cap Fund - Direct Plan - Growth Option,2026-01-21,9.86
JioBlackRock Flexi Cap Fund,153859,JioBlackRock Flexi Cap Fund - Direct Plan - Growth Option,2026-01-22,9.94
JioBlackRock Flexi Cap Fund,153859,JioBlackRock Flexi Cap Fund - Direct Plan - Growth Option,2026-01-23,9.81
JioBlackRock Flexi Cap Fund,153859,JioBlackRock Flexi Cap Fund - Direct Plan - Growth Option,2026-01-27,9.9
JioBlackRock Flexi Cap Fund,153859,JioBlackRock Flexi Cap Fund - Direct Plan - Growth Option,2026-01-28,10.0
JioBlackRock Flexi Cap Fund,153859,JioBlackRock Flexi Cap Fund - Direct Plan - Growth Option,2026-01-29,10.05
JioBlackRock Flexi Cap Fund,153859,JioBlackRock Flexi Cap Fund - Direct Plan - Growth Option,2026-01-30,10.0
JioBlackRock Flexi Cap Fund,153859,JioBlackRock Flexi Cap Fund - Direct Plan - Growth Option,2026-02-02,9.91
JioBlackRock Flexi Cap Fund,153859,JioBlackRock Flexi Cap Fund - Direct Plan - Growth Option,2026-02-03,10.17
JioBlackRock Flexi Cap Fund,153859,JioBlackRock Flexi Cap Fund - Direct Plan - Growth Option,2026-02-04,10.23
JioBlackRock Flexi Cap Fund,153859,JioBlackRock Flexi Cap Fund - Direct Plan - Growth Option,2026-02-05,10.17
JioBlackRock Flexi Cap Fund,153859,JioBlackRock Flexi Cap Fund - Direct Plan - Growth Option,2026-02-06,10.19
JioBlackRock Flexi Cap Fund,153859,JioBlackRock Flexi Cap Fund - Direct Plan - Growth Option,2026-02-09,10.31
JioBlackRock Flexi Cap Fund,153859,JioBlackRock Flexi Cap Fund - Direct Plan - Growth Option,2026-02-10,10.34
JioBlackRock Flexi Cap Fund,153859,JioBlackRock Flexi Cap Fund - Direct Plan - Growth Option,2026-02-11,10.36
JioBlackRock Flexi Cap Fund,153859,JioBlackRock Flexi Cap Fund - Direct Plan - Growth Option,2026-02-12,10.31
JioBlackRock Flexi Cap Fund,153859,JioBlackRock Flexi Cap Fund - Direct Plan - Growth Option,2026-02-13,10.16
JioBlackRock Flexi Cap Fund,153859,JioBlackRock Flexi Cap Fund - Direct Plan - Growth Option,2026-02-16,10.2
JioBlackRock Flexi Cap Fund,153859,JioBlackRock Flexi Cap Fund - Direct Plan - Growth Option,2026-02-17,10.24
JioBlackRock Flexi Cap Fund,153859,JioBlackRock Flexi Cap Fund - Direct Plan - Growth Option,2026-02-18,10.28
JioBlackRock Flexi Cap Fund,153859,JioBlackRock Flexi Cap Fund - Direct Plan - Growth Option,2026-02-19,10.13
JioBlackRock Flexi Cap Fund,153859,JioBlackRock Flexi Cap Fund - Direct Plan - Growth Option,2026-02-20,10.15
JioBlackRock Flexi Cap Fund,153859,JioBlackRock Flexi Cap Fund - Direct Plan - Growth Option,2026-02-23,10.2
JioBlackRock Flexi Cap Fund,153859,JioBlackRock Flexi Cap Fund - Direct Plan - Growth Option,2026-02-24,10.12
JioBlackRock Flexi Cap Fund,153859,JioBlackRock Flexi Cap Fund - Direct Plan - Growth Option,2026-02-25,10.18
JioBlackRock Flexi Cap Fund,153859,JioBlackRock Flexi Cap Fund - Direct Plan - Growth Option,2026-02-26,10.2
JioBlackRock Flexi Cap Fund,153859,JioBlackRock Flexi Cap Fund - Direct Plan - Growth Option,2026-02-27,10.07
JioBlackRock Flexi Cap Fund,153859,JioBlackRock Flexi Cap Fund - Direct Plan - Growth Option,2026-03-02,9.93
JioBlackRock Flexi Cap Fund,153859,JioBlackRock Flexi Cap Fund - Direct Plan - Growth Option,2026-03-04,9.74
JioBlackRock Flexi Cap Fund,153859,JioBlackRock Flexi Cap Fund - Direct Plan - Growth Option,2026-03-05,9.86
JioBlackRock Flexi Cap Fund,153859,JioBlackRock Flexi Cap Fund - Direct Plan - Growth Option,2026-03-06,9.77
JioBlackRock Flexi Cap Fund,153859,JioBlackRock Flexi Cap Fund - Direct Plan - Growth Option,2026-03-09,9.56
JioBlackRock Flexi Cap Fund,153859,JioBlackRock Flexi Cap Fund - Direct Plan - Growth Option,2026-03-10,9.68
JioBlackRock Flexi Cap Fund,153859,JioBlackRock Flexi Cap Fund - Direct Plan - Growth Option,2026-03-11,9.56
JioBlackRock Flexi Cap Fund,153859,JioBlackRock Flexi Cap Fund - Direct Plan - Growth Option,2026-03-12,9.47
JioBlackRock Flexi Cap Fund,153859,JioBlackRock Flexi Cap Fund - Direct Plan - Growth Option,2026-03-13,9.23
JioBlackRock Flexi Cap Fund,153859,JioBlackRock Flexi Cap Fund - Direct Plan - Growth Option,2026-03-16,9.28
JioBlackRock Flexi Cap Fund,153859,JioBlackRock Flexi Cap Fund - Direct Plan - Growth Option,2026-03-17,9.35
JioBlackRock Flexi Cap Fund,153859,JioBlackRock Flexi Cap Fund - Direct Plan - Growth Option,2026-03-18,9.46
JioBlackRock Flexi Cap Fund,153859,JioBlackRock Flexi Cap Fund - Direct Plan - Growth Option,2026-03-19,9.15
JioBlackRock Flexi Cap Fund,153859,JioBlackRock Flexi Cap Fund - Direct Plan - Growth Option,2026-03-20,9.2
JioBlackRock Flexi Cap Fund,153859,JioBlackRock Flexi Cap Fund - Direct Plan - Growth Option,2026-03-23,8.9
JioBlackRock Flexi Cap Fund,153859,JioBlackRock Flexi Cap Fund - Direct Plan - Growth Option,2026-03-24,9.08
JioBlackRock Flexi Cap Fund,153859,JioBlackRock Flexi Cap Fund - Direct Plan - Growth Option,2026-03-25,9.26
JioBlackRock Flexi Cap Fund,153859,JioBlackRock Flexi Cap Fund - Direct Plan - Growth Option,2026-03-27,9.07
JioBlackRock Flexi Cap Fund,153859,JioBlackRock Flexi Cap Fund - Direct Plan - Growth Option,2026-03-30,8.88
JioBlackRock Flexi Cap Fund,153859,JioBlackRock Flexi Cap Fund - Direct Plan - Growth Option,2026-03-31,8.88
JioBlackRock Flexi Cap Fund,153859,JioBlackRock Flexi Cap Fund - Direct Plan - Growth Option,2026-04-01,9.07
JioBlackRock Flexi Cap Fund,153859,JioBlackRock Flexi Cap Fund - Direct Plan - Growth Option,2026-04-02,9.06
JioBlackRock Flexi Cap Fund,153859,JioBlackRock Flexi Cap Fund - Direct Plan - Growth Option,2026-04-06,9.17
JioBlackRock Flexi Cap Fund,153859,JioBlackRock Flexi Cap Fund - Direct Plan - Growth Option,2026-04-07,9.21
JioBlackRock Flexi Cap Fund,153859,JioBlackRock Flexi Cap Fund - Direct Plan - Growth Option,2026-04-08,9.58
JioBlackRock Flexi Cap Fund,153859,JioBlackRock Flexi Cap Fund - Direct Plan - Growth Option,2026-04-09,9.52
JioBlackRock Flexi Cap Fund,153859,JioBlackRock Flexi Cap Fund - Direct Plan - Growth Option,2026-04-10,9.66
JioBlackRock Flexi Cap Fund,153859,JioBlackRock Flexi Cap Fund - Direct Plan - Growth Option,2026-04-13,9.58
JioBlackRock Flexi Cap Fund,153859,JioBlackRock Flexi Cap Fund - Direct Plan - Growth Option,2026-04-15,9.76
JioBlackRock Flexi Cap Fund,153859,JioBlackRock Flexi Cap Fund - Direct Plan - Growth Option,2026-04-16,9.77
JioBlackRock Flexi Cap Fund,153859,JioBlackRock Flexi Cap Fund - Direct Plan - Growth Option,2026-04-17,9.84
JioBlackRock Flexi Cap Fund,153859,JioBlackRock Flexi Cap Fund - Direct Plan - Growth Option,2026-04-20,9.83
JioBlackRock Flexi Cap Fund,153859,JioBlackRock Flexi Cap Fund - Direct Plan - Growth Option,2026-04-21,9.9
JioBlackRock Flexi Cap Fund,153859,JioBlackRock Flexi Cap Fund - Direct Plan - Growth Option,2026-04-22,9.83
JioBlackRock Flexi Cap Fund,153859,JioBlackRock Flexi Cap Fund - Direct Plan - Growth Option,2026-04-23,9.72
JioBlackRock Flexi Cap Fund,153859,JioBlackRock Flexi Cap Fund - Direct Plan - Growth Option,2026-04-24,9.61
JioBlackRock Flexi Cap Fund,153859,JioBlackRock Flexi Cap Fund - Direct Plan - Growth Option,2026-04-27,9.73
JioBlackRock Flexi Cap Fund,153859,JioBlackRock Flexi Cap Fund - Direct Plan - Growth Option,2026-04-28,9.72
JioBlackRock Flexi Cap Fund,153859,JioBlackRock Flexi Cap Fund - Direct Plan - Growth Option,2026-04-29,9.78
JioBlackRock Flexi Cap Fund,153859,JioBlackRock Flexi Cap Fund - Direct Plan - Growth Option,2026-04-30,9.6951
JioBlackRock Flexi Cap Fund,153859,JioBlackRock Flexi Cap Fund - Direct Plan - Growth Option,2026-05-04,9.751
JioBlackRock Flexi Cap Fund,153859,JioBlackRock Flexi Cap Fund - Direct Plan - Growth Option,2026-05-05,9.7365
JioBlackRock Flexi Cap Fund,153859,JioBlackRock Flexi Cap Fund - Direct Plan - Growth Option,2026-05-06,9.8917
JioBlackRock Flexi Cap Fund,153859,JioBlackRock Flexi Cap Fund - Direct Plan - Growth Option,2026-05-07,9.933
JioBlackRock Flexi Cap Fund,153859,JioBlackRock Flexi Cap Fund - Direct Plan - Growth Option,2026-05-08,9.8716
JioBlackRock Flexi Cap Fund,153859,JioBlackRock Flexi Cap Fund - Direct Plan - Growth Option,2026-05-11,9.712
JioBlackRock Flexi Cap Fund,153859,JioBlackRock Flexi Cap Fund - Direct Plan - Growth Option,2026-05-12,9.5256
JioBlackRock Flexi Cap Fund,153859,JioBlackRock Flexi Cap Fund - Direct Plan - Growth Option,2026-05-13,9.5644
JioBlackRock Flexi Cap Fund,153859,JioBlackRock Flexi Cap Fund - Direct Plan - Growth Option,2026-05-14,9.662
JioBlackRock Flexi Cap Fund,153859,JioBlackRock Flexi Cap Fund - Direct Plan - Growth Option,2026-05-15,9.6278
JioBlackRock Flexi Cap Fund,153859,JioBlackRock Flexi Cap Fund - Direct Plan - Growth Option,2026-05-18,9.5982
JioBlackRock Flexi Cap Fund,153859,JioBlackRock Flexi Cap Fund - Direct Plan - Growth Option,2026-05-19,9.646
JioBlackRock Flexi Cap Fund,153859,JioBlackRock Flexi Cap Fund - Direct Plan - Growth Option,2026-05-20,9.6485
JioBlackRock Flexi Cap Fund,153859,JioBlackRock Flexi Cap Fund - Direct Plan - Growth Option,2026-05-21,9.6486
JioBlackRock Flexi Cap Fund,153859,JioBlackRock Flexi Cap Fund - Direct Plan - Growth Option,2026-05-22,9.6658
JioBlackRock Flexi Cap Fund,153859,JioBlackRock Flexi Cap Fund - Direct Plan - Growth Option,2026-05-25,9.8052
JioBlackRock Flexi Cap Fund,153859,JioBlackRock Flexi Cap Fund - Direct Plan - Growth Option,2026-05-26,9.7996
JioBlackRock Flexi Cap Fund,153859,JioBlackRock Flexi Cap Fund - Direct Plan - Growth Option,2026-05-27,9.7814
JioBlackRock Flexi Cap Fund,153859,JioBlackRock Flexi Cap Fund - Direct Plan - Growth Option,2026-05-29,9.6484
JioBlackRock Flexi Cap Fund,153859,JioBlackRock Flexi Cap Fund - Direct Plan - Growth Option,2026-06-01,9.573
JioBlackRock Flexi Cap Fund,153859,JioBlackRock Flexi Cap Fund - Direct Plan - Growth Option,2026-06-02,9.6192
JioBlackRock Flexi Cap Fund,153859,JioBlackRock Flexi Cap Fund - Direct Plan - Growth Option,2026-06-03,9.5885
JioBlackRock Flexi Cap Fund,153859,JioBlackRock Flexi Cap Fund - Direct Plan - Growth Option,2026-06-04,9.6104
JioBlackRock Flexi Cap Fund,153859,JioBlackRock Flexi Cap Fund - Direct Plan - Growth Option,2026-06-05,9.5724
JioBlackRock Flexi Cap Fund,153859,JioBlackRock Flexi Cap Fund - Direct Plan - Growth Option,2026-06-08,9.4493
JioBlackRock Flexi Cap Fund,153859,JioBlackRock Flexi Cap Fund - Direct Plan - Growth Option,2026-06-09,9.5208
JioBlackRock Flexi Cap Fund,153859,JioBlackRock Flexi Cap Fund - Direct Plan - Growth Option,2026-06-10,9.462
JioBlackRock Flexi Cap Fund,153859,JioBlackRock Flexi Cap Fund - Direct Plan - Growth Option,2026-06-11,9.4243
JioBlackRock Flexi Cap Fund,153859,JioBlackRock Flexi Cap Fund - Direct Plan - Growth Option,2026-06-12,9.6352
JioBlackRock Flexi Cap Fund,153859,JioBlackRock Flexi Cap Fund - Direct Plan - Growth Option,2026-06-15,9.7755
JioBlackRock Flexi Cap Fund,153859,JioBlackRock Flexi Cap Fund - Direct Plan - Growth Option,2026-06-16,9.824
JioBlackRock Flexi Cap Fund,153859,JioBlackRock Flexi Cap Fund - Direct Plan - Growth Option,2026-06-17,9.8683
JioBlackRock Flexi Cap Fund,153859,JioBlackRock Flexi Cap Fund - Direct Plan - Growth Option,2026-06-18,9.909
JioBlackRock Flexi Cap Fund,153859,JioBlackRock Flexi Cap Fund - Direct Plan - Growth Option,2026-06-19,9.8996
JioBlackRock Flexi Cap Fund,153859,JioBlackRock Flexi Cap Fund - Direct Plan - Growth Option,2026-06-22,9.9522
JioBlackRock Flexi Cap Fund,153859,JioBlackRock Flexi Cap Fund - Direct Plan - Growth Option,2026-06-23,9.8448
JioBlackRock Flexi Cap Fund,153859,JioBlackRock Flexi Cap Fund - Direct Plan - Growth Option,2026-06-24,9.895
JioBlackRock Flexi Cap Fund,153859,JioBlackRock Flexi Cap Fund - Direct Plan - Growth Option,2026-06-25,9.8894
JioBlackRock Flexi Cap Fund,153859,JioBlackRock Flexi Cap Fund - Direct Plan - Growth Option,2026-06-29,9.8639
JioBlackRock Flexi Cap Fund,153859,JioBlackRock Flexi Cap Fund - Direct Plan - Growth Option,2026-06-30,9.8553
JioBlackRock Flexi Cap Fund,153859,JioBlackRock Flexi Cap Fund - Direct Plan - Growth Option,2026-07-01,9.8945
JioBlackRock Flexi Cap Fund,153859,JioBlackRock Flexi Cap Fund - Direct Plan - Growth Option,2026-07-02,9.9637
JioBlackRock Flexi Cap Fund,153859,JioBlackRock Flexi Cap Fund - Direct Plan - Growth Option,2026-07-03,9.9602
JioBlackRock Flexi Cap Fund,153859,JioBlackRock Flexi Cap Fund - Direct Plan - Growth Option,2026-07-06,10.0259
JioBlackRock Flexi Cap Fund,153859,JioBlackRock Flexi Cap Fund - Direct Plan - Growth Option,2026-07-07,9.9969
JioBlackRock Flexi Cap Fund,153859,JioBlackRock Flexi Cap Fund - Direct Plan - Growth Option,2026-07-08,9.8186
JioBlackRock Flexi Cap Fund,153859,JioBlackRock Flexi Cap Fund - Direct Plan - Growth Option,2026-07-09,9.906
JioBlackRock Flexi Cap Fund,153859,JioBlackRock Flexi Cap Fund - Direct Plan - Growth Option,2026-07-10,10.0081
JioBlackRock Flexi Cap Fund,153859,JioBlackRock Flexi Cap Fund - Direct Plan - Growth Option,2026-07-13,10.0153
JioBlackRock Flexi Cap Fund,153859,JioBlackRock Flexi Cap Fund - Direct Plan - Growth Option,2026-07-14,9.9472
JioBlackRock Flexi Cap Fund,153859,JioBlackRock Flexi Cap Fund - Direct Plan - Growth Option,2026-07-15,9.9691
JioBlackRock Flexi Cap Fund,153859,JioBlackRock Flexi Cap Fund - Direct Plan - Growth Option,2026-07-16,9.9577
JioBlackRock Flexi Cap Fund,153859,JioBlackRock Flexi Cap Fund - Direct Plan - Growth Option,2026-07-17,9.9772
JioBlackRock Flexi Cap Fund,153859,JioBlackRock Flexi Cap Fund - Direct Plan - Growth Option,2026-07-20,9.9804
JioBlackRock Flexi Cap Fund,153859,JioBlackRock Flexi Cap Fund - Direct Plan - Growth Option,2026-07-21,9.9937
JioBlackRock Flexi Cap Fund,153859,JioBlackRock Flexi Cap Fund - Direct Plan - Growth Option,2026-07-22,9.9133
JioBlackRock Flexi Cap Fund,153859,JioBlackRock Flexi Cap Fund - Direct Plan - Growth Option,2026-07-23,9.8436
JioBlackRock Flexi Cap Fund,153859,JioBlackRock Flexi Cap Fund - Direct Plan - Growth Option,2026-07-24,9.8161
JioBlackRock Flexi Cap Fund,153859,JioBlackRock Flexi Cap Fund - Direct Plan - Growth Option,2026-07-27,9.9195
JioBlackRock Flexi Cap Fund,153859,JioBlackRock Flexi Cap Fund - Direct Plan - Growth Option,2026-07-28,9.9008
JioBlackRock Flexi Cap Fund,153859,JioBlackRock Flexi Cap Fund - Direct Plan - Growth Option,2026-07-29,9.9871
JioBlackRock Flexi Cap Fund,153859,JioBlackRock Flexi Cap Fund - Direct Plan - Growth Option,2026-07-30,9.9839
JioBlackRock Flexi Cap Fund,153859,JioBlackRock Flexi Cap Fund - Direct Plan - Growth Option,2026-07-31,10.0502
JioBlackRock Flexi Cap Fund,153859,JioBlackRock Flexi Cap Fund - Direct Plan - Growth Option,2026-08-03,10.1783
JioBlackRock Flexi Cap Fund,153859,JioBlackRock Flexi Cap Fund - Direct Plan - Growth Option,2026-08-04,10.1646
JioBlackRock Flexi Cap Fund,153859,JioBlackRock Flexi Cap Fund - Direct Plan - Growth Option,2026-08-05,10.194
JioBlackRock Flexi Cap Fund,153859,JioBlackRock Flexi Cap Fund - Direct Plan - Growth Option,2026-08-06,10.2034
JioBlackRock Flexi Cap Fund,153859,JioBlackRock Flexi Cap Fund - Direct Plan - Growth Option,2026-08-07,10.2047
JioBlackRock Flexi Cap Fund,153859,JioBlackRock Flexi Cap Fund - Direct Plan - Growth Option,2026-08-10,10.199
JioBlackRock Flexi Cap Fund,153859,JioBlackRock Flexi Cap Fund - Direct Plan - Growth Option,2026-08-11,10.168
JioBlackRock Flexi Cap Fund,153859,JioBlackRock Flexi Cap Fund - Direct Plan - Growth Option,2026-08-12,10.1994
JioBlackRock Flexi Cap Fund,153859,JioBlackRock Flexi Cap Fund - Direct Plan - Growth Option,2026-08-13,10.1728
JioBlackRock Flexi Cap Fund,153859,JioBlackRock Flexi Cap Fund - Direct Plan - Growth Option,2026-08-14,10.1555
JioBlackRock Flexi Cap Fund,153859,JioBlackRock Flexi Cap Fund - Direct Plan - Growth Option,2026-08-17,10.1541
JioBlackRock Flexi Cap Fund,153859,JioBlackRock Flexi Cap Fund - Direct Plan - Growth Option,2026-08-18,10.1081
JioBlackRock Flexi Cap Fund,153859,JioBlackRock Flexi Cap Fund - Direct Plan - Growth Option,2026-08-19,10.0877
JioBlackRock Flexi Cap Fund,153859,JioBlackRock Flexi Cap Fund - Direct Plan - Growth Option,2026-08-20,10.1328
JioBlackRock Flexi Cap Fund,153859,JioBlackRock Flexi Cap Fund - Direct Plan - Growth Option,2026-08-21,10.1469
JioBlackRock Flexi Cap Fund,153859,JioBlackRock Flexi Cap Fund - Direct Plan - Growth Option,2026-08-24,10.1541
JioBlackRock Flexi Cap Fund,153859,JioBlackRock Flexi Cap Fund - Direct Plan - Growth Option,2026-08-25,10.1818
JioBlackRock Flexi Cap Fund,153859,JioBlackRock Flexi Cap Fund - Direct Plan - Growth Option,2026-08-26,10.1712
JioBlackRock Flexi Cap Fund,153859,JioBlackRock Flexi Cap Fund - Direct Plan - Growth Option,2026-08-27,10.1247
JioBlackRock Flexi Cap Fund,153859,JioBlackRock Flexi Cap Fund - Direct Plan - Growth Option,2026-08-28,10.1443
JioBlackRock Flexi Cap Fund,153859,JioBlackRock Flexi Cap Fund - Direct Plan - Growth Option,2026-08-31,10.1241
JioBlackRock Flexi Cap Fund,153859,JioBlackRock Flexi Cap Fund - Direct Plan - Growth Option,2026-09-01,10.0785
JioBlackRock Flexi Cap Fund,153859,JioBlackRock Flexi Cap Fund - Direct Plan - Growth Option,2026-09-02,10.0111
JioBlackRock Flexi Cap Fund,153859,JioBlackRock Flexi Cap Fund - Direct Plan - Growth Option,2026-09-03,10.0363
JioBlackRock Flexi Cap Fund,153859,JioBlackRock Flexi Cap Fund - Direct Plan - Growth Option,2026-09-04,10.0242
JioBlackRock Flexi Cap Fund,153859,JioBlackRock Flexi Cap Fund - Direct Plan - Growth Option,2026-09-07,9.9874
JioBlackRock Flexi Cap Fund,153859,JioBlackRock Flexi Cap Fund - Direct Plan - Growth Option,2026-09-08,9.9711
JioBlackRock Flexi Cap Fund,153859,JioBlackRock Flexi Cap Fund - Direct Plan - Growth Option,2026-09-09,9.9077
JioBlackRock Flexi Cap Fund,153859,JioBlackRock Flexi Cap Fund - Direct Plan - Growth Option,2026-09-10,9.9207
JioBlackRock Flexi Cap Fund,153859,JioBlackRock Flexi Cap Fund - Direct Plan - Growth Option,2026-09-11,9.883
JioBlackRock Flexi Cap Fund,153859,JioBlackRock Flexi Cap Fund - Direct Plan - Growth Option,2026-09-15,9.7218
JioBlackRock Flexi Cap Fund,153859,JioBlackRock Flexi Cap Fund - Direct Plan - Growth Option,2026-09-16,9.7516
JioBlackRock Flexi Cap Fund,153859,JioBlackRock Flexi Cap Fund - Direct Plan - Growth Option,2026-09-17,9.7933
JioBlackRock Flexi Cap Fund,153859,JioBlackRock Flexi Cap Fund - Direct Plan - Growth Option,2026-09-18,9.8958
JioBlackRock Flexi Cap Fund,153859,JioBlackRock Flexi Cap Fund - Direct Plan - Growth Option,2026-09-21,9.8867
JioBlackRock Flexi Cap Fund,153859,JioBlackRock Flexi Cap Fund - Direct Plan - Growth Option,2026-09-22,9.8554
JioBlackRock Flexi Cap Fund,153859,JioBlackRock Flexi Cap Fund - Direct Plan - Growth Option,2026-09-23,9.9184
JioBlackRock Flexi Cap Fund,153859,JioBlackRock Flexi Cap Fund - Direct Plan - Growth Option,2026-09-24,9.7824
JioBlackRock Flexi Cap Fund,153859,JioBlackRock Flexi Cap Fund - Direct Plan - Growth Option,2026-09-25,9.8219
JioBlackRock Flexi Cap Fund,153859,JioBlackRock Flexi Cap Fund - Direct Plan - Growth Option,2026-09-28,9.6559
JioBlackRock Flexi Cap Fund,153859,JioBlackRock Flexi Cap Fund - Direct Plan - Growth Option,2026-09-29,9.6071
JioBlackRock Flexi Cap Fund,153859,JioBlackRock Flexi Cap Fund - Direct Plan - Growth Option,2026-09-30,9.6032
JioBlackRock Flexi Cap Fund,153859,JioBlackRock Flexi Cap Fund - Direct Plan - Growth Option,2026-10-01,9.5259
HDFC Focused Fund,118950,HDFC Focused Fund - Direct Plan - Growth Option,2025-01-01,243.517
HDFC Focused Fund,118950,HDFC Focused Fund - Direct Plan - Growth Option,2025-01-02,246.374
HDFC Focused Fund,118950,HDFC Focused Fund - Direct Plan - Growth Option,2025-01-03,244.817
HDFC Focused Fund,118950,HDFC Focused Fund - Direct Plan - Growth Option,2025-01-06,242.047
HDFC Focused Fund,118950,HDFC Focused Fund - Direct Plan - Growth Option,2025-01-07,242.625
HDFC Focused Fund,118950,HDFC Focused Fund - Direct Plan - Growth Option,2025-01-08,241.105
HDFC Focused Fund,118950,HDFC Focused Fund - Direct Plan - Growth Option,2025-01-09,240.132
HDFC Focused Fund,118950,HDFC Focused Fund - Direct Plan - Growth Option,2025-01-10,237.635
HDFC Focused Fund,118950,HDFC Focused Fund - Direct Plan - Growth Option,2025-01-13,234.972
HDFC Focused Fund,118950,HDFC Focused Fund - Direct Plan - Growth Option,2025-01-14,235.982
HDFC Focused Fund,118950,HDFC Focused Fund - Direct Plan - Growth Option,2025-01-15,235.996
HDFC Focused Fund,118950,HDFC Focused Fund - Direct Plan - Growth Option,2025-01-16,237.575
HDFC Focused Fund,118950,HDFC Focused Fund - Direct Plan - Growth Option,2025-01-17,235.985
HDFC Focused Fund,118950,HDFC Focused Fund - Direct Plan - Growth Option,2025-01-20,237.284
HDFC Focused Fund,118950,HDFC Focused Fund - Direct Plan - Growth Option,2025-01-21,234.514
HDFC Focused Fund,118950,HDFC Focused Fund - Direct Plan - Growth Option,2025-01-22,234.749
HDFC Focused Fund,118950,HDFC Focused Fund - Direct Plan - Growth Option,2025-01-23,234.858
HDFC Focused Fund,118950,HDFC Focused Fund - Direct Plan - Growth Option,2025-01-24,233.208
HDFC Focused Fund,118950,HDFC Focused Fund - Direct Plan - Growth Option,2025-01-27,230.959
HDFC Focused Fund,118950,HDFC Focused Fund - Direct Plan - Growth Option,2025-01-28,232.712
HDFC Focused Fund,118950,HDFC Focused Fund - Direct Plan - Growth Option,2025-01-29,234.733
HDFC Focused Fund,118950,HDFC Focused Fund - Direct Plan - Growth Option,2025-01-30,235.405
HDFC Focused Fund,118950,HDFC Focused Fund - Direct Plan - Growth Option,2025-01-31,236.829
HDFC Focused Fund,118950,HDFC Focused Fund - Direct Plan - Growth Option,2025-02-03,237.777
HDFC Focused Fund,118950,HDFC Focused Fund - Direct Plan - Growth Option,2025-02-04,239.593
HDFC Focused Fund,118950,HDFC Focused Fund - Direct Plan - Growth Option,2025-02-05,239.865
HDFC Focused Fund,118950,HDFC Focused Fund - Direct Plan - Growth Option,2025-02-06,239.83
HDFC Focused Fund,118950,HDFC Focused Fund - Direct Plan - Growth Option,2025-02-07,240.263
HDFC Focused Fund,118950,HDFC Focused Fund - Direct Plan - Growth Option,2025-02-10,238.328
HDFC Focused Fund,118950,HDFC Focused Fund - Direct Plan - Growth Option,2025-02-11,234.866
HDFC Focused Fund,118950,HDFC Focused Fund - Direct Plan - Growth Option,2025-02-12,234.52
HDFC Focused Fund,118950,HDFC Focused Fund - Direct Plan - Growth Option,2025-02-13,234.821
HDFC Focused Fund,118950,HDFC Focused Fund - Direct Plan - Growth Option,2025-02-14,232.998
HDFC Focused Fund,118950,HDFC Focused Fund - Direct Plan - Growth Option,2025-02-17,233.657
HDFC Focused Fund,118950,HDFC Focused Fund - Direct Plan - Growth Option,2025-02-18,233.515
HDFC Focused Fund,118950,HDFC Focused Fund - Direct Plan - Growth Option,2025-02-19,234.659
HDFC Focused Fund,118950,HDFC Focused Fund - Direct Plan - Growth Option,2025-02-20,235.178
HDFC Focused Fund,118950,HDFC Focused Fund - Direct Plan - Growth Option,2025-02-21,234.187
HDFC Focused Fund,118950,HDFC Focused Fund - Direct Plan - Growth Option,2025-02-24,232.527
HDFC Focused Fund,118950,HDFC Focused Fund - Direct Plan - Growth Option,2025-02-25,232.589
HDFC Focused Fund,118950,HDFC Focused Fund - Direct Plan - Growth Option,2025-02-27,231.529
HDFC Focused Fund,118950,HDFC Focused Fund - Direct Plan - Growth Option,2025-02-28,228.073
HDFC Focused Fund,118950,HDFC Focused Fund - Direct Plan - Growth Option,2025-03-03,228.046
HDFC Focused Fund,118950,HDFC Focused Fund - Direct Plan - Growth Option,2025-03-04,227.569
HDFC Focused Fund,118950,HDFC Focused Fund - Direct Plan - Growth Option,2025-03-05,230.177
HDFC Focused Fund,118950,HDFC Focused Fund - Direct Plan - Growth Option,2025-03-06,232.131
HDFC Focused Fund,118950,HDFC Focused Fund - Direct Plan - Growth Option,2025-03-07,231.887
HDFC Focused Fund,118950,HDFC Focused Fund - Direct Plan - Growth Option,2025-03-10,230.646
HDFC Focused Fund,118950,HDFC Focused Fund - Direct Plan - Growth Option,2025-03-11,230.984
HDFC Focused Fund,118950,HDFC Focused Fund - Direct Plan - Growth Option,2025-03-12,231.004
HDFC Focused Fund,118950,HDFC Focused Fund - Direct Plan - Growth Option,2025-03-13,230.002
HDFC Focused Fund,118950,HDFC Focused Fund - Direct Plan - Growth Option,2025-03-17,231.782
HDFC Focused Fund,118950,HDFC Focused Fund - Direct Plan - Growth Option,2025-03-18,234.886
HDFC Focused Fund,118950,HDFC Focused Fund - Direct Plan - Growth Option,2025-03-19,236.431
HDFC Focused Fund,118950,HDFC Focused Fund - Direct Plan - Growth Option,2025-03-20,238.365
HDFC Focused Fund,118950,HDFC Focused Fund - Direct Plan - Growth Option,2025-03-21,240.501
HDFC Focused Fund,118950,HDFC Focused Fund - Direct Plan - Growth Option,2025-03-24,243.422
HDFC Focused Fund,118950,HDFC Focused Fund - Direct Plan - Growth Option,2025-03-25,243.415
HDFC Focused Fund,118950,HDFC Focused Fund - Direct Plan - Growth Option,2025-03-26,241.551
HDFC Focused Fund,118950,HDFC Focused Fund - Direct Plan - Growth Option,2025-03-27,242.258
HDFC Focused Fund,118950,HDFC Focused Fund - Direct Plan - Growth Option,2025-03-28,241.82
HDFC Focused Fund,118950,HDFC Focused Fund - Direct Plan - Growth Option,2025-03-31,241.83
HDFC Focused Fund,118950,HDFC Focused Fund - Direct Plan - Growth Option,2025-04-01,239.672
HDFC Focused Fund,118950,HDFC Focused Fund - Direct Plan - Growth Option,2025-04-02,241.186
HDFC Focused Fund,118950,HDFC Focused Fund - Direct Plan - Growth Option,2025-04-03,241.033
HDFC Focused Fund,118950,HDFC Focused Fund - Direct Plan - Growth Option,2025-04-04,238.233
HDFC Focused Fund,118950,HDFC Focused Fund - Direct Plan - Growth Option,2025-04-07,231.481
HDFC Focused Fund,118950,HDFC Focused Fund - Direct Plan - Growth Option,2025-04-08,234.847
HDFC Focused Fund,118950,HDFC Focused Fund - Direct Plan - Growth Option,2025-04-09,233.459
HDFC Focused Fund,118950,HDFC Focused Fund - Direct Plan - Growth Option,2025-04-11,237.415
HDFC Focused Fund,118950,HDFC Focused Fund - Direct Plan - Growth Option,2025-04-15,242.088
HDFC Focused Fund,118950,HDFC Focused Fund - Direct Plan - Growth Option,2025-04-16,243.617
HDFC Focused Fund,118950,HDFC Focused Fund - Direct Plan - Growth Option,2025-04-17,246.903
HDFC Focused Fund,118950,HDFC Focused Fund - Direct Plan - Growth Option,2025-04-21,249.995
HDFC Focused Fund,118950,HDFC Focused Fund - Direct Plan - Growth Option,2025-04-22,250.865
HDFC Focused Fund,118950,HDFC Focused Fund - Direct Plan - Growth Option,2025-04-23,251.749
HDFC Focused Fund,118950,HDFC Focused Fund - Direct Plan - Growth Option,2025-04-24,250.885
HDFC Focused Fund,118950,HDFC Focused Fund - Direct Plan - Growth Option,2025-04-25,248.558
HDFC Focused Fund,118950,HDFC Focused Fund - Direct Plan - Growth Option,2025-04-28,250.594
HDFC Focused Fund,118950,HDFC Focused Fund - Direct Plan - Growth Option,2025-04-29,250.192
HDFC Focused Fund,118950,HDFC Focused Fund - Direct Plan - Growth Option,2025-04-30,250.529
HDFC Focused Fund,118950,HDFC Focused Fund - Direct Plan - Growth Option,2025-05-02,250.21
HDFC Focused Fund,118950,HDFC Focused Fund - Direct Plan - Growth Option,2025-05-05,250.736
HDFC Focused Fund,118950,HDFC Focused Fund - Direct Plan - Growth Option,2025-05-06,249.35
HDFC Focused Fund,118950,HDFC Focused Fund - Direct Plan - Growth Option,2025-05-07,250.397
HDFC Focused Fund,118950,HDFC Focused Fund - Direct Plan - Growth Option,2025-05-08,248.539
HDFC Focused Fund,118950,HDFC Focused Fund - Direct Plan - Growth Option,2025-05-09,246.152
HDFC Focused Fund,118950,HDFC Focused Fund - Direct Plan - Growth Option,2025-05-12,253.983
HDFC Focused Fund,118950,HDFC Focused Fund - Direct Plan - Growth Option,2025-05-13,252.657
HDFC Focused Fund,118950,HDFC Focused Fund - Direct Plan - Growth Option,2025-05-14,253.423
HDFC Focused Fund,118950,HDFC Focused Fund - Direct Plan - Growth Option,2025-05-15,255.718
HDFC Focused Fund,118950,HDFC Focused Fund - Direct Plan - Growth Option,2025-05-16,256.251
HDFC Focused Fund,118950,HDFC Focused Fund - Direct Plan - Growth Option,2025-05-19,256.31
HDFC Focused Fund,118950,HDFC Focused Fund - Direct Plan - Growth Option,2025-05-20,254.477
HDFC Focused Fund,118950,HDFC Focused Fund - Direct Plan - Growth Option,2025-05-21,255.414
HDFC Focused Fund,118950,HDFC Focused Fund - Direct Plan - Growth Option,2025-05-22,254.431
HDFC Focused Fund,118950,HDFC Focused Fund - Direct Plan - Growth Option,2025-05-23,256.269
HDFC Focused Fund,118950,HDFC Focused Fund - Direct Plan - Growth Option,2025-05-26,257.143
HDFC Focused Fund,118950,HDFC Focused Fund - Direct Plan - Growth Option,2025-05-27,255.827
HDFC Focused Fund,118950,HDFC Focused Fund - Direct Plan - Growth Option,2025-05-28,255.42
HDFC Focused Fund,118950,HDFC Focused Fund - Direct Plan - Growth Option,2025-05-29,256.191
HDFC Focused Fund,118950,HDFC Focused Fund - Direct Plan - Growth Option,2025-05-30,255.285
HDFC Focused Fund,118950,HDFC Focused Fund - Direct Plan - Growth Option,2025-06-02,255.11
HDFC Focused Fund,118950,HDFC Focused Fund - Direct Plan - Growth Option,2025-06-03,253.657
HDFC Focused Fund,118950,HDFC Focused Fund - Direct Plan - Growth Option,2025-06-04,253.693
HDFC Focused Fund,118950,HDFC Focused Fund - Direct Plan - Growth Option,2025-06-05,254.605
HDFC Focused Fund,118950,HDFC Focused Fund - Direct Plan - Growth Option,2025-06-06,256.759
HDFC Focused Fund,118950,HDFC Focused Fund - Direct Plan - Growth Option,2025-06-09,258.464
HDFC Focused Fund,118950,HDFC Focused Fund - Direct Plan - Growth Option,2025-06-10,257.692
HDFC Focused Fund,118950,HDFC Focused Fund - Direct Plan - Growth Option,2025-06-11,258.336
HDFC Focused Fund,118950,HDFC Focused Fund - Direct Plan - Growth Option,2025-06-12,256.038
HDFC Focused Fund,118950,HDFC Focused Fund - Direct Plan - Growth Option,2025-06-13,254.579
HDFC Focused Fund,118950,HDFC Focused Fund - Direct Plan - Growth Option,2025-06-16,256.48
HDFC Focused Fund,118950,HDFC Focused Fund - Direct Plan - Growth Option,2025-06-17,255.845
HDFC Focused Fund,118950,HDFC Focused Fund - Direct Plan - Growth Option,2025-06-18,255.965
HDFC Focused Fund,118950,HDFC Focused Fund - Direct Plan - Growth Option,2025-06-19,255.454
HDFC Focused Fund,118950,HDFC Focused Fund - Direct Plan - Growth Option,2025-06-20,257.987
HDFC Focused Fund,118950,HDFC Focused Fund - Direct Plan - Growth Option,2025-06-23,257.453
HDFC Focused Fund,118950,HDFC Focused Fund - Direct Plan - Growth Option,2025-06-24,258.728
HDFC Focused Fund,118950,HDFC Focused Fund - Direct Plan - Growth Option,2025-06-25,260.104
HDFC Focused Fund,118950,HDFC Focused Fund - Direct Plan - Growth Option,2025-06-26,261.931
HDFC Focused Fund,118950,HDFC Focused Fund - Direct Plan - Growth Option,2025-06-27,262.986
HDFC Focused Fund,118950,HDFC Focused Fund - Direct Plan - Growth Option,2025-06-30,262.279
HDFC Focused Fund,118950,HDFC Focused Fund - Direct Plan - Growth Option,2025-07-01,262.139
HDFC Focused Fund,118950,HDFC Focused Fund - Direct Plan - Growth Option,2025-07-02,261.591
HDFC Focused Fund,118950,HDFC Focused Fund - Direct Plan - Growth Option,2025-07-03,260.82
HDFC Focused Fund,118950,HDFC Focused Fund - Direct Plan - Growth Option,2025-07-04,261.677
HDFC Focused Fund,118950,HDFC Focused Fund - Direct Plan - Growth Option,2025-07-07,261.635
HDFC Focused Fund,118950,HDFC Focused Fund - Direct Plan - Growth Option,2025-07-08,261.584
HDFC Focused Fund,118950,HDFC Focused Fund - Direct Plan - Growth Option,2025-07-09,262.121
HDFC Focused Fund,118950,HDFC Focused Fund - Direct Plan - Growth Option,2025-07-10,261.456
HDFC Focused Fund,118950,HDFC Focused Fund - Direct Plan - Growth Option,2025-07-11,260.598
HDFC Focused Fund,118950,HDFC Focused Fund - Direct Plan - Growth Option,2025-07-14,261.055
HDFC Focused Fund,118950,HDFC Focused Fund - Direct Plan - Growth Option,2025-07-15,261.82
HDFC Focused Fund,118950,HDFC Focused Fund - Direct Plan - Growth Option,2025-07-16,261.976
HDFC Focused Fund,118950,HDFC Focused Fund - Direct Plan - Growth Option,2025-07-17,261.788
HDFC Focused Fund,118950,HDFC Focused Fund - Direct Plan - Growth Option,2025-07-18,259.737
HDFC Focused Fund,118950,HDFC Focused Fund - Direct Plan - Growth Option,2025-07-21,261.138
HDFC Focused Fund,118950,HDFC Focused Fund - Direct Plan - Growth Option,2025-07-22,260.846
HDFC Focused Fund,118950,HDFC Focused Fund - Direct Plan - Growth Option,2025-07-23,262.2
HDFC Focused Fund,118950,HDFC Focused Fund - Direct Plan - Growth Option,2025-07-24,261.187
HDFC Focused Fund,118950,HDFC Focused Fund - Direct Plan - Growth Option,2025-07-25,259.531
HDFC Focused Fund,118950,HDFC Focused Fund - Direct Plan - Growth Option,2025-07-28,258.11
HDFC Focused Fund,118950,HDFC Focused Fund - Direct Plan - Growth Option,2025-07-29,258.987
HDFC Focused Fund,118950,HDFC Focused Fund - Direct Plan - Growth Option,2025-07-30,259.081
HDFC Focused Fund,118950,HDFC Focused Fund - Direct Plan - Growth Option,2025-07-31,258.4
HDFC Focused Fund,118950,HDFC Focused Fund - Direct Plan - Growth Option,2025-08-01,256.787
HDFC Focused Fund,118950,HDFC Focused Fund - Direct Plan - Growth Option,2025-08-04,258.201
HDFC Focused Fund,118950,HDFC Focused Fund - Direct Plan - Growth Option,2025-08-05,257.76
HDFC Focused Fund,118950,HDFC Focused Fund - Direct Plan - Growth Option,2025-08-06,256.865
HDFC Focused Fund,118950,HDFC Focused Fund - Direct Plan - Growth Option,2025-08-07,257.442
HDFC Focused Fund,118950,HDFC Focused Fund - Direct Plan - Growth Option,2025-08-08,255.666
HDFC Focused Fund,118950,HDFC Focused Fund - Direct Plan - Growth Option,2025-08-11,257.263
HDFC Focused Fund,118950,HDFC Focused Fund - Direct Plan - Growth Option,2025-08-12,257.271
HDFC Focused Fund,118950,HDFC Focused Fund - Direct Plan - Growth Option,2025-08-13,258.504
HDFC Focused Fund,118950,HDFC Focused Fund - Direct Plan - Growth Option,2025-08-14,258.83
HDFC Focused Fund,118950,HDFC Focused Fund - Direct Plan - Growth Option,2025-08-18,262.95
HDFC Focused Fund,118950,HDFC Focused Fund - Direct Plan - Growth Option,2025-08-19,264.23
HDFC Focused Fund,118950,HDFC Focused Fund - Direct Plan - Growth Option,2025-08-20,264.311
HDFC Focused Fund,118950,HDFC Focused Fund - Direct Plan - Growth Option,2025-08-21,264.512
HDFC Focused Fund,118950,HDFC Focused Fund - Direct Plan - Growth Option,2025-08-22,262.95
HDFC Focused Fund,118950,HDFC Focused Fund - Direct Plan - Growth Option,2025-08-25,263.916
HDFC Focused Fund,118950,HDFC Focused Fund - Direct Plan - Growth Option,2025-08-26,261.64
HDFC Focused Fund,118950,HDFC Focused Fund - Direct Plan - Growth Option,2025-08-28,260.077
HDFC Focused Fund,118950,HDFC Focused Fund - Direct Plan - Growth Option,2025-08-29,260.1
HDFC Focused Fund,118950,HDFC Focused Fund - Direct Plan - Growth Option,2025-09-01,261.952
HDFC Focused Fund,118950,HDFC Focused Fund - Direct Plan - Growth Option,2025-09-02,261.469
HDFC Focused Fund,118950,HDFC Focused Fund - Direct Plan - Growth Option,2025-09-03,263.366
HDFC Focused Fund,118950,HDFC Focused Fund - Direct Plan - Growth Option,2025-09-04,262.544
HDFC Focused Fund,118950,HDFC Focused Fund - Direct Plan - Growth Option,2025-09-05,263.063
HDFC Focused Fund,118950,HDFC Focused Fund - Direct Plan - Growth Option,2025-09-08,263.894
HDFC Focused Fund,118950,HDFC Focused Fund - Direct Plan - Growth Option,2025-09-09,264.079
HDFC Focused Fund,118950,HDFC Focused Fund - Direct Plan - Growth Option,2025-09-10,264.793
HDFC Focused Fund,118950,HDFC Focused Fund - Direct Plan - Growth Option,2025-09-11,264.884
HDFC Focused Fund,118950,HDFC Focused Fund - Direct Plan - Growth Option,2025-09-12,265.894
HDFC Focused Fund,118950,HDFC Focused Fund - Direct Plan - Growth Option,2025-09-15,265.823
HDFC Focused Fund,118950,HDFC Focused Fund - Direct Plan - Growth Option,2025-09-16,268.3
HDFC Focused Fund,118950,HDFC Focused Fund - Direct Plan - Growth Option,2025-09-17,268.894
HDFC Focused Fund,118950,HDFC Focused Fund - Direct Plan - Growth Option,2025-09-18,270.341
HDFC Focused Fund,118950,HDFC Focused Fund - Direct Plan - Growth Option,2025-09-19,269.697
HDFC Focused Fund,118950,HDFC Focused Fund - Direct Plan - Growth Option,2025-09-22,268.467
HDFC Focused Fund,118950,HDFC Focused Fund - Direct Plan - Growth Option,2025-09-23,268.529
HDFC Focused Fund,118950,HDFC Focused Fund - Direct Plan - Growth Option,2025-09-24,267.809
HDFC Focused Fund,118950,HDFC Focused Fund - Direct Plan - Growth Option,2025-09-25,266.53
HDFC Focused Fund,118950,HDFC Focused Fund - Direct Plan - Growth Option,2025-09-26,263.599
HDFC Focused Fund,118950,HDFC Focused Fund - Direct Plan - Growth Option,2025-09-30,262.837
HDFC Focused Fund,118950,HDFC Focused Fund - Direct Plan - Growth Option,2025-10-01,265.082
HDFC Focused Fund,118950,HDFC Focused Fund - Direct Plan - Growth Option,2025-10-03,265.772
HDFC Focused Fund,118950,HDFC Focused Fund - Direct Plan - Growth Option,2025-10-06,267.334
HDFC Focused Fund,118950,HDFC Focused Fund - Direct Plan - Growth Option,2025-10-07,267.69
HDFC Focused Fund,118950,HDFC Focused Fund - Direct Plan - Growth Option,2025-10-08,266.866
HDFC Focused Fund,118950,HDFC Focused Fund - Direct Plan - Growth Option,2025-10-09,267.366
HDFC Focused Fund,118950,HDFC Focused Fund - Direct Plan - Growth Option,2025-10-10,269.164
HDFC Focused Fund,118950,HDFC Focused Fund - Direct Plan - Growth Option,2025-10-13,268.637
HDFC Focused Fund,118950,HDFC Focused Fund - Direct Plan - Growth Option,2025-10-14,267.43
HDFC Focused Fund,118950,HDFC Focused Fund - Direct Plan - Growth Option,2025-10-15,268.795
HDFC Focused Fund,118950,HDFC Focused Fund - Direct Plan - Growth Option,2025-10-16,271.424
HDFC Focused Fund,118950,HDFC Focused Fund - Direct Plan - Growth Option,2025-10-17,272.055
HDFC Focused Fund,118950,HDFC Focused Fund - Direct Plan - Growth Option,2025-10-20,272.634
HDFC Focused Fund,118950,HDFC Focused Fund - Direct Plan - Growth Option,2025-10-23,273.099
HDFC Focused Fund,118950,HDFC Focused Fund - Direct Plan - Growth Option,2025-10-24,271.468
HDFC Focused Fund,118950,HDFC Focused Fund - Direct Plan - Growth Option,2025-10-27,273.257
HDFC Focused Fund,118950,HDFC Focused Fund - Direct Plan - Growth Option,2025-10-28,273.194
HDFC Focused Fund,118950,HDFC Focused Fund - Direct Plan - Growth Option,2025-10-29,274.569
HDFC Focused Fund,118950,HDFC Focused Fund - Direct Plan - Growth Option,2025-10-30,273.2
HDFC Focused Fund,118950,HDFC Focused Fund - Direct Plan - Growth Option,2025-10-31,271.136
HDFC Focused Fund,118950,HDFC Focused Fund - Direct Plan - Growth Option,2025-11-03,271.997
HDFC Focused Fund,118950,HDFC Focused Fund - Direct Plan - Growth Option,2025-11-04,270.735
HDFC Focused Fund,118950,HDFC Focused Fund - Direct Plan - Growth Option,2025-11-06,268.876
HDFC Focused Fund,118950,HDFC Focused Fund - Direct Plan - Growth Option,2025-11-07,268.67
HDFC Focused Fund,118950,HDFC Focused Fund - Direct Plan - Growth Option,2025-11-10,269.335
HDFC Focused Fund,118950,HDFC Focused Fund - Direct Plan - Growth Option,2025-11-11,270.151
HDFC Focused Fund,118950,HDFC Focused Fund - Direct Plan - Growth Option,2025-11-12,270.624
HDFC Focused Fund,118950,HDFC Focused Fund - Direct Plan - Growth Option,2025-11-13,271.085
HDFC Focused Fund,118950,HDFC Focused Fund - Direct Plan - Growth Option,2025-11-14,270.993
HDFC Focused Fund,118950,HDFC Focused Fund - Direct Plan - Growth Option,2025-11-17,272.588
HDFC Focused Fund,118950,HDFC Focused Fund - Direct Plan - Growth Option,2025-11-18,272.257
HDFC Focused Fund,118950,HDFC Focused Fund - Direct Plan - Growth Option,2025-11-19,273.383
HDFC Focused Fund,118950,HDFC Focused Fund - Direct Plan - Growth Option,2025-11-20,273.884
HDFC Focused Fund,118950,HDFC Focused Fund - Direct Plan - Growth Option,2025-11-21,272.348
HDFC Focused Fund,118950,HDFC Focused Fund - Direct Plan - Growth Option,2025-11-24,272.105
HDFC Focused Fund,118950,HDFC Focused Fund - Direct Plan - Growth Option,2025-11-25,271.583
HDFC Focused Fund,118950,HDFC Focused Fund - Direct Plan - Growth Option,2025-11-26,273.559
HDFC Focused Fund,118950,HDFC Focused Fund - Direct Plan - Growth Option,2025-11-27,273.342
HDFC Focused Fund,118950,HDFC Focused Fund - Direct Plan - Growth Option,2025-11-28,272.821
HDFC Focused Fund,118950,HDFC Focused Fund - Direct Plan - Growth Option,2025-12-01,273.356
HDFC Focused Fund,118950,HDFC Focused Fund - Direct Plan - Growth Option,2025-12-02,271.844
HDFC Focused Fund,118950,HDFC Focused Fund - Direct Plan - Growth Option,2025-12-03,271.987
HDFC Focused Fund,118950,HDFC Focused Fund - Direct Plan - Growth Option,2025-12-04,271.856
HDFC Focused Fund,118950,HDFC Focused Fund - Direct Plan - Growth Option,2025-12-05,273.001
HDFC Focused Fund,118950,HDFC Focused Fund - Direct Plan - Growth Option,2025-12-08,270.531
HDFC Focused Fund,118950,HDFC Focused Fund - Direct Plan - Growth Option,2025-12-09,269.714
HDFC Focused Fund,118950,HDFC Focused Fund - Direct Plan - Growth Option,2025-12-10,269.097
HDFC Focused Fund,118950,HDFC Focused Fund - Direct Plan - Growth Option,2025-12-11,270.296
HDFC Focused Fund,118950,HDFC Focused Fund - Direct Plan - Growth Option,2025-12-12,271.478
HDFC Focused Fund,118950,HDFC Focused Fund - Direct Plan - Growth Option,2025-12-15,271.074
HDFC Focused Fund,118950,HDFC Focused Fund - Direct Plan - Growth Option,2025-12-16,269.023
HDFC Focused Fund,118950,HDFC Focused Fund - Direct Plan - Growth Option,2025-12-17,268.449
HDFC Focused Fund,118950,HDFC Focused Fund - Direct Plan - Growth Option,2025-12-18,268.135
HDFC Focused Fund,118950,HDFC Focused Fund - Direct Plan - Growth Option,2025-12-19,269.562
HDFC Focused Fund,118950,HDFC Focused Fund - Direct Plan - Growth Option,2025-12-22,270.794
HDFC Focused Fund,118950,HDFC Focused Fund - Direct Plan - Growth Option,2025-12-23,271.349
HDFC Focused Fund,118950,HDFC Focused Fund - Direct Plan - Growth Option,2025-12-24,270.979
HDFC Focused Fund,118950,HDFC Focused Fund - Direct Plan - Growth Option,2025-12-26,270.335
HDFC Focused Fund,118950,HDFC Focused Fund - Direct Plan - Growth Option,2025-12-29,269.395
HDFC Focused Fund,118950,HDFC Focused Fund - Direct Plan - Growth Option,2025-12-30,269.537
HDFC Focused Fund,118950,HDFC Focused Fund - Direct Plan - Growth Option,2025-12-31,271.952
HDFC Focused Fund,118950,HDFC Focused Fund - Direct Plan - Growth Option,2026-01-01,273.004
HDFC Focused Fund,118950,HDFC Focused Fund - Direct Plan - Growth Option,2026-01-02,274.703
HDFC Focused Fund,118950,HDFC Focused Fund - Direct Plan - Growth Option,2026-01-05,275.426
HDFC Focused Fund,118950,HDFC Focused Fund - Direct Plan - Growth Option,2026-01-06,276.102
HDFC Focused Fund,118950,HDFC Focused Fund - Direct Plan - Growth Option,2026-01-07,275.099
HDFC Focused Fund,118950,HDFC Focused Fund - Direct Plan - Growth Option,2026-01-08,273.46
HDFC Focused Fund,118950,HDFC Focused Fund - Direct Plan - Growth Option,2026-01-09,271.112
HDFC Focused Fund,118950,HDFC Focused Fund - Direct Plan - Growth Option,2026-01-12,271.503
HDFC Focused Fund,118950,HDFC Focused Fund - Direct Plan - Growth Option,2026-01-13,271.924
HDFC Focused Fund,118950,HDFC Focused Fund - Direct Plan - Growth Option,2026-01-14,271.486
HDFC Focused Fund,118950,HDFC Focused Fund - Direct Plan - Growth Option,2026-01-16,271.001
HDFC Focused Fund,118950,HDFC Focused Fund - Direct Plan - Growth Option,2026-01-19,270.811
HDFC Focused Fund,118950,HDFC Focused Fund - Direct Plan - Growth Option,2026-01-20,267.382
HDFC Focused Fund,118950,HDFC Focused Fund - Direct Plan - Growth Option,2026-01-21,265.851
HDFC Focused Fund,118950,HDFC Focused Fund - Direct Plan - Growth Option,2026-01-22,266.737
HDFC Focused Fund,118950,HDFC Focused Fund - Direct Plan - Growth Option,2026-01-23,263.617
HDFC Focused Fund,118950,HDFC Focused Fund - Direct Plan - Growth Option,2026-01-27,265.72
HDFC Focused Fund,118950,HDFC Focused Fund - Direct Plan - Growth Option,2026-01-28,266.562
HDFC Focused Fund,118950,HDFC Focused Fund - Direct Plan - Growth Option,2026-01-29,266.946
HDFC Focused Fund,118950,HDFC Focused Fund - Direct Plan - Growth Option,2026-01-30,266.801
HDFC Focused Fund,118950,HDFC Focused Fund - Direct Plan - Growth Option,2026-02-02,265.011
HDFC Focused Fund,118950,HDFC Focused Fund - Direct Plan - Growth Option,2026-02-03,270.944
HDFC Focused Fund,118950,HDFC Focused Fund - Direct Plan - Growth Option,2026-02-04,271.788
HDFC Focused Fund,118950,HDFC Focused Fund - Direct Plan - Growth Option,2026-02-05,271.171
HDFC Focused Fund,118950,HDFC Focused Fund - Direct Plan - Growth Option,2026-02-06,272.198
HDFC Focused Fund,118950,HDFC Focused Fund - Direct Plan - Growth Option,2026-02-09,274.399
HDFC Focused Fund,118950,HDFC Focused Fund - Direct Plan - Growth Option,2026-02-10,275.458
HDFC Focused Fund,118950,HDFC Focused Fund - Direct Plan - Growth Option,2026-02-11,276.27
HDFC Focused Fund,118950,HDFC Focused Fund - Direct Plan - Growth Option,2026-02-12,275.633
HDFC Focused Fund,118950,HDFC Focused Fund - Direct Plan - Growth Option,2026-02-13,273.669
HDFC Focused Fund,118950,HDFC Focused Fund - Direct Plan - Growth Option,2026-02-16,275.54
HDFC Focused Fund,118950,HDFC Focused Fund - Direct Plan - Growth Option,2026-02-17,275.869
HDFC Focused Fund,118950,HDFC Focused Fund - Direct Plan - Growth Option,2026-02-18,276.827
HDFC Focused Fund,118950,HDFC Focused Fund - Direct Plan - Growth Option,2026-02-19,272.995
HDFC Focused Fund,118950,HDFC Focused Fund - Direct Plan - Growth Option,2026-02-20,274.182
HDFC Focused Fund,118950,HDFC Focused Fund - Direct Plan - Growth Option,2026-02-23,276.373
HDFC Focused Fund,118950,HDFC Focused Fund - Direct Plan - Growth Option,2026-02-24,273.904
HDFC Focused Fund,118950,HDFC Focused Fund - Direct Plan - Growth Option,2026-02-25,275.215
HDFC Focused Fund,118950,HDFC Focused Fund - Direct Plan - Growth Option,2026-02-26,275.226
HDFC Focused Fund,118950,HDFC Focused Fund - Direct Plan - Growth Option,2026-02-27,271.509
HDFC Focused Fund,118950,HDFC Focused Fund - Direct Plan - Growth Option,2026-03-02,268.051
HDFC Focused Fund,118950,HDFC Focused Fund - Direct Plan - Growth Option,2026-03-04,263.438
HDFC Focused Fund,118950,HDFC Focused Fund - Direct Plan - Growth Option,2026-03-05,265.337
HDFC Focused Fund,118950,HDFC Focused Fund - Direct Plan - Growth Option,2026-03-06,261.49
HDFC Focused Fund,118950,HDFC Focused Fund - Direct Plan - Growth Option,2026-03-09,255.611
HDFC Focused Fund,118950,HDFC Focused Fund - Direct Plan - Growth Option,2026-03-10,259.571
HDFC Focused Fund,118950,HDFC Focused Fund - Direct Plan - Growth Option,2026-03-11,256.108
HDFC Focused Fund,118950,HDFC Focused Fund - Direct Plan - Growth Option,2026-03-12,252.751
HDFC Focused Fund,118950,HDFC Focused Fund - Direct Plan - Growth Option,2026-03-13,247.233
HDFC Focused Fund,118950,HDFC Focused Fund - Direct Plan - Growth Option,2026-03-16,249.141
HDFC Focused Fund,118950,HDFC Focused Fund - Direct Plan - Growth Option,2026-03-17,251.409
HDFC Focused Fund,118950,HDFC Focused Fund - Direct Plan - Growth Option,2026-03-18,253.921
HDFC Focused Fund,118950,HDFC Focused Fund - Direct Plan - Growth Option,2026-03-19,246.322
HDFC Focused Fund,118950,HDFC Focused Fund - Direct Plan - Growth Option,2026-03-20,246.552
HDFC Focused Fund,118950,HDFC Focused Fund - Direct Plan - Growth Option,2026-03-23,240.546
HDFC Focused Fund,118950,HDFC Focused Fund - Direct Plan - Growth Option,2026-03-24,244.083
HDFC Focused Fund,118950,HDFC Focused Fund - Direct Plan - Growth Option,2026-03-25,248.278
HDFC Focused Fund,118950,HDFC Focused Fund - Direct Plan - Growth Option,2026-03-27,243.932
HDFC Focused Fund,118950,HDFC Focused Fund - Direct Plan - Growth Option,2026-03-30,238.132
HDFC Focused Fund,118950,HDFC Focused Fund - Direct Plan - Growth Option,2026-03-31,238.132
HDFC Focused Fund,118950,HDFC Focused Fund - Direct Plan - Growth Option,2026-04-01,241.475
HDFC Focused Fund,118950,HDFC Focused Fund - Direct Plan - Growth Option,2026-04-02,241.62
HDFC Focused Fund,118950,HDFC Focused Fund - Direct Plan - Growth Option,2026-04-06,244.959
HDFC Focused Fund,118950,HDFC Focused Fund - Direct Plan - Growth Option,2026-04-07,245.944
HDFC Focused Fund,118950,HDFC Focused Fund - Direct Plan - Growth Option,2026-04-08,255.877
HDFC Focused Fund,118950,HDFC Focused Fund - Direct Plan - Growth Option,2026-04-09,253.909
HDFC Focused Fund,118950,HDFC Focused Fund - Direct Plan - Growth Option,2026-04-10,257.972
HDFC Focused Fund,118950,HDFC Focused Fund - Direct Plan - Growth Option,2026-04-13,255.8
HDFC Focused Fund,118950,HDFC Focused Fund - Direct Plan - Growth Option,2026-04-15,259.413
HDFC Focused Fund,118950,HDFC Focused Fund - Direct Plan - Growth Option,2026-04-16,259.233
HDFC Focused Fund,118950,HDFC Focused Fund - Direct Plan - Growth Option,2026-04-17,260.855
HDFC Focused Fund,118950,HDFC Focused Fund - Direct Plan - Growth Option,2026-04-20,261.06
HDFC Focused Fund,118950,HDFC Focused Fund - Direct Plan - Growth Option,2026-04-21,263.414
HDFC Focused Fund,118950,HDFC Focused Fund - Direct Plan - Growth Option,2026-04-22,260.921
HDFC Focused Fund,118950,HDFC Focused Fund - Direct Plan - Growth Option,2026-04-23,258.642
HDFC Focused Fund,118950,HDFC Focused Fund - Direct Plan - Growth Option,2026-04-24,256.515
HDFC Focused Fund,118950,HDFC Focused Fund - Direct Plan - Growth Option,2026-04-27,258.467
HDFC Focused Fund,118950,HDFC Focused Fund - Direct Plan - Growth Option,2026-04-28,256.039
HDFC Focused Fund,118950,HDFC Focused Fund - Direct Plan - Growth Option,2026-04-29,256.455
HDFC Focused Fund,118950,HDFC Focused Fund - Direct Plan - Growth Option,2026-04-30,254.183
HDFC Focused Fund,118950,HDFC Focused Fund - Direct Plan - Growth Option,2026-05-04,254.865
HDFC Focused Fund,118950,HDFC Focused Fund - Direct Plan - Growth Option,2026-05-05,253.711
HDFC Focused Fund,118950,HDFC Focused Fund - Direct Plan - Growth Option,2026-05-06,258.589
HDFC Focused Fund,118950,HDFC Focused Fund - Direct Plan - Growth Option,2026-05-07,259.601
HDFC Focused Fund,118950,HDFC Focused Fund - Direct Plan - Growth Option,2026-05-08,257.363
HDFC Focused Fund,118950,HDFC Focused Fund - Direct Plan - Growth Option,2026-05-11,253.908
HDFC Focused Fund,118950,HDFC Focused Fund - Direct Plan - Growth Option,2026-05-12,249.539
HDFC Focused Fund,118950,HDFC Focused Fund - Direct Plan - Growth Option,2026-05-13,249.792
HDFC Focused Fund,118950,HDFC Focused Fund - Direct Plan - Growth Option,2026-05-14,252.82
HDFC Focused Fund,118950,HDFC Focused Fund - Direct Plan - Growth Option,2026-05-15,253.252
HDFC Focused Fund,118950,HDFC Focused Fund - Direct Plan - Growth Option,2026-05-18,251.301
HDFC Focused Fund,118950,HDFC Focused Fund - Direct Plan - Growth Option,2026-05-19,251.111
HDFC Focused Fund,118950,HDFC Focused Fund - Direct Plan - Growth Option,2026-05-20,250.823
HDFC Focused Fund,118950,HDFC Focused Fund - Direct Plan - Growth Option,2026-05-21,251.402
HDFC Focused Fund,118950,HDFC Focused Fund - Direct Plan - Growth Option,2026-05-22,252.448
HDFC Focused Fund,118950,HDFC Focused Fund - Direct Plan - Growth Option,2026-05-25,256.205
HDFC Focused Fund,118950,HDFC Focused Fund - Direct Plan - Growth Option,2026-05-26,254.939
HDFC Focused Fund,118950,HDFC Focused Fund - Direct Plan - Growth Option,2026-05-27,255.355
HDFC Focused Fund,118950,HDFC Focused Fund - Direct Plan - Growth Option,2026-05-29,252.203
HDFC Focused Fund,118950,HDFC Focused Fund - Direct Plan - Growth Option,2026-06-01,250.211
HDFC Focused Fund,118950,HDFC Focused Fund - Direct Plan - Growth Option,2026-06-02,250.628
HDFC Focused Fund,118950,HDFC Focused Fund - Direct Plan - Growth Option,2026-06-03,250.68
HDFC Focused Fund,118950,HDFC Focused Fund - Direct Plan - Growth Option,2026-06-04,251.412
HDFC Focused Fund,118950,HDFC Focused Fund - Direct Plan - Growth Option,2026-06-05,251.104
HDFC Focused Fund,118950,HDFC Focused Fund - Direct Plan - Growth Option,2026-06-08,249.297
HDFC Focused Fund,118950,HDFC Focused Fund - Direct Plan - Growth Option,2026-06-09,251.442
HDFC Focused Fund,118950,HDFC Focused Fund - Direct Plan - Growth Option,2026-06-10,251.022
HDFC Focused Fund,118950,HDFC Focused Fund - Direct Plan - Growth Option,2026-06-11,250.695
HDFC Focused Fund,118950,HDFC Focused Fund - Direct Plan - Growth Option,2026-06-12,255.701
HDFC Focused Fund,118950,HDFC Focused Fund - Direct Plan - Growth Option,2026-06-15,258.236
HDFC Focused Fund,118950,HDFC Focused Fund - Direct Plan - Growth Option,2026-06-16,258.902
HDFC Focused Fund,118950,HDFC Focused Fund - Direct Plan - Growth Option,2026-06-17,259.806
HDFC Focused Fund,118950,HDFC Focused Fund - Direct Plan - Growth Option,2026-06-18,261.316
HDFC Focused Fund,118950,HDFC Focused Fund - Direct Plan - Growth Option,2026-06-19,261.302
HDFC Focused Fund,118950,HDFC Focused Fund - Direct Plan - Growth Option,2026-06-22,262.81
HDFC Focused Fund,118950,HDFC Focused Fund - Direct Plan - Growth Option,2026-06-23,261.222
HDFC Focused Fund,118950,HDFC Focused Fund - Direct Plan - Growth Option,2026-06-24,263.247
HDFC Focused Fund,118950,HDFC Focused Fund - Direct Plan - Growth Option,2026-06-25,263.721
HDFC Focused Fund,118950,HDFC Focused Fund - Direct Plan - Growth Option,2026-06-29,262.482
HDFC Focused Fund,118950,HDFC Focused Fund - Direct Plan - Growth Option,2026-06-30,262.511
HDFC Focused Fund,118950,HDFC Focused Fund - Direct Plan - Growth Option,2026-07-01,264.654
HDFC Focused Fund,118950,HDFC Focused Fund - Direct Plan - Growth Option,2026-07-02,265.882
HDFC Focused Fund,118950,HDFC Focused Fund - Direct Plan - Growth Option,2026-07-03,266.567
HDFC Focused Fund,118950,HDFC Focused Fund - Direct Plan - Growth Option,2026-07-06,267.883
HDFC Focused Fund,118950,HDFC Focused Fund - Direct Plan - Growth Option,2026-07-07,268.317
HDFC Focused Fund,118950,HDFC Focused Fund - Direct Plan - Growth Option,2026-07-08,262.861
HDFC Focused Fund,118950,HDFC Focused Fund - Direct Plan - Growth Option,2026-07-09,264.652
HDFC Focused Fund,118950,HDFC Focused Fund - Direct Plan - Growth Option,2026-07-10,267.103
HDFC Focused Fund,118950,HDFC Focused Fund - Direct Plan - Growth Option,2026-07-13,267.222
HDFC Focused Fund,118950,HDFC Focused Fund - Direct Plan - Growth Option,2026-07-14,265.339
HDFC Focused Fund,118950,HDFC Focused Fund - Direct Plan - Growth Option,2026-07-15,266.569
HDFC Focused Fund,118950,HDFC Focused Fund - Direct Plan - Growth Option,2026-07-16,266.375
HDFC Focused Fund,118950,HDFC Focused Fund - Direct Plan - Growth Option,2026-07-17,268.138
HDFC Focused Fund,118950,HDFC Focused Fund - Direct Plan - Growth Option,2026-07-20,266.764
HDFC Focused Fund,118950,HDFC Focused Fund - Direct Plan - Growth Option,2026-07-21,267.326
HDFC Focused Fund,118950,HDFC Focused Fund - Direct Plan - Growth Option,2026-07-22,264.779
HDFC Focused Fund,118950,HDFC Focused Fund - Direct Plan - Growth Option,2026-07-23,263.532
HDFC Focused Fund,118950,HDFC Focused Fund - Direct Plan - Growth Option,2026-07-24,263.167
HDFC Focused Fund,118950,HDFC Focused Fund - Direct Plan - Growth Option,2026-07-27,265.898
HDFC Focused Fund,118950,HDFC Focused Fund - Direct Plan - Growth Option,2026-07-28,266.355
HDFC Focused Fund,118950,HDFC Focused Fund - Direct Plan - Growth Option,2026-07-29,268.182
HDFC Focused Fund,118950,HDFC Focused Fund - Direct Plan - Growth Option,2026-07-30,268.739
HDFC Focused Fund,118950,HDFC Focused Fund - Direct Plan - Growth Option,2026-07-31,268.894
HDFC Focused Fund,118950,HDFC Focused Fund - Direct Plan - Growth Option,2026-08-03,273.079
HDFC Focused Fund,118950,HDFC Focused Fund - Direct Plan - Growth Option,2026-08-04,272.448
HDFC Focused Fund,118950,HDFC Focused Fund - Direct Plan - Growth Option,2026-08-05,272.356
HDFC Focused Fund,118950,HDFC Focused Fund - Direct Plan - Growth Option,2026-08-06,271.896
HDFC Focused Fund,118950,HDFC Focused Fund - Direct Plan - Growth Option,2026-08-07,271.463
HDFC Focused Fund,118950,HDFC Focused Fund - Direct Plan - Growth Option,2026-08-10,270.983
HDFC Focused Fund,118950,HDFC Focused Fund - Direct Plan - Growth Option,2026-08-11,270.567
HDFC Focused Fund,118950,HDFC Focused Fund - Direct Plan - Growth Option,2026-08-12,270.9
HDFC Focused Fund,118950,HDFC Focused Fund - Direct Plan - Growth Option,2026-08-13,270.593
HDFC Focused Fund,118950,HDFC Focused Fund - Direct Plan - Growth Option,2026-08-14,270.406
HDFC Focused Fund,118950,HDFC Focused Fund - Direct Plan - Growth Option,2026-08-17,269.692
HDFC Focused Fund,118950,HDFC Focused Fund - Direct Plan - Growth Option,2026-08-18,268.579
HDFC Focused Fund,118950,HDFC Focused Fund - Direct Plan - Growth Option,2026-08-19,268.575
HDFC Focused Fund,118950,HDFC Focused Fund - Direct Plan - Growth Option,2026-08-20,269.965
HDFC Focused Fund,118950,HDFC Focused Fund - Direct Plan - Growth Option,2026-08-21,270.023
HDFC Focused Fund,118950,HDFC Focused Fund - Direct Plan - Growth Option,2026-08-24,269.925
HDFC Focused Fund,118950,HDFC Focused Fund - Direct Plan - Growth Option,2026-08-25,271.294
HDFC Focused Fund,118950,HDFC Focused Fund - Direct Plan - Growth Option,2026-08-26,271.737
HDFC Focused Fund,118950,HDFC Focused Fund - Direct Plan - Growth Option,2026-08-27,271.293
HDFC Focused Fund,118950,HDFC Focused Fund - Direct Plan - Growth Option,2026-08-28,271.318
HDFC Focused Fund,118950,HDFC Focused Fund - Direct Plan - Growth Option,2026-08-31,272.002
HDFC Focused Fund,118950,HDFC Focused Fund - Direct Plan - Growth Option,2026-09-01,270.073
HDFC Focused Fund,118950,HDFC Focused Fund - Direct Plan - Growth Option,2026-09-02,268.007
HDFC Focused Fund,118950,HDFC Focused Fund - Direct Plan - Growth Option,2026-09-03,268.197
HDFC Focused Fund,118950,HDFC Focused Fund - Direct Plan - Growth Option,2026-09-04,267.805
HDFC Focused Fund,118950,HDFC Focused Fund - Direct Plan - Growth Option,2026-09-07,267.281
HDFC Focused Fund,118950,HDFC Focused Fund - Direct Plan - Growth Option,2026-09-08,266.022
HDFC Focused Fund,118950,HDFC Focused Fund - Direct Plan - Growth Option,2026-09-09,264.362
HDFC Focused Fund,118950,HDFC Focused Fund - Direct Plan - Growth Option,2026-09-10,264.126
HDFC Focused Fund,118950,HDFC Focused Fund - Direct Plan - Growth Option,2026-09-11,263.314
HDFC Focused Fund,118950,HDFC Focused Fund - Direct Plan - Growth Option,2026-09-15,259.137
HDFC Focused Fund,118950,HDFC Focused Fund - Direct Plan - Growth Option,2026-09-16,260.687
HDFC Focused Fund,118950,HDFC Focused Fund - Direct Plan - Growth Option,2026-09-17,261.913
HDFC Focused Fund,118950,HDFC Focused Fund - Direct Plan - Growth Option,2026-09-18,263.64
HDFC Focused Fund,118950,HDFC Focused Fund - Direct Plan - Growth Option,2026-09-21,264.194
HDFC Focused Fund,118950,HDFC Focused Fund - Direct Plan - Growth Option,2026-09-22,263.718
HDFC Focused Fund,118950,HDFC Focused Fund - Direct Plan - Growth Option,2026-09-23,264.472
HDFC Focused Fund,118950,HDFC Focused Fund - Direct Plan - Growth Option,2026-09-24,260.945
HDFC Focused Fund,118950,HDFC Focused Fund - Direct Plan - Growth Option,2026-09-25,261.785
HDFC Focused Fund,118950,HDFC Focused Fund - Direct Plan - Growth Option,2026-09-28,257.893
HDFC Focused Fund,118950,HDFC Focused Fund - Direct Plan - Growth Option,2026-09-29,256.787
HDFC Focused Fund,118950,HDFC Focused Fund - Direct Plan - Growth Option,2026-09-30,256.258
HDFC Focused Fund,118950,HDFC Focused Fund - Direct Plan - Growth Option,2026-10-01,254.884
